timestamp,price_tl_mwh,solar_kw,demand_kw
2025-07-15 00:00:00,3230.0,0.0,0.26898396015167236
2025-07-15 01:00:00,3155.0,0.0,0.21534687280654907
2025-07-15 02:00:00,2910.11,0.0,0.21379391849040985
2025-07-15 03:00:00,2919.99,0.0,0.20465649664402008
2025-07-15 04:00:00,2783.64,0.0,0.20425055921077728
2025-07-15 05:00:00,2932.01,0.040458,0.21004146337509155
2025-07-15 06:00:00,2843.0,0.434808,0.23445755243301392
2025-07-15 07:00:00,1399.99,0.9393579999999999,0.43851977586746216
2025-07-15 08:00:00,1599.98,1.854831,0.47530439496040344
2025-07-15 09:00:00,1599.98,1.761026,0.46466636657714844
2025-07-15 10:00:00,1401.0,1.9109939999999999,0.4668322801589966
2025-07-15 11:00:00,1600.0,2.342858,0.43675315380096436
2025-07-15 12:00:00,999.99,3.048741,0.4225742220878601
2025-07-15 13:00:00,1599.97,2.912841,0.40564998984336853
2025-07-15 14:00:00,1900.0,2.589149,0.3984273076057434
2025-07-15 15:00:00,2340.0,2.1219259999999998,0.37230804562568665
2025-07-15 16:00:00,2999.99,1.513431,0.4352547824382782
2025-07-15 17:00:00,2919.99,0.7739450000000001,0.5098194479942322
2025-07-15 18:00:00,2700.0,0.187328,0.5327286124229431
2025-07-15 19:00:00,3360.0,0.015098,0.5045793652534485
2025-07-15 20:00:00,3399.45,0.0,0.5285993218421936
2025-07-15 21:00:00,3399.45,0.0,0.49092501401901245
2025-07-15 22:00:00,3223.0,0.0,0.4755207896232605
2025-07-15 23:00:00,3064.0,0.0,0.4375992715358734
2025-07-16 00:00:00,3300.0,0.0,0.28789761662483215
2025-07-16 01:00:00,3200.01,0.0,0.2211482971906662
2025-07-16 02:00:00,3100.01,0.0,0.20719090104103088
2025-07-16 03:00:00,3000.0,0.0,0.21209537982940674
2025-07-16 04:00:00,2926.21,0.0,0.2062581330537796
2025-07-16 05:00:00,2919.99,0.040573,0.2085028737783432
2025-07-16 06:00:00,2906.6,0.436428,0.23414741456508636
2025-07-16 07:00:00,2419.99,1.160148,0.4042152762413025
2025-07-16 08:00:00,3000.08,1.844463,0.4724653661251068
2025-07-16 09:00:00,3181.96,2.399264,0.46995043754577637
2025-07-16 10:00:00,3170.01,2.793529,0.44747233390808105
2025-07-16 11:00:00,2600.0,3.021888,0.3987793028354645
2025-07-16 12:00:00,2438.38,3.0570410000000003,0.43380144238471985
2025-07-16 13:00:00,3098.39,2.894325,0.4306486248970032
2025-07-16 14:00:00,3281.96,2.562035,0.3828585743904114
2025-07-16 15:00:00,3094.27,2.070359,0.365852952003479
2025-07-16 16:00:00,3281.97,1.457905,0.42787912487983704
2025-07-16 17:00:00,3359.99,0.7529239999999999,0.5035481452941895
2025-07-16 18:00:00,3300.0,0.22433799999999998,0.5246390700340271
2025-07-16 19:00:00,3400.0,0.00775,0.5287449955940247
2025-07-16 20:00:00,3399.45,0.0,0.5601099729537964
2025-07-16 21:00:00,3399.46,0.0,0.49061042070388794
2025-07-16 22:00:00,3400.0,0.0,0.48583635687828064
2025-07-16 23:00:00,3342.0,0.0,0.4646877348423004
2025-07-17 00:00:00,3399.46,0.0,0.3233714699745178
2025-07-17 01:00:00,3338.38,0.0,0.2219470739364624
2025-07-17 02:00:00,3300.0,0.0,0.20767591893672943
2025-07-17 03:00:00,3300.0,0.0,0.20831385254859924
2025-07-17 04:00:00,3295.39,0.0,0.20928141474723816
2025-07-17 05:00:00,3338.38,0.036564,0.21512936055660248
2025-07-17 06:00:00,3246.04,0.064928,0.23986577987670898
2025-07-17 07:00:00,2950.0,1.007927,0.40269044041633606
2025-07-17 08:00:00,3356.08,0.587866,0.4768279194831848
2025-07-17 09:00:00,3355.01,2.19953,0.482276976108551
2025-07-17 10:00:00,3202.97,2.619779,0.4584610164165497
2025-07-17 11:00:00,3068.0,0.9462849999999999,0.4317503273487091
2025-07-17 12:00:00,2900.0,1.514448,0.4098956882953644
2025-07-17 13:00:00,3144.25,2.782009,0.44226938486099243
2025-07-17 14:00:00,3200.0,2.476859,0.41760721802711487
2025-07-17 15:00:00,3200.01,2.007427,0.38245052099227905
2025-07-17 16:00:00,3359.99,0.37967,0.41222378611564636
2025-07-17 17:00:00,3400.0,0.241897,0.47071555256843567
2025-07-17 18:00:00,3400.0,0.18208600000000003,0.5106577277183533
2025-07-17 19:00:00,3400.0,0.006036,0.5147078037261963
2025-07-17 20:00:00,3400.0,0.0,0.5588763356208801
2025-07-17 21:00:00,3400.0,0.0,0.47855299711227417
2025-07-17 22:00:00,3400.0,0.0,0.4688299596309662
2025-07-17 23:00:00,3400.0,0.0,0.41760510206222534
2025-07-18 00:00:00,3400.0,0.0,0.28805238008499146
2025-07-18 01:00:00,3378.1,0.0,0.22253291308879852
2025-07-18 02:00:00,3298.39,0.0,0.20791663229465485
2025-07-18 03:00:00,3200.0,0.0,0.20724274218082428
2025-07-18 04:00:00,3359.99,0.0,0.20562885701656342
2025-07-18 05:00:00,3344.24,0.028294,0.21668247878551483
2025-07-18 06:00:00,3198.11,0.0,0.23746660351753235
2025-07-18 07:00:00,2980.01,0.33004500000000003,0.3812204897403717
2025-07-18 08:00:00,3359.01,0.072082,0.447581022977829
2025-07-18 09:00:00,3320.0,0.635976,0.42770659923553467
2025-07-18 10:00:00,3199.86,0.416599,0.4790603220462799
2025-07-18 11:00:00,3000.0,0.571365,0.41644302010536194
2025-07-18 12:00:00,2660.0,1.699884,0.42568856477737427
2025-07-18 13:00:00,2780.0,1.2927650000000002,0.4166909456253052
2025-07-18 14:00:00,3129.99,2.421971,0.4153825342655182
2025-07-18 15:00:00,3092.01,1.974192,0.32879820466041565
2025-07-18 16:00:00,3298.38,1.400625,0.3798695504665375
2025-07-18 17:00:00,3400.0,0.519544,0.4357113540172577
2025-07-18 18:00:00,3400.0,0.0,0.49231138825416565
2025-07-18 19:00:00,3400.0,0.002588,0.4847646653652191
2025-07-18 20:00:00,3400.0,0.0,0.5071137547492981
2025-07-18 21:00:00,3400.0,0.0,0.5001325607299805
2025-07-18 22:00:00,3400.0,0.0,0.4647517502307892
2025-07-18 23:00:00,3360.31,0.0,0.40848708152770996
2025-07-19 00:00:00,3400.0,0.0,0.29737749695777893
2025-07-19 01:00:00,3320.0,0.0,0.2316773533821106
2025-07-19 02:00:00,3200.0,0.0,0.21567264199256897
2025-07-19 03:00:00,3299.87,0.0,0.20551079511642456
2025-07-19 04:00:00,3301.0,0.0,0.2050059586763382
2025-07-19 05:00:00,3129.99,0.04378,0.21040786802768707
2025-07-19 06:00:00,2994.86,0.403312,0.22612938284873962
2025-07-19 07:00:00,2538.39,1.05392,0.2823091745376587
2025-07-19 08:00:00,3180.01,1.731568,0.42178258299827576
2025-07-19 09:00:00,3198.44,2.29881,0.4553951323032379
2025-07-19 10:00:00,2876.16,2.7187390000000002,0.44666787981987
2025-07-19 11:00:00,2395.01,2.9941489999999997,0.4018254280090332
2025-07-19 12:00:00,1719.99,3.0281350000000002,0.39837777614593506
2025-07-19 13:00:00,2538.38,2.891587,0.3703742027282715
2025-07-19 14:00:00,2538.39,2.595093,0.39793363213539124
2025-07-19 15:00:00,2538.38,2.114935,0.3775829076766968
2025-07-19 16:00:00,2902.0,1.501587,0.4162933826446533
2025-07-19 17:00:00,3077.01,0.75195,0.491467148065567
2025-07-19 18:00:00,3200.0,0.163959,0.5203880071640015
2025-07-19 19:00:00,3400.0,0.011427,0.5267828702926636
2025-07-19 20:00:00,3400.0,0.0,0.505111038684845
2025-07-19 21:00:00,3400.0,0.0,0.44993388652801514
2025-07-19 22:00:00,3400.0,0.0,0.43476182222366333
2025-07-19 23:00:00,3067.99,0.0,0.428544819355011
2025-07-20 00:00:00,3300.01,0.0,0.3002273440361023
2025-07-20 01:00:00,3250.0,0.0,0.24587346613407135
2025-07-20 02:00:00,3120.01,0.0,0.21505938470363617
2025-07-20 03:00:00,2801.0,0.0,0.20447741448879242
2025-07-20 04:00:00,2890.96,0.0,0.20320925116539001
2025-07-20 05:00:00,3120.71,0.039218,0.21156972646713257
2025-07-20 06:00:00,3400.0,0.407074,0.22153212130069733
2025-07-20 07:00:00,3040.02,1.07758,0.2766542434692383
2025-07-20 08:00:00,1719.98,1.7456800000000001,0.413380891084671
2025-07-20 09:00:00,1599.98,2.294922,0.4363984763622284
2025-07-20 10:00:00,1599.98,2.711754,0.45945441722869873
2025-07-20 11:00:00,1399.99,2.989694,0.44951796531677246
2025-07-20 12:00:00,1343.1,2.2236320000000003,0.4597824811935425
2025-07-20 13:00:00,1597.0,2.913929,0.3615110218524933
2025-07-20 14:00:00,1599.98,2.605924,0.3720608055591583
2025-07-20 15:00:00,1599.97,2.120293,0.37848544120788574
2025-07-20 16:00:00,1940.1,1.499569,0.4005674421787262
2025-07-20 17:00:00,2490.01,0.749524,0.4754082262516022
2025-07-20 18:00:00,3290.01,0.164836,0.4965813457965851
2025-07-20 19:00:00,3400.0,0.009602000000000001,0.5290745496749878
2025-07-20 20:00:00,3400.0,0.0,0.4859519600868225
2025-07-20 21:00:00,3400.0,0.0,0.4433407187461853
2025-07-20 22:00:00,3400.0,0.0,0.4315629005432129
2025-07-20 23:00:00,3348.48,0.0,0.39556407928466797
2025-07-21 00:00:00,3400.0,0.0,0.25197142362594604
2025-07-21 01:00:00,3348.47,0.0,0.21474774181842804
2025-07-21 02:00:00,3155.01,0.0,0.2038734257221222
2025-07-21 03:00:00,2920.0,0.0,0.19996678829193115
2025-07-21 04:00:00,2900.01,0.0,0.20199765264987946
2025-07-21 05:00:00,1900.0,0.030838,0.20593547821044922
2025-07-21 06:00:00,2401.0,0.403618,0.22857891023159027
2025-07-21 07:00:00,2749.07,1.118602,0.3836110532283783
2025-07-21 08:00:00,3304.33,1.808436,0.45662400126457214
2025-07-21 09:00:00,3304.34,2.362109,0.41626468300819397
2025-07-21 10:00:00,3250.0,2.773848,0.449553906917572
2025-07-21 11:00:00,3199.78,2.9856100000000003,0.4692368805408478
2025-07-21 12:00:00,2749.08,3.020653,0.43063023686408997
2025-07-21 13:00:00,3092.0,2.904212,0.4295588433742523
2025-07-21 14:00:00,2841.0,2.5986350000000003,0.4112197458744049
2025-07-21 15:00:00,3130.0,2.120104,0.3410564363002777
2025-07-21 16:00:00,3400.0,1.505897,0.42186811566352844
2025-07-21 17:00:00,3400.0,0.752838,0.45815032720565796
2025-07-21 18:00:00,3400.0,0.162043,0.523892879486084
2025-07-21 19:00:00,3400.0,0.009593,0.532249391078949
2025-07-21 20:00:00,3400.0,0.0,0.5317426323890686
2025-07-21 21:00:00,3400.0,0.0,0.5049595236778259
2025-07-21 22:00:00,3400.0,0.0,0.5028773546218872
2025-07-21 23:00:00,3400.0,0.0,0.4380020201206207
2025-07-22 00:00:00,3400.0,0.0,0.26898396015167236
2025-07-22 01:00:00,3345.08,0.0,0.21534687280654907
2025-07-22 02:00:00,3193.64,0.0,0.21379391849040985
2025-07-22 03:00:00,3121.85,0.0,0.20465649664402008
2025-07-22 04:00:00,3300.0,0.0,0.20425055921077728
2025-07-22 05:00:00,3299.99,0.028468,0.21004146337509155
2025-07-22 06:00:00,3120.0,0.405608,0.23445755243301392
2025-07-22 07:00:00,2950.01,1.143029,0.43851977586746216
2025-07-22 08:00:00,3308.82,1.83954,0.47530439496040344
2025-07-22 09:00:00,3300.01,2.400406,0.46466636657714844
2025-07-22 10:00:00,3135.33,2.785399,0.4668322801589966
2025-07-22 11:00:00,2987.99,3.030055,0.43675315380096436
2025-07-22 12:00:00,2950.0,3.077267,0.4225742220878601
2025-07-22 13:00:00,3100.0,2.9382979999999996,0.40564998984336853
2025-07-22 14:00:00,2910.11,2.622429,0.3984273076057434
2025-07-22 15:00:00,3199.99,2.155595,0.37230804562568665
2025-07-22 16:00:00,3400.0,1.529772,0.4352547824382782
2025-07-22 17:00:00,3400.0,0.757618,0.5098194479942322
2025-07-22 18:00:00,3400.0,0.146624,0.5327286124229431
2025-07-22 19:00:00,3400.0,0.007772,0.5045793652534485
2025-07-22 20:00:00,3400.0,0.0,0.5285993218421936
2025-07-22 21:00:00,3400.0,0.0,0.49092501401901245
2025-07-22 22:00:00,3400.0,0.0,0.4755207896232605
2025-07-22 23:00:00,3400.0,0.0,0.4375992715358734
2025-07-23 00:00:00,3400.0,0.0,0.28789761662483215
2025-07-23 01:00:00,3400.0,0.0,0.2211482971906662
2025-07-23 02:00:00,3400.0,0.0,0.20719090104103088
2025-07-23 03:00:00,3400.0,0.0,0.21209537982940674
2025-07-23 04:00:00,3371.06,0.0,0.2062581330537796
2025-07-23 05:00:00,3344.37,0.026116,0.2085028737783432
2025-07-23 06:00:00,3130.0,0.395808,0.23414741456508636
2025-07-23 07:00:00,2987.99,1.105636,0.4042152762413025
2025-07-23 08:00:00,3399.98,1.7639760000000002,0.4724653661251068
2025-07-23 09:00:00,3371.01,2.2808859999999997,0.46995043754577637
2025-07-23 10:00:00,3240.0,2.6241529999999997,0.44747233390808105
2025-07-23 11:00:00,3178.01,2.820802,0.3987793028354645
2025-07-23 12:00:00,2950.0,2.862382,0.43380144238471985
2025-07-23 13:00:00,3078.01,2.7565169999999997,0.4306486248970032
2025-07-23 14:00:00,2801.01,2.489772,0.3828585743904114
2025-07-23 15:00:00,3178.0,2.039604,0.365852952003479
2025-07-23 16:00:00,3400.0,1.450432,0.42787912487983704
2025-07-23 17:00:00,3400.0,0.726604,0.5035481452941895
2025-07-23 18:00:00,3400.0,0.15622999999999998,0.5246390700340271
2025-07-23 19:00:00,3400.0,0.0,0.5287449955940247
2025-07-23 20:00:00,3400.0,0.0,0.5601099729537964
2025-07-23 21:00:00,3400.0,0.0,0.49061042070388794
2025-07-23 22:00:00,3400.0,0.0,0.48583635687828064
2025-07-23 23:00:00,3169.38,0.0,0.4646877348423004
2025-07-24 00:00:00,3400.0,0.0,0.3233714699745178
2025-07-24 01:00:00,3300.0,0.0,0.2219470739364624
2025-07-24 02:00:00,3120.0,0.0,0.20767591893672943
2025-07-24 03:00:00,3199.99,0.0,0.20831385254859924
2025-07-24 04:00:00,2900.01,0.0,0.20928141474723816
2025-07-24 05:00:00,2599.99,0.026314,0.21512936055660248
2025-07-24 06:00:00,2350.0,0.37924599999999997,0.23986577987670898
2025-07-24 07:00:00,2796.07,1.057304,0.40269044041633606
2025-07-24 08:00:00,3199.99,1.7152360000000002,0.4768279194831848
2025-07-24 09:00:00,3199.99,2.248335,0.482276976108551
2025-07-24 10:00:00,2949.99,2.6258359999999996,0.4584610164165497
2025-07-24 11:00:00,3084.01,2.860733,0.4317503273487091
2025-07-24 12:00:00,2896.4,2.9101329999999996,0.4098956882953644
2025-07-24 13:00:00,3030.07,2.794575,0.44226938486099243
2025-07-24 14:00:00,3130.0,2.493422,0.41760721802711487
2025-07-24 15:00:00,3200.0,2.040261,0.38245052099227905
2025-07-24 16:00:00,3400.0,1.4448800000000002,0.41222378611564636
2025-07-24 17:00:00,3400.0,0.716705,0.47071555256843567
2025-07-24 18:00:00,3400.0,0.180428,0.5106577277183533
2025-07-24 19:00:00,3400.0,0.0,0.5147078037261963
2025-07-24 20:00:00,3400.0,0.0,0.5588763356208801
2025-07-24 21:00:00,3400.0,0.0,0.47855299711227417
2025-07-24 22:00:00,3400.0,0.0,0.4688299596309662
2025-07-24 23:00:00,3300.01,0.0,0.41760510206222534
2025-07-25 00:00:00,3348.47,0.0,0.28805238008499146
2025-07-25 01:00:00,3250.0,0.0,0.22253291308879852
2025-07-25 02:00:00,3105.75,0.0,0.20791663229465485
2025-07-25 03:00:00,3198.01,0.0,0.20724274218082428
2025-07-25 04:00:00,2944.44,0.0,0.20562885701656342
2025-07-25 05:00:00,2910.32,0.021084,0.21668247878551483
2025-07-25 06:00:00,2150.0,0.383327,0.23746660351753235
2025-07-25 07:00:00,2799.0,1.088249,0.3812204897403717
2025-07-25 08:00:00,3211.2,1.7481820000000001,0.447581022977829
2025-07-25 09:00:00,3299.99,2.2573440000000002,0.42770659923553467
2025-07-25 10:00:00,3067.99,2.6006799999999997,0.4790603220462799
2025-07-25 11:00:00,3110.69,2.757226,0.41644302010536194
2025-07-25 12:00:00,2877.34,2.771616,0.42568856477737427
2025-07-25 13:00:00,2814.95,2.634348,0.4166909456253052
2025-07-25 14:00:00,3198.01,2.334264,0.4153825342655182
2025-07-25 15:00:00,2991.0,1.866051,0.32879820466041565
2025-07-25 16:00:00,3331.18,1.30065,0.3798695504665375
2025-07-25 17:00:00,3400.0,0.6896169999999999,0.4357113540172577
2025-07-25 18:00:00,3000.0,0.20666900000000002,0.49231138825416565
2025-07-25 19:00:00,3350.01,0.0,0.4847646653652191
2025-07-25 20:00:00,3400.0,0.0,0.5071137547492981
2025-07-25 21:00:00,3400.0,0.0,0.5001325607299805
2025-07-25 22:00:00,3299.99,0.0,0.4647517502307892
2025-07-25 23:00:00,3200.01,0.0,0.40848708152770996
2025-07-26 00:00:00,3400.0,0.0,0.29737749695777893
2025-07-26 01:00:00,3378.1,0.0,0.2316773533821106
2025-07-26 02:00:00,3094.0,0.0,0.21567264199256897
2025-07-26 03:00:00,3319.99,0.0,0.20551079511642456
2025-07-26 04:00:00,3299.99,0.0,0.2050059586763382
2025-07-26 05:00:00,3331.19,0.020753,0.21040786802768707
2025-07-26 06:00:00,3147.77,0.36362900000000004,0.22612938284873962
2025-07-26 07:00:00,2399.99,1.017208,0.2823091745376587
2025-07-26 08:00:00,2799.01,1.634982,0.42178258299827576
2025-07-26 09:00:00,2920.0,2.096136,0.4553951323032379
2025-07-26 10:00:00,2919.99,2.457485,0.44666787981987
2025-07-26 11:00:00,2920.0,2.672754,0.4018254280090332
2025-07-26 12:00:00,2819.99,2.690467,0.39837777614593506
2025-07-26 13:00:00,2987.74,2.592897,0.3703742027282715
2025-07-26 14:00:00,3200.01,2.353675,0.39793363213539124
2025-07-26 15:00:00,2274.99,1.953798,0.3775829076766968
2025-07-26 16:00:00,2700.0,1.393668,0.4162933826446533
2025-07-26 17:00:00,3320.0,0.701751,0.491467148065567
2025-07-26 18:00:00,3400.0,0.174715,0.5203880071640015
2025-07-26 19:00:00,3400.0,0.0,0.5267828702926636
2025-07-26 20:00:00,3400.0,0.0,0.505111038684845
2025-07-26 21:00:00,3400.0,0.0,0.44993388652801514
2025-07-26 22:00:00,3400.0,0.0,0.43476182222366333
2025-07-26 23:00:00,3400.0,0.0,0.428544819355011
2025-07-27 00:00:00,3400.0,0.0,0.3002273440361023
2025-07-27 01:00:00,3380.01,0.0,0.24587346613407135
2025-07-27 02:00:00,3250.01,0.0,0.21505938470363617
2025-07-27 03:00:00,3289.01,0.0,0.20447741448879242
2025-07-27 04:00:00,3250.01,0.0,0.20320925116539001
2025-07-27 05:00:00,3155.01,0.020251,0.21156972646713257
2025-07-27 06:00:00,3320.01,0.359985,0.22153212130069733
2025-07-27 07:00:00,3230.01,1.021797,0.2766542434692383
2025-07-27 08:00:00,2700.0,1.6466969999999999,0.413380891084671
2025-07-27 09:00:00,1724.99,2.105455,0.4363984763622284
2025-07-27 10:00:00,1999.99,2.419823,0.45945441722869873
2025-07-27 11:00:00,2910.1,2.63942,0.44951796531677246
2025-07-27 12:00:00,2864.0,2.704527,0.4597824811935425
2025-07-27 13:00:00,3250.0,2.616453,0.3615110218524933
2025-07-27 14:00:00,3199.69,2.343631,0.3720608055591583
2025-07-27 15:00:00,2950.01,1.901576,0.37848544120788574
2025-07-27 16:00:00,3250.0,1.3393140000000001,0.4005674421787262
2025-07-27 17:00:00,3400.0,0.0,0.4754082262516022
2025-07-27 18:00:00,3388.87,0.0,0.4965813457965851
2025-07-27 19:00:00,3400.0,0.0,0.5290745496749878
2025-07-27 20:00:00,3400.0,0.0,0.4859519600868225
2025-07-27 21:00:00,3400.0,0.0,0.4433407187461853
2025-07-27 22:00:00,3400.0,0.0,0.4315629005432129
2025-07-27 23:00:00,3400.0,0.0,0.39556407928466797
2025-07-28 00:00:00,3400.0,0.0,0.25197142362594604
2025-07-28 01:00:00,3400.0,0.0,0.21474774181842804
2025-07-28 02:00:00,3300.0,0.0,0.2038734257221222
2025-07-28 03:00:00,3300.0,0.0,0.19996678829193115
2025-07-28 04:00:00,3250.01,0.0,0.20199765264987946
2025-07-28 05:00:00,3250.0,0.022187000000000002,0.20593547821044922
2025-07-28 06:00:00,3319.99,0.28758100000000003,0.22857891023159027
2025-07-28 07:00:00,3250.01,1.0636430000000001,0.3836110532283783
2025-07-28 08:00:00,3400.0,0.84478,0.45662400126457214
2025-07-28 09:00:00,3400.0,0.39501600000000003,0.41626468300819397
2025-07-28 10:00:00,3400.0,2.167432,0.449553906917572
2025-07-28 11:00:00,3400.0,2.524949,0.4692368805408478
2025-07-28 12:00:00,3250.01,2.995011,0.43063023686408997
2025-07-28 13:00:00,3400.0,2.846542,0.4295588433742523
2025-07-28 14:00:00,3400.0,2.168725,0.4112197458744049
2025-07-28 15:00:00,3400.0,2.020142,0.3410564363002777
2025-07-28 16:00:00,3400.0,1.4202059999999999,0.42186811566352844
2025-07-28 17:00:00,3400.0,0.517023,0.45815032720565796
2025-07-28 18:00:00,3400.0,0.170146,0.523892879486084
2025-07-28 19:00:00,3400.0,0.0,0.532249391078949
2025-07-28 20:00:00,3400.0,0.0,0.5317426323890686
2025-07-28 21:00:00,3400.0,0.0,0.5049595236778259
2025-07-28 22:00:00,3400.0,0.0,0.5028773546218872
2025-07-28 23:00:00,3400.0,0.0,0.4380020201206207
2025-07-29 00:00:00,3400.0,0.0,0.26898396015167236
2025-07-29 01:00:00,3400.0,0.0,0.21534687280654907
2025-07-29 02:00:00,3400.0,0.0,0.21379391849040985
2025-07-29 03:00:00,3400.0,0.0,0.20465649664402008
2025-07-29 04:00:00,3400.0,0.0,0.20425055921077728
2025-07-29 05:00:00,3400.0,0.013451000000000001,0.21004146337509155
2025-07-29 06:00:00,3400.0,0.36993200000000004,0.23445755243301392
2025-07-29 07:00:00,3400.0,1.1051389999999999,0.43851977586746216
2025-07-29 08:00:00,3400.0,1.798473,0.47530439496040344
2025-07-29 09:00:00,3400.0,2.3313110000000004,0.46466636657714844
2025-07-29 10:00:00,3400.0,2.707304,0.4668322801589966
2025-07-29 11:00:00,3400.0,2.923546,0.43675315380096436
2025-07-29 12:00:00,3250.01,2.952831,0.4225742220878601
2025-07-29 13:00:00,3400.0,2.795802,0.40564998984336853
2025-07-29 14:00:00,3400.0,2.458721,0.3984273076057434
2025-07-29 15:00:00,3400.0,2.001299,0.37230804562568665
2025-07-29 16:00:00,3400.0,1.416022,0.4352547824382782
2025-07-29 17:00:00,3400.0,0.6914389999999999,0.5098194479942322
2025-07-29 18:00:00,3400.0,0.132583,0.5327286124229431
2025-07-29 19:00:00,3400.0,0.0,0.5045793652534485
2025-07-29 20:00:00,3400.0,0.0,0.5285993218421936
2025-07-29 21:00:00,3400.0,0.0,0.49092501401901245
2025-07-29 22:00:00,3400.0,0.0,0.4755207896232605
2025-07-29 23:00:00,3400.0,0.0,0.4375992715358734
2025-07-30 00:00:00,3400.0,0.0,0.28789761662483215
2025-07-30 01:00:00,3400.0,0.0,0.2211482971906662
2025-07-30 02:00:00,3400.0,0.0,0.20719090104103088
2025-07-30 03:00:00,3400.0,0.0,0.21209537982940674
2025-07-30 04:00:00,3400.0,0.0,0.2062581330537796
2025-07-30 05:00:00,3354.29,0.010686,0.2085028737783432
2025-07-30 06:00:00,3195.55,0.36318599999999995,0.23414741456508636
2025-07-30 07:00:00,3067.11,1.0892739999999999,0.4042152762413025
2025-07-30 08:00:00,3400.0,1.7918720000000001,0.4724653661251068
2025-07-30 09:00:00,3400.0,2.3553629999999997,0.46995043754577637
2025-07-30 10:00:00,3351.62,2.749871,0.44747233390808105
2025-07-30 11:00:00,3348.48,2.988792,0.3987793028354645
2025-07-30 12:00:00,2920.0,3.043501,0.43380144238471985
2025-07-30 13:00:00,3275.01,2.920513,0.4306486248970032
2025-07-30 14:00:00,3155.01,2.61682,0.3828585743904114
2025-07-30 15:00:00,3348.39,2.131278,0.365852952003479
2025-07-30 16:00:00,3400.0,1.500524,0.42787912487983704
2025-07-30 17:00:00,3400.0,0.713332,0.5035481452941895
2025-07-30 18:00:00,3400.0,0.122435,0.5246390700340271
2025-07-30 19:00:00,3400.0,0.0,0.5287449955940247
2025-07-30 20:00:00,3400.0,0.0,0.5601099729537964
2025-07-30 21:00:00,3400.0,0.0,0.49061042070388794
2025-07-30 22:00:00,3400.0,0.0,0.48583635687828064
2025-07-30 23:00:00,3400.0,0.0,0.4646877348423004
2025-07-31 00:00:00,3400.0,0.0,0.3233714699745178
2025-07-31 01:00:00,3400.0,0.0,0.2219470739364624
2025-07-31 02:00:00,3400.0,0.0,0.20767591893672943
2025-07-31 03:00:00,3198.01,0.0,0.20831385254859924
2025-07-31 04:00:00,2800.0,0.0,0.20928141474723816
2025-07-31 05:00:00,3194.0,0.008438000000000001,0.21512936055660248
2025-07-31 06:00:00,2970.01,0.372271,0.23986577987670898
2025-07-31 07:00:00,2800.0,1.1557650000000002,0.40269044041633606
2025-07-31 08:00:00,3343.38,1.8917449999999998,0.4768279194831848
2025-07-31 09:00:00,3320.0,2.4696930000000004,0.482276976108551
2025-07-31 10:00:00,3161.9,2.8994470000000003,0.4584610164165497
2025-07-31 11:00:00,3001.01,3.143632,0.4317503273487091
2025-07-31 12:00:00,2405.99,3.194127,0.4098956882953644
2025-07-31 13:00:00,3050.0,3.044998,0.44226938486099243
2025-07-31 14:00:00,3343.39,2.700834,0.41760721802711487
2025-07-31 15:00:00,3400.0,2.1903710000000003,0.38245052099227905
2025-07-31 16:00:00,3400.0,1.5356189999999998,0.41222378611564636
2025-07-31 17:00:00,3400.0,0.724666,0.47071555256843567
2025-07-31 18:00:00,3400.0,0.125354,0.5106577277183533
2025-07-31 19:00:00,3400.0,0.0,0.5147078037261963
2025-07-31 20:00:00,3400.0,0.0,0.5588763356208801
2025-07-31 21:00:00,3400.0,0.0,0.47855299711227417
2025-07-31 22:00:00,3400.0,0.0,0.4688299596309662
2025-07-31 23:00:00,3343.38,0.0,0.41760510206222534
2025-08-01 00:00:00,3399.0,0.0,0.28805238008499146
2025-08-01 01:00:00,3339.81,0.0,0.22253291308879852
2025-08-01 02:00:00,3200.0,0.0,0.20791663229465485
2025-08-01 03:00:00,3300.0,0.0,0.20724274218082428
2025-08-01 04:00:00,3299.99,0.0,0.20562885701656342
2025-08-01 05:00:00,3049.0,0.0,0.21668247878551483
2025-08-01 06:00:00,2750.0,0.32729199999999997,0.23746660351753235
2025-08-01 07:00:00,1899.99,0.929943,0.3812204897403717
2025-08-01 08:00:00,3129.99,1.571606,0.447581022977829
2025-08-01 09:00:00,3299.82,2.1044340000000004,0.42770659923553467
2025-08-01 10:00:00,3137.41,2.488061,0.4790603220462799
2025-08-01 11:00:00,3048.99,2.809469,0.41644302010536194
2025-08-01 12:00:00,1750.0,2.850184,0.42568856477737427
2025-08-01 13:00:00,2401.0,2.7126300000000003,0.4166909456253052
2025-08-01 14:00:00,2968.01,2.399882,0.4153825342655182
2025-08-01 15:00:00,3000.0,1.916234,0.32879820466041565
2025-08-01 16:00:00,3155.01,1.336773,0.3798695504665375
2025-08-01 17:00:00,3399.0,0.684081,0.4357113540172577
2025-08-01 18:00:00,3348.38,0.056269,0.49231138825416565
2025-08-01 19:00:00,3399.0,0.0,0.4847646653652191
2025-08-01 20:00:00,3399.01,0.0,0.5071137547492981
2025-08-01 21:00:00,3399.0,0.0,0.5001325607299805
2025-08-01 22:00:00,3348.38,0.0,0.4647517502307892
2025-08-01 23:00:00,3193.63,0.0,0.40848708152770996
2025-08-02 00:00:00,3359.99,0.0,0.29737749695777893
2025-08-02 01:00:00,3200.0,0.0,0.2316773533821106
2025-08-02 02:00:00,3044.44,0.0,0.21567264199256897
2025-08-02 03:00:00,3118.74,0.0,0.20551079511642456
2025-08-02 04:00:00,3000.0,0.0,0.2050059586763382
2025-08-02 05:00:00,2600.0,0.0,0.21040786802768707
2025-08-02 06:00:00,2938.68,0.24099,0.22612938284873962
2025-08-02 07:00:00,2490.01,0.163363,0.2823091745376587
2025-08-02 08:00:00,2964.0,1.104227,0.42178258299827576
2025-08-02 09:00:00,3000.01,1.6126800000000001,0.4553951323032379
2025-08-02 10:00:00,2819.99,2.603551,0.44666787981987
2025-08-02 11:00:00,2618.01,2.9437510000000002,0.4018254280090332
2025-08-02 12:00:00,2138.01,3.0048809999999997,0.39837777614593506
2025-08-02 13:00:00,2900.01,2.879592,0.3703742027282715
2025-08-02 14:00:00,2819.99,2.580854,0.39793363213539124
2025-08-02 15:00:00,2620.0,2.089312,0.3775829076766968
2025-08-02 16:00:00,3044.45,1.458458,0.4162933826446533
2025-08-02 17:00:00,3000.0,0.700412,0.491467148065567
2025-08-02 18:00:00,3247.05,0.136571,0.5203880071640015
2025-08-02 19:00:00,3399.01,0.0,0.5267828702926636
2025-08-02 20:00:00,3399.01,0.0,0.505111038684845
2025-08-02 21:00:00,3399.82,0.0,0.44993388652801514
2025-08-02 22:00:00,3399.0,0.0,0.43476182222366333
2025-08-02 23:00:00,3303.0,0.0,0.428544819355011
2025-08-03 00:00:00,3399.01,0.0,0.3002273440361023
2025-08-03 01:00:00,3399.0,0.0,0.24587346613407135
2025-08-03 02:00:00,3359.99,0.0,0.21505938470363617
2025-08-03 03:00:00,3349.98,0.0,0.20447741448879242
2025-08-03 04:00:00,3298.0,0.0,0.20320925116539001
2025-08-03 05:00:00,3299.99,0.003747,0.21156972646713257
2025-08-03 06:00:00,3399.0,0.35346,0.22153212130069733
2025-08-03 07:00:00,2899.2,1.084819,0.2766542434692383
2025-08-03 08:00:00,2659.99,1.796866,0.413380891084671
2025-08-03 09:00:00,1726.0,2.3676489999999997,0.4363984763622284
2025-08-03 10:00:00,1512.64,2.781286,0.45945441722869873
2025-08-03 11:00:00,1400.0,3.027431,0.44951796531677246
2025-08-03 12:00:00,1395.89,3.0718560000000004,0.4597824811935425
2025-08-03 13:00:00,1899.99,2.927601,0.3615110218524933
2025-08-03 14:00:00,1724.98,2.602317,0.3720608055591583
2025-08-03 15:00:00,1724.99,2.118283,0.37848544120788574
2025-08-03 16:00:00,2941.9,1.470512,0.4005674421787262
2025-08-03 17:00:00,3005.0,0.694659,0.4754082262516022
2025-08-03 18:00:00,2800.0,0.128875,0.4965813457965851
2025-08-03 19:00:00,3399.0,0.0,0.5290745496749878
2025-08-03 20:00:00,3399.01,0.0,0.4859519600868225
2025-08-03 21:00:00,3399.01,0.0,0.4433407187461853
2025-08-03 22:00:00,3399.0,0.0,0.4315629005432129
2025-08-03 23:00:00,3359.99,0.0,0.39556407928466797
2025-08-04 00:00:00,3349.98,0.0,0.25197142362594604
2025-08-04 01:00:00,3337.99,0.0,0.21474774181842804
2025-08-04 02:00:00,3300.0,0.0,0.2038734257221222
2025-08-04 03:00:00,3348.47,0.0,0.19996678829193115
2025-08-04 04:00:00,3288.89,0.0,0.20199765264987946
2025-08-04 05:00:00,3073.69,0.002373,0.20593547821044922
2025-08-04 06:00:00,3049.99,0.353627,0.22857891023159027
2025-08-04 07:00:00,2841.2,1.106923,0.3836110532283783
2025-08-04 08:00:00,3399.0,1.827487,0.45662400126457214
2025-08-04 09:00:00,3359.99,2.401813,0.41626468300819397
2025-08-04 10:00:00,3290.0,2.793145,0.449553906917572
2025-08-04 11:00:00,3000.0,3.025857,0.4692368805408478
2025-08-04 12:00:00,2538.38,3.0644099999999996,0.43063023686408997
2025-08-04 13:00:00,2944.0,2.931916,0.4295588433742523
2025-08-04 14:00:00,3307.0,2.605013,0.4112197458744049
2025-08-04 15:00:00,2538.39,2.1005279999999997,0.3410564363002777
2025-08-04 16:00:00,3199.89,1.4539819999999999,0.42186811566352844
2025-08-04 17:00:00,3399.0,0.689624,0.45815032720565796
2025-08-04 18:00:00,3399.0,0.14022300000000001,0.523892879486084
2025-08-04 19:00:00,3400.0,0.0,0.532249391078949
2025-08-04 20:00:00,3400.0,0.0,0.5317426323890686
2025-08-04 21:00:00,3400.0,0.0,0.5049595236778259
2025-08-04 22:00:00,3399.0,0.0,0.5028773546218872
2025-08-04 23:00:00,3348.48,0.0,0.4380020201206207
2025-08-05 00:00:00,3398.01,0.0,0.26898396015167236
2025-08-05 01:00:00,3358.07,0.0,0.21534687280654907
2025-08-05 02:00:00,3255.41,0.0,0.21379391849040985
2025-08-05 03:00:00,3358.07,0.0,0.20465649664402008
2025-08-05 04:00:00,3343.57,0.0,0.20425055921077728
2025-08-05 05:00:00,3300.0,0.0,0.21004146337509155
2025-08-05 06:00:00,2970.01,0.322048,0.23445755243301392
2025-08-05 07:00:00,2852.69,0.969418,0.43851977586746216
2025-08-05 08:00:00,3358.07,1.6176769999999998,0.47530439496040344
2025-08-05 09:00:00,3358.07,2.155268,0.46466636657714844
2025-08-05 10:00:00,2958.0,2.5462029999999998,0.4668322801589966
2025-08-05 11:00:00,2798.0,0.49811099999999997,0.43675315380096436
2025-08-05 12:00:00,2125.0,2.833615,0.4225742220878601
2025-08-05 13:00:00,2997.0,2.718885,0.40564998984336853
2025-08-05 14:00:00,2527.0,2.405906,0.3984273076057434
2025-08-05 15:00:00,3100.01,1.9294120000000001,0.37230804562568665
2025-08-05 16:00:00,2999.99,1.3310650000000002,0.4352547824382782
2025-08-05 17:00:00,3358.08,0.6625789999999999,0.5098194479942322
2025-08-05 18:00:00,3358.07,0.167936,0.5327286124229431
2025-08-05 19:00:00,3399.0,0.0,0.5045793652534485
2025-08-05 20:00:00,3399.0,0.0,0.5285993218421936
2025-08-05 21:00:00,3399.0,0.0,0.49092501401901245
2025-08-05 22:00:00,3358.08,0.0,0.4755207896232605
2025-08-05 23:00:00,3200.01,0.0,0.4375992715358734
2025-08-06 00:00:00,3399.01,0.0,0.28789761662483215
2025-08-06 01:00:00,3399.0,0.0,0.2211482971906662
2025-08-06 02:00:00,3300.0,0.0,0.20719090104103088
2025-08-06 03:00:00,3259.59,0.0,0.21209537982940674
2025-08-06 04:00:00,2901.0,0.0,0.2062581330537796
2025-08-06 05:00:00,2864.01,0.0,0.2085028737783432
2025-08-06 06:00:00,2880.63,0.315957,0.23414741456508636
2025-08-06 07:00:00,2249.99,0.948232,0.4042152762413025
2025-08-06 08:00:00,3290.0,1.584228,0.4724653661251068
2025-08-06 09:00:00,3300.01,2.083383,0.46995043754577637
2025-08-06 10:00:00,2400.0,2.468427,0.44747233390808105
2025-08-06 11:00:00,2843.0,2.735842,0.3987793028354645
2025-08-06 12:00:00,2600.0,2.795651,0.43380144238471985
2025-08-06 13:00:00,2792.99,2.6634510000000002,0.4306486248970032
2025-08-06 14:00:00,3280.0,2.357167,0.3828585743904114
2025-08-06 15:00:00,3333.01,1.89556,0.365852952003479
2025-08-06 16:00:00,3094.01,1.30701,0.42787912487983704
2025-08-06 17:00:00,3359.99,0.643919,0.5035481452941895
2025-08-06 18:00:00,3349.98,0.156129,0.5246390700340271
2025-08-06 19:00:00,3399.0,0.0,0.5287449955940247
2025-08-06 20:00:00,3399.0,0.0,0.5601099729537964
2025-08-06 21:00:00,3356.08,0.0,0.49061042070388794
2025-08-06 22:00:00,2985.0,0.0,0.48583635687828064
2025-08-06 23:00:00,2947.5,0.0,0.4646877348423004
2025-08-07 00:00:00,3398.99,0.0,0.3233714699745178
2025-08-07 01:00:00,3349.07,0.0,0.2219470739364624
2025-08-07 02:00:00,3118.0,0.0,0.20767591893672943
2025-08-07 03:00:00,3349.98,0.0,0.20831385254859924
2025-08-07 04:00:00,3130.0,0.0,0.20928141474723816
2025-08-07 05:00:00,2790.0,0.0,0.21512936055660248
2025-08-07 06:00:00,2400.0,0.31947000000000003,0.23986577987670898
2025-08-07 07:00:00,2659.99,1.052061,0.40269044041633606
2025-08-07 08:00:00,3249.9,1.778305,0.4768279194831848
2025-08-07 09:00:00,3129.99,2.356284,0.482276976108551
2025-08-07 10:00:00,2894.0,2.769355,0.4584610164165497
2025-08-07 11:00:00,2894.0,2.986078,0.4317503273487091
2025-08-07 12:00:00,2350.0,3.016562,0.4098956882953644
2025-08-07 13:00:00,2892.07,2.8567080000000002,0.44226938486099243
2025-08-07 14:00:00,3130.0,2.519875,0.41760721802711487
2025-08-07 15:00:00,2900.01,2.032816,0.38245052099227905
2025-08-07 16:00:00,2944.01,0.893438,0.41222378611564636
2025-08-07 17:00:00,3172.13,0.6494589999999999,0.47071555256843567
2025-08-07 18:00:00,2998.0,0.11208199999999999,0.5106577277183533
2025-08-07 19:00:00,3390.0,0.0,0.5147078037261963
2025-08-07 20:00:00,3399.0,0.0,0.5588763356208801
2025-08-07 21:00:00,3359.99,0.0,0.47855299711227417
2025-08-07 22:00:00,3298.0,0.0,0.4688299596309662
2025-08-07 23:00:00,3150.0,0.0,0.41760510206222534
2025-08-08 00:00:00,3345.08,0.0,0.28805238008499146
2025-08-08 01:00:00,3290.01,0.0,0.22253291308879852
2025-08-08 02:00:00,3130.0,0.0,0.20791663229465485
2025-08-08 03:00:00,2690.0,0.0,0.20724274218082428
2025-08-08 04:00:00,2650.0,0.0,0.20562885701656342
2025-08-08 05:00:00,3048.99,0.0,0.21668247878551483
2025-08-08 06:00:00,2655.08,0.31315699999999996,0.23746660351753235
2025-08-08 07:00:00,1999.98,0.966011,0.3812204897403717
2025-08-08 08:00:00,3155.0,1.644805,0.447581022977829
2025-08-08 09:00:00,3130.0,2.201471,0.42770659923553467
2025-08-08 10:00:00,2670.4,2.607134,0.4790603220462799
2025-08-08 11:00:00,2920.0,2.8899529999999998,0.41644302010536194
2025-08-08 12:00:00,1811.98,2.912531,0.42568856477737427
2025-08-08 13:00:00,2481.0,2.766998,0.4166909456253052
2025-08-08 14:00:00,3180.01,2.4548710000000002,0.4153825342655182
2025-08-08 15:00:00,3180.0,1.976228,0.32879820466041565
2025-08-08 16:00:00,2994.0,1.362201,0.3798695504665375
2025-08-08 17:00:00,2700.01,0.629879,0.4357113540172577
2025-08-08 18:00:00,3276.32,0.116914,0.49231138825416565
2025-08-08 19:00:00,3389.99,0.0,0.4847646653652191
2025-08-08 20:00:00,3399.0,0.0,0.5071137547492981
2025-08-08 21:00:00,3390.0,0.0,0.5001325607299805
2025-08-08 22:00:00,3345.08,0.0,0.4647517502307892
2025-08-08 23:00:00,3200.01,0.0,0.40848708152770996
2025-08-09 00:00:00,3399.0,0.0,0.29737749695777893
2025-08-09 01:00:00,3390.0,0.0,0.2316773533821106
2025-08-09 02:00:00,3290.0,0.0,0.21567264199256897
2025-08-09 03:00:00,3339.81,0.0,0.20551079511642456
2025-08-09 04:00:00,3125.33,0.0,0.2050059586763382
2025-08-09 05:00:00,2910.1,0.0,0.21040786802768707
2025-08-09 06:00:00,2945.22,0.303844,0.22612938284873962
2025-08-09 07:00:00,2787.18,0.986019,0.2823091745376587
2025-08-09 08:00:00,2982.01,1.657192,0.42178258299827576
2025-08-09 09:00:00,2124.99,2.176622,0.4553951323032379
2025-08-09 10:00:00,1999.98,2.5440880000000003,0.44666787981987
2025-08-09 11:00:00,1900.0,2.701596,0.4018254280090332
2025-08-09 12:00:00,1384.89,2.699919,0.39837777614593506
2025-08-09 13:00:00,1900.0,2.533317,0.3703742027282715
2025-08-09 14:00:00,2350.0,2.265628,0.39793363213539124
2025-08-09 15:00:00,2920.0,1.858846,0.3775829076766968
2025-08-09 16:00:00,2610.0,1.291952,0.4162933826446533
2025-08-09 17:00:00,2799.99,0.6172300000000001,0.491467148065567
2025-08-09 18:00:00,3339.81,0.12528,0.5203880071640015
2025-08-09 19:00:00,3399.01,0.0,0.5267828702926636
2025-08-09 20:00:00,3400.0,0.0,0.505111038684845
2025-08-09 21:00:00,3399.01,0.0,0.44993388652801514
2025-08-09 22:00:00,3380.0,0.0,0.43476182222366333
2025-08-09 23:00:00,3200.01,0.0,0.428544819355011
2025-08-10 00:00:00,3399.0,0.0,0.3002273440361023
2025-08-10 01:00:00,3320.01,0.0,0.24587346613407135
2025-08-10 02:00:00,3200.0,0.0,0.21505938470363617
2025-08-10 03:00:00,3280.01,0.0,0.20447741448879242
2025-08-10 04:00:00,3010.46,0.0,0.20320925116539001
2025-08-10 05:00:00,3079.99,0.0,0.21156972646713257
2025-08-10 06:00:00,3273.33,0.30068,0.22153212130069733
2025-08-10 07:00:00,2726.0,0.9922580000000001,0.2766542434692383
2025-08-10 08:00:00,1000.01,1.677681,0.413380891084671
2025-08-10 09:00:00,511.01,2.2251410000000003,0.4363984763622284
2025-08-10 10:00:00,250.01,2.6105270000000003,0.45945441722869873
2025-08-10 11:00:00,200.0,2.835391,0.44951796531677246
2025-08-10 12:00:00,200.03,2.8900279999999996,0.4597824811935425
2025-08-10 13:00:00,700.01,2.7659540000000002,0.3615110218524933
2025-08-10 14:00:00,853.99,2.4646999999999997,0.3720608055591583
2025-08-10 15:00:00,1015.11,1.941841,0.37848544120788574
2025-08-10 16:00:00,1000.0,1.369143,0.4005674421787262
2025-08-10 17:00:00,2400.01,0.627749,0.4754082262516022
2025-08-10 18:00:00,3300.01,0.109527,0.4965813457965851
2025-08-10 19:00:00,3399.01,0.0,0.5290745496749878
2025-08-10 20:00:00,3400.0,0.0,0.4859519600868225
2025-08-10 21:00:00,3400.0,0.0,0.4433407187461853
2025-08-10 22:00:00,3399.0,0.0,0.4315629005432129
2025-08-10 23:00:00,3320.0,0.0,0.39556407928466797
2025-08-11 00:00:00,3399.0,0.0,0.25197142362594604
2025-08-11 01:00:00,3299.99,0.0,0.21474774181842804
2025-08-11 02:00:00,3200.0,0.0,0.2038734257221222
2025-08-11 03:00:00,3309.99,0.0,0.19996678829193115
2025-08-11 04:00:00,3100.01,0.0,0.20199765264987946
2025-08-11 05:00:00,2999.99,0.0,0.20593547821044922
2025-08-11 06:00:00,2644.34,0.310756,0.22857891023159027
2025-08-11 07:00:00,2644.34,1.035228,0.3836110532283783
2025-08-11 08:00:00,3359.99,1.7521579999999999,0.45662400126457214
2025-08-11 09:00:00,3359.99,2.295799,0.41626468300819397
2025-08-11 10:00:00,2900.01,2.673768,0.449553906917572
2025-08-11 11:00:00,3063.29,2.863673,0.4692368805408478
2025-08-11 12:00:00,2798.0,2.546848,0.43063023686408997
2025-08-11 13:00:00,2971.62,2.756256,0.4295588433742523
2025-08-11 14:00:00,3130.0,0.726606,0.4112197458744049
2025-08-11 15:00:00,3094.0,1.3765999999999998,0.3410564363002777
2025-08-11 16:00:00,3150.01,0.237533,0.42186811566352844
2025-08-11 17:00:00,3357.53,0.40510399999999996,0.45815032720565796
2025-08-11 18:00:00,3399.0,0.0,0.523892879486084
2025-08-11 19:00:00,3400.0,0.0,0.532249391078949
2025-08-11 20:00:00,3400.0,0.0,0.5317426323890686
2025-08-11 21:00:00,3400.0,0.0,0.5049595236778259
2025-08-11 22:00:00,3399.0,0.0,0.5028773546218872
2025-08-11 23:00:00,3359.99,0.0,0.4380020201206207
2025-08-12 00:00:00,3349.98,0.0,0.26898396015167236
2025-08-12 01:00:00,3290.01,0.0,0.21534687280654907
2025-08-12 02:00:00,3200.0,0.0,0.21379391849040985
2025-08-12 03:00:00,3129.99,0.0,0.20465649664402008
2025-08-12 04:00:00,3284.01,0.0,0.20425055921077728
2025-08-12 05:00:00,3118.0,0.0,0.21004146337509155
2025-08-12 06:00:00,2637.34,0.279433,0.23445755243301392
2025-08-12 07:00:00,2588.34,0.5678719999999999,0.43851977586746216
2025-08-12 08:00:00,3184.68,1.536339,0.47530439496040344
2025-08-12 09:00:00,2982.0,1.732544,0.46466636657714844
2025-08-12 10:00:00,2599.99,1.991683,0.4668322801589966
2025-08-12 11:00:00,2588.34,2.6174609999999996,0.43675315380096436
2025-08-12 12:00:00,2350.0,2.6683890000000003,0.4225742220878601
2025-08-12 13:00:00,2680.42,2.560848,0.40564998984336853
2025-08-12 14:00:00,2275.0,2.306803,0.3984273076057434
2025-08-12 15:00:00,2994.0,1.877089,0.37230804562568665
2025-08-12 16:00:00,3094.01,1.2887149999999998,0.4352547824382782
2025-08-12 17:00:00,2982.0,0.6022609999999999,0.5098194479942322
2025-08-12 18:00:00,3299.99,0.116948,0.5327286124229431
2025-08-12 19:00:00,3399.0,0.0,0.5045793652534485
2025-08-12 20:00:00,3399.0,0.0,0.5285993218421936
2025-08-12 21:00:00,3399.0,0.0,0.49092501401901245
2025-08-12 22:00:00,3300.0,0.0,0.4755207896232605
2025-08-12 23:00:00,3290.0,0.0,0.4375992715358734
2025-08-13 00:00:00,3360.0,0.0,0.28789761662483215
2025-08-13 01:00:00,3330.0,0.0,0.2211482971906662
2025-08-13 02:00:00,3148.01,0.0,0.20719090104103088
2025-08-13 03:00:00,2910.11,0.0,0.21209537982940674
2025-08-13 04:00:00,2949.01,0.0,0.2062581330537796
2025-08-13 05:00:00,2910.71,0.0,0.2085028737783432
2025-08-13 06:00:00,2750.01,0.27694,0.23414741456508636
2025-08-13 07:00:00,2687.33,0.910022,0.4042152762413025
2025-08-13 08:00:00,2942.01,1.567329,0.4724653661251068
2025-08-13 09:00:00,2942.01,0.930964,0.46995043754577637
2025-08-13 10:00:00,2621.99,2.516632,0.44747233390808105
2025-08-13 11:00:00,2700.01,2.6889920000000003,0.3987793028354645
2025-08-13 12:00:00,2319.81,2.740994,0.43380144238471985
2025-08-13 13:00:00,2946.67,2.614401,0.4306486248970032
2025-08-13 14:00:00,3150.0,2.321962,0.3828585743904114
2025-08-13 15:00:00,3114.01,1.865641,0.365852952003479
2025-08-13 16:00:00,3155.01,1.27324,0.42787912487983704
2025-08-13 17:00:00,3330.0,0.593192,0.5035481452941895
2025-08-13 18:00:00,3359.99,0.10387,0.5246390700340271
2025-08-13 19:00:00,3399.01,0.0,0.5287449955940247
2025-08-13 20:00:00,3400.0,0.0,0.5601099729537964
2025-08-13 21:00:00,3399.01,0.0,0.49061042070388794
2025-08-13 22:00:00,3359.99,0.0,0.48583635687828064
2025-08-13 23:00:00,3300.0,0.0,0.4646877348423004
2025-08-14 00:00:00,3399.0,0.0,0.3233714699745178
2025-08-14 01:00:00,3359.99,0.0,0.2219470739364624
2025-08-14 02:00:00,3230.01,0.0,0.20767591893672943
2025-08-14 03:00:00,3195.8,0.0,0.20831385254859924
2025-08-14 04:00:00,3200.0,0.0,0.20928141474723816
2025-08-14 05:00:00,3114.6,0.0,0.21512936055660248
2025-08-14 06:00:00,2880.5,0.28859199999999996,0.23986577987670898
2025-08-14 07:00:00,2828.8,0.98627,0.40269044041633606
2025-08-14 08:00:00,3100.01,1.6659469999999998,0.4768279194831848
2025-08-14 09:00:00,3201.42,2.192932,0.482276976108551
2025-08-14 10:00:00,2700.0,2.5669560000000002,0.4584610164165497
2025-08-14 11:00:00,2700.0,2.784741,0.4317503273487091
2025-08-14 12:00:00,2585.01,2.835503,0.4098956882953644
2025-08-14 13:00:00,2949.03,2.71694,0.44226938486099243
2025-08-14 14:00:00,3000.03,2.431132,0.41760721802711487
2025-08-14 15:00:00,2585.01,1.966431,0.38245052099227905
2025-08-14 16:00:00,2790.0,1.3383530000000001,0.41222378611564636
2025-08-14 17:00:00,3299.99,0.593365,0.47071555256843567
2025-08-14 18:00:00,3399.0,0.080359,0.5106577277183533
2025-08-14 19:00:00,3400.0,0.0,0.5147078037261963
2025-08-14 20:00:00,3400.0,0.0,0.5588763356208801
2025-08-14 21:00:00,3400.0,0.0,0.47855299711227417
2025-08-14 22:00:00,3399.01,0.0,0.4688299596309662
2025-08-14 23:00:00,3360.0,0.0,0.41760510206222534
2025-08-15 00:00:00,3359.99,0.0,0.28805238008499146
2025-08-15 01:00:00,3289.99,0.0,0.22253291308879852
2025-08-15 02:00:00,3178.98,0.0,0.20791663229465485
2025-08-15 03:00:00,3150.0,0.0,0.20724274218082428
2025-08-15 04:00:00,3200.01,0.0,0.20562885701656342
2025-08-15 05:00:00,3200.0,0.0,0.21668247878551483
2025-08-15 06:00:00,3200.01,0.284018,0.23746660351753235
2025-08-15 07:00:00,2895.23,0.993903,0.3812204897403717
2025-08-15 08:00:00,3205.6,1.695498,0.447581022977829
2025-08-15 09:00:00,2847.26,2.25325,0.42770659923553467
2025-08-15 10:00:00,3180.01,2.665349,0.4790603220462799
2025-08-15 11:00:00,3130.0,2.905597,0.41644302010536194
2025-08-15 12:00:00,1999.99,2.958364,0.42568856477737427
2025-08-15 13:00:00,2480.99,2.816719,0.4166909456253052
2025-08-15 14:00:00,2650.02,2.489503,0.4153825342655182
2025-08-15 15:00:00,2919.99,1.999061,0.32879820466041565
2025-08-15 16:00:00,2935.88,1.348953,0.3798695504665375
2025-08-15 17:00:00,3150.01,0.5837140000000001,0.4357113540172577
2025-08-15 18:00:00,3248.07,0.075792,0.49231138825416565
2025-08-15 19:00:00,3379.99,0.0,0.4847646653652191
2025-08-15 20:00:00,3399.0,0.0,0.5071137547492981
2025-08-15 21:00:00,3379.99,0.0,0.5001325607299805
2025-08-15 22:00:00,3128.01,0.0,0.4647517502307892
2025-08-15 23:00:00,3198.0,0.0,0.40848708152770996
2025-08-16 00:00:00,3289.99,0.0,0.29737749695777893
2025-08-16 01:00:00,3247.99,0.0,0.2316773533821106
2025-08-16 02:00:00,3194.0,0.0,0.21567264199256897
2025-08-16 03:00:00,3100.01,0.0,0.20551079511642456
2025-08-16 04:00:00,3199.99,0.0,0.2050059586763382
2025-08-16 05:00:00,3085.0,0.0,0.21040786802768707
2025-08-16 06:00:00,3100.01,0.277032,0.22612938284873962
2025-08-16 07:00:00,2794.01,0.9955620000000001,0.2823091745376587
2025-08-16 08:00:00,2995.01,1.716024,0.42178258299827576
2025-08-16 09:00:00,2180.38,2.289758,0.4553951323032379
2025-08-16 10:00:00,1500.01,2.70926,0.44666787981987
2025-08-16 11:00:00,1463.19,2.949166,0.4018254280090332
2025-08-16 12:00:00,1384.9,2.990491,0.39837777614593506
2025-08-16 13:00:00,1849.99,2.8346370000000003,0.3703742027282715
2025-08-16 14:00:00,1000.0,2.489132,0.39793363213539124
2025-08-16 15:00:00,1000.01,1.9878630000000002,0.3775829076766968
2025-08-16 16:00:00,1900.0,1.3357919999999999,0.4162933826446533
2025-08-16 17:00:00,3092.0,0.5784009999999999,0.491467148065567
2025-08-16 18:00:00,3248.0,0.07736,0.5203880071640015
2025-08-16 19:00:00,3399.01,0.0,0.5267828702926636
2025-08-16 20:00:00,3399.99,0.0,0.505111038684845
2025-08-16 21:00:00,3399.01,0.0,0.44993388652801514
2025-08-16 22:00:00,3399.0,0.0,0.43476182222366333
2025-08-16 23:00:00,3300.0,0.0,0.428544819355011
2025-08-17 00:00:00,3290.01,0.0,0.3002273440361023
2025-08-17 01:00:00,3260.0,0.0,0.24587346613407135
2025-08-17 02:00:00,3200.01,0.0,0.21505938470363617
2025-08-17 03:00:00,3300.0,0.0,0.20447741448879242
2025-08-17 04:00:00,3400.0,0.0,0.20320925116539001
2025-08-17 05:00:00,3400.0,0.0,0.21156972646713257
2025-08-17 06:00:00,3400.0,0.28020999999999996,0.22153212130069733
2025-08-17 07:00:00,3000.05,1.003809,0.2766542434692383
2025-08-17 08:00:00,1344.4,1.73807,0.413380891084671
2025-08-17 09:00:00,1800.01,2.318951,0.4363984763622284
2025-08-17 10:00:00,1000.01,2.739948,0.45945441722869873
2025-08-17 11:00:00,999.99,2.9713730000000003,0.44951796531677246
2025-08-17 12:00:00,1011.0,3.014371,0.4597824811935425
2025-08-17 13:00:00,1900.0,2.869215,0.3615110218524933
2025-08-17 14:00:00,1399.99,2.5586149999999996,0.3720608055591583
2025-08-17 15:00:00,1811.97,2.035761,0.37848544120788574
2025-08-17 16:00:00,2950.0,1.3638599999999999,0.4005674421787262
2025-08-17 17:00:00,3210.01,0.578808,0.4754082262516022
2025-08-17 18:00:00,3400.0,0.067048,0.4965813457965851
2025-08-17 19:00:00,3400.0,0.0,0.5290745496749878
2025-08-17 20:00:00,3400.0,0.0,0.4859519600868225
2025-08-17 21:00:00,3400.0,0.0,0.4433407187461853
2025-08-17 22:00:00,3400.0,0.0,0.4315629005432129
2025-08-17 23:00:00,3400.0,0.0,0.39556407928466797
2025-08-18 00:00:00,3400.0,0.0,0.25197142362594604
2025-08-18 01:00:00,3400.0,0.0,0.21474774181842804
2025-08-18 02:00:00,3400.0,0.0,0.2038734257221222
2025-08-18 03:00:00,3299.99,0.0,0.19996678829193115
2025-08-18 04:00:00,3199.92,0.0,0.20199765264987946
2025-08-18 05:00:00,3155.0,0.0,0.20593547821044922
2025-08-18 06:00:00,3118.0,0.27695299999999995,0.22857891023159027
2025-08-18 07:00:00,2800.0,1.003215,0.3836110532283783
2025-08-18 08:00:00,3400.0,1.7291320000000001,0.45662400126457214
2025-08-18 09:00:00,3400.0,2.30009,0.41626468300819397
2025-08-18 10:00:00,3196.97,2.708132,0.449553906917572
2025-08-18 11:00:00,3196.96,2.949828,0.4692368805408478
2025-08-18 12:00:00,2500.0,2.9954699999999996,0.43063023686408997
2025-08-18 13:00:00,3017.97,2.840768,0.4295588433742523
2025-08-18 14:00:00,3100.01,2.495699,0.4112197458744049
2025-08-18 15:00:00,3209.78,1.9902570000000002,0.3410564363002777
2025-08-18 16:00:00,3359.99,1.3244719999999999,0.42186811566352844
2025-08-18 17:00:00,3400.0,0.5634210000000001,0.45815032720565796
2025-08-18 18:00:00,3400.0,0.065258,0.523892879486084
2025-08-18 19:00:00,3400.0,0.0,0.532249391078949
2025-08-18 20:00:00,3400.0,0.0,0.5317426323890686
2025-08-18 21:00:00,3400.0,0.0,0.5049595236778259
2025-08-18 22:00:00,3400.0,0.0,0.5028773546218872
2025-08-18 23:00:00,3400.0,0.0,0.4380020201206207
2025-08-19 00:00:00,3400.0,0.0,0.26898396015167236
2025-08-19 01:00:00,3400.0,0.0,0.21534687280654907
2025-08-19 02:00:00,3359.99,0.0,0.21379391849040985
2025-08-19 03:00:00,3358.27,0.0,0.20465649664402008
2025-08-19 04:00:00,3280.01,0.0,0.20425055921077728
2025-08-19 05:00:00,3211.0,0.0,0.21004146337509155
2025-08-19 06:00:00,3085.0,0.259109,0.23445755243301392
2025-08-19 07:00:00,2750.01,0.931659,0.43851977586746216
2025-08-19 08:00:00,3238.27,1.645562,0.47530439496040344
2025-08-19 09:00:00,3199.92,2.215833,0.46466636657714844
2025-08-19 10:00:00,2949.99,2.622935,0.4668322801589966
2025-08-19 11:00:00,2932.55,2.859175,0.43675315380096436
2025-08-19 12:00:00,2548.27,2.89807,0.4225742220878601
2025-08-19 13:00:00,2920.0,2.7618679999999998,0.40564998984336853
2025-08-19 14:00:00,2701.01,2.433215,0.3984273076057434
2025-08-19 15:00:00,2927.01,1.936328,0.37230804562568665
2025-08-19 16:00:00,3199.91,1.2849030000000001,0.4352547824382782
2025-08-19 17:00:00,3300.0,0.540338,0.5098194479942322
2025-08-19 18:00:00,3400.0,0.059156,0.5327286124229431
2025-08-19 19:00:00,3400.0,0.0,0.5045793652534485
2025-08-19 20:00:00,3400.0,0.0,0.5285993218421936
2025-08-19 21:00:00,3400.0,0.0,0.49092501401901245
2025-08-19 22:00:00,3359.99,0.0,0.4755207896232605
2025-08-19 23:00:00,3238.27,0.0,0.4375992715358734
2025-08-20 00:00:00,3230.01,0.0,0.28789761662483215
2025-08-20 01:00:00,3200.01,0.0,0.2211482971906662
2025-08-20 02:00:00,3143.58,0.0,0.20719090104103088
2025-08-20 03:00:00,3150.0,0.0,0.21209537982940674
2025-08-20 04:00:00,3000.02,0.0,0.2062581330537796
2025-08-20 05:00:00,3118.0,0.0,0.2085028737783432
2025-08-20 06:00:00,2955.9,0.258675,0.23414741456508636
2025-08-20 07:00:00,2666.86,0.95484,0.4042152762413025
2025-08-20 08:00:00,3200.01,1.66224,0.4724653661251068
2025-08-20 09:00:00,2880.0,2.2154670000000003,0.46995043754577637
2025-08-20 10:00:00,2249.99,2.6089879999999996,0.44747233390808105
2025-08-20 11:00:00,2588.24,2.823693,0.3987793028354645
2025-08-20 12:00:00,2441.99,2.866615,0.43380144238471985
2025-08-20 13:00:00,2897.01,2.740086,0.4306486248970032
2025-08-20 14:00:00,3074.96,2.4164499999999998,0.3828585743904114
2025-08-20 15:00:00,3150.01,1.931185,0.365852952003479
2025-08-20 16:00:00,3237.25,1.289407,0.42787912487983704
2025-08-20 17:00:00,3378.11,0.537201,0.5035481452941895
2025-08-20 18:00:00,3400.0,0.04522399999999999,0.5246390700340271
2025-08-20 19:00:00,3400.0,0.0,0.5287449955940247
2025-08-20 20:00:00,3400.0,0.0,0.5601099729537964
2025-08-20 21:00:00,3400.0,0.0,0.49061042070388794
2025-08-20 22:00:00,3400.0,0.0,0.48583635687828064
2025-08-20 23:00:00,3237.24,0.0,0.4646877348423004
2025-08-21 00:00:00,3330.69,0.0,0.3233714699745178
2025-08-21 01:00:00,3260.0,0.0,0.2219470739364624
2025-08-21 02:00:00,3230.0,0.0,0.20767591893672943
2025-08-21 03:00:00,3198.25,0.0,0.20831385254859924
2025-08-21 04:00:00,3150.01,0.0,0.20928141474723816
2025-08-21 05:00:00,3200.0,0.0,0.21512936055660248
2025-08-21 06:00:00,3200.0,0.251661,0.23986577987670898
2025-08-21 07:00:00,2895.01,0.937705,0.40269044041633606
2025-08-21 08:00:00,3301.0,1.615221,0.4768279194831848
2025-08-21 09:00:00,3201.01,2.11111,0.482276976108551
2025-08-21 10:00:00,2704.77,2.4174949999999997,0.4584610164165497
2025-08-21 11:00:00,2615.99,2.629286,0.4317503273487091
2025-08-21 12:00:00,2448.0,2.674878,0.4098956882953644
2025-08-21 13:00:00,2779.98,2.557709,0.44226938486099243
2025-08-21 14:00:00,2550.0,2.2881750000000003,0.41760721802711487
2025-08-21 15:00:00,3150.0,1.840757,0.38245052099227905
2025-08-21 16:00:00,3353.98,1.230456,0.41222378611564636
2025-08-21 17:00:00,3400.0,0.5152129999999999,0.47071555256843567
2025-08-21 18:00:00,3400.0,0.043535,0.5106577277183533
2025-08-21 19:00:00,3400.0,0.0,0.5147078037261963
2025-08-21 20:00:00,3400.0,0.0,0.5588763356208801
2025-08-21 21:00:00,3400.0,0.0,0.47855299711227417
2025-08-21 22:00:00,3400.0,0.0,0.4688299596309662
2025-08-21 23:00:00,3400.0,0.0,0.41760510206222534
2025-08-22 00:00:00,3400.0,0.0,0.28805238008499146
2025-08-22 01:00:00,3400.0,0.0,0.22253291308879852
2025-08-22 02:00:00,3395.73,0.0,0.20791663229465485
2025-08-22 03:00:00,3399.0,0.0,0.20724274218082428
2025-08-22 04:00:00,3399.0,0.0,0.20562885701656342
2025-08-22 05:00:00,3399.0,0.0,0.21668247878551483
2025-08-22 06:00:00,3399.99,0.241488,0.23746660351753235
2025-08-22 07:00:00,3199.98,0.905961,0.3812204897403717
2025-08-22 08:00:00,3400.0,1.591126,0.447581022977829
2025-08-22 09:00:00,3349.98,2.126093,0.42770659923553467
2025-08-22 10:00:00,2969.99,2.507077,0.4790603220462799
2025-08-22 11:00:00,2970.0,2.722309,0.41644302010536194
2025-08-22 12:00:00,2600.91,2.7722130000000003,0.42568856477737427
2025-08-22 13:00:00,2010.01,2.649908,0.4166909456253052
2025-08-22 14:00:00,2920.0,2.320665,0.4153825342655182
2025-08-22 15:00:00,3144.45,1.8504269999999998,0.32879820466041565
2025-08-22 16:00:00,3400.0,1.220999,0.3798695504665375
2025-08-22 17:00:00,3400.0,0.5122000000000001,0.4357113540172577
2025-08-22 18:00:00,3400.0,0.041554,0.49231138825416565
2025-08-22 19:00:00,3400.0,0.0,0.4847646653652191
2025-08-22 20:00:00,3400.0,0.0,0.5071137547492981
2025-08-22 21:00:00,3400.0,0.0,0.5001325607299805
2025-08-22 22:00:00,3400.0,0.0,0.4647517502307892
2025-08-22 23:00:00,3400.0,0.0,0.40848708152770996
2025-08-23 00:00:00,3400.0,0.0,0.29737749695777893
2025-08-23 01:00:00,3400.0,0.0,0.2316773533821106
2025-08-23 02:00:00,3400.0,0.0,0.21567264199256897
2025-08-23 03:00:00,3400.0,0.0,0.20551079511642456
2025-08-23 04:00:00,3348.99,0.0,0.2050059586763382
2025-08-23 05:00:00,3315.24,0.0,0.21040786802768707
2025-08-23 06:00:00,3170.01,0.24903299999999998,0.22612938284873962
2025-08-23 07:00:00,3400.0,0.971814,0.2823091745376587
2025-08-23 08:00:00,3289.99,1.699165,0.42178258299827576
2025-08-23 09:00:00,2789.01,2.267935,0.4553951323032379
2025-08-23 10:00:00,2820.0,2.6728739999999998,0.44666787981987
2025-08-23 11:00:00,2820.0,2.898241,0.4018254280090332
2025-08-23 12:00:00,2550.01,2.936716,0.39837777614593506
2025-08-23 13:00:00,2777.24,2.795032,0.3703742027282715
2025-08-23 14:00:00,1900.0,2.44763,0.39793363213539124
2025-08-23 15:00:00,2500.01,1.931023,0.3775829076766968
2025-08-23 16:00:00,3096.0,1.253606,0.4162933826446533
2025-08-23 17:00:00,3170.0,0.502934,0.491467148065567
2025-08-23 18:00:00,3315.24,0.040258,0.5203880071640015
2025-08-23 19:00:00,3400.0,0.0,0.5267828702926636
2025-08-23 20:00:00,3400.0,0.0,0.505111038684845
2025-08-23 21:00:00,3400.0,0.0,0.44993388652801514
2025-08-23 22:00:00,3400.0,0.0,0.43476182222366333
2025-08-23 23:00:00,3266.13,0.0,0.428544819355011
2025-08-24 00:00:00,3400.0,0.0,0.3002273440361023
2025-08-24 01:00:00,3400.0,0.0,0.24587346613407135
2025-08-24 02:00:00,3400.0,0.0,0.21505938470363617
2025-08-24 03:00:00,3250.0,0.0,0.20447741448879242
2025-08-24 04:00:00,3150.01,0.0,0.20320925116539001
2025-08-24 05:00:00,2725.99,0.0,0.21156972646713257
2025-08-24 06:00:00,2858.9,0.232,0.22153212130069733
2025-08-24 07:00:00,2880.01,0.913597,0.2766542434692383
2025-08-24 08:00:00,1383.99,1.638142,0.413380891084671
2025-08-24 09:00:00,779.99,2.214054,0.4363984763622284
2025-08-24 10:00:00,1000.0,2.622794,0.45945441722869873
2025-08-24 11:00:00,779.99,2.873712,0.44951796531677246
2025-08-24 12:00:00,754.1,2.9216159999999998,0.4597824811935425
2025-08-24 13:00:00,1048.0,2.77409,0.3615110218524933
2025-08-24 14:00:00,1400.0,2.435826,0.3720608055591583
2025-08-24 15:00:00,1000.01,1.929768,0.37848544120788574
2025-08-24 16:00:00,1811.97,1.259211,0.4005674421787262
2025-08-24 17:00:00,2413.64,0.49863799999999997,0.4754082262516022
2025-08-24 18:00:00,3290.0,0.038562,0.4965813457965851
2025-08-24 19:00:00,3400.0,0.0,0.5290745496749878
2025-08-24 20:00:00,3400.0,0.0,0.4859519600868225
2025-08-24 21:00:00,3400.0,0.0,0.4433407187461853
2025-08-24 22:00:00,3290.0,0.0,0.4315629005432129
2025-08-24 23:00:00,2996.0,0.0,0.39556407928466797
2025-08-25 00:00:00,3349.99,0.0,0.25197142362594604
2025-08-25 01:00:00,3230.0,0.0,0.21474774181842804
2025-08-25 02:00:00,2526.99,0.0,0.2038734257221222
2025-08-25 03:00:00,2620.0,0.0,0.19996678829193115
2025-08-25 04:00:00,2901.01,0.0,0.20199765264987946
2025-08-25 05:00:00,2500.0,0.0,0.20593547821044922
2025-08-25 06:00:00,2355.0,0.23575800000000002,0.22857891023159027
2025-08-25 07:00:00,2200.01,0.940553,0.3836110532283783
2025-08-25 08:00:00,3400.0,1.6730820000000002,0.45662400126457214
2025-08-25 09:00:00,3380.0,2.265896,0.41626468300819397
2025-08-25 10:00:00,2451.92,2.683328,0.449553906917572
2025-08-25 11:00:00,2599.99,2.984399,0.4692368805408478
2025-08-25 12:00:00,1584.89,3.020942,0.43063023686408997
2025-08-25 13:00:00,2609.12,2.8466199999999997,0.4295588433742523
2025-08-25 14:00:00,2962.01,2.4971520000000003,0.4112197458744049
2025-08-25 15:00:00,2995.0,1.953249,0.3410564363002777
2025-08-25 16:00:00,3230.0,1.2587490000000001,0.42186811566352844
2025-08-25 17:00:00,3230.01,0.48694099999999996,0.45815032720565796
2025-08-25 18:00:00,3239.06,0.035591,0.523892879486084
2025-08-25 19:00:00,3400.0,0.0,0.532249391078949
2025-08-25 20:00:00,3400.0,0.0,0.5317426323890686
2025-08-25 21:00:00,3339.06,0.0,0.5049595236778259
2025-08-25 22:00:00,3129.99,0.0,0.5028773546218872
2025-08-25 23:00:00,3199.0,0.0,0.4380020201206207
2025-08-26 00:00:00,3242.44,0.0,0.26898396015167236
2025-08-26 01:00:00,3230.01,0.0,0.21534687280654907
2025-08-26 02:00:00,3150.0,0.0,0.21379391849040985
2025-08-26 03:00:00,3118.0,0.0,0.20465649664402008
2025-08-26 04:00:00,2677.99,0.0,0.20425055921077728
2025-08-26 05:00:00,2919.24,0.0,0.21004146337509155
2025-08-26 06:00:00,2844.01,0.229044,0.23445755243301392
2025-08-26 07:00:00,2674.01,0.933813,0.43851977586746216
2025-08-26 08:00:00,3343.24,1.662469,0.47530439496040344
2025-08-26 09:00:00,2899.99,2.234266,0.46466636657714844
2025-08-26 10:00:00,2349.99,2.622493,0.4668322801589966
2025-08-26 11:00:00,2009.63,2.854727,0.43675315380096436
2025-08-26 12:00:00,1000.01,2.8823649999999996,0.4225742220878601
2025-08-26 13:00:00,1899.98,2.716835,0.40564998984336853
2025-08-26 14:00:00,2817.77,2.389577,0.3984273076057434
2025-08-26 15:00:00,2899.99,1.869588,0.37230804562568665
2025-08-26 16:00:00,3150.01,1.193189,0.4352547824382782
2025-08-26 17:00:00,3240.0,0.470804,0.5098194479942322
2025-08-26 18:00:00,3292.46,0.044812,0.5327286124229431
2025-08-26 19:00:00,3400.0,0.0,0.5045793652534485
2025-08-26 20:00:00,3400.0,0.0,0.5285993218421936
2025-08-26 21:00:00,3300.0,0.0,0.49092501401901245
2025-08-26 22:00:00,2725.99,0.0,0.4755207896232605
2025-08-26 23:00:00,2900.01,0.0,0.4375992715358734
2025-08-27 00:00:00,3198.25,0.0,0.28789761662483215
2025-08-27 01:00:00,3093.43,0.0,0.2211482971906662
2025-08-27 02:00:00,2726.0,0.0,0.20719090104103088
2025-08-27 03:00:00,3000.0,0.0,0.21209537982940674
2025-08-27 04:00:00,2899.25,0.0,0.2062581330537796
2025-08-27 05:00:00,2918.12,0.0,0.2085028737783432
2025-08-27 06:00:00,2851.25,0.0,0.23414741456508636
2025-08-27 07:00:00,2250.0,0.784081,0.4042152762413025
2025-08-27 08:00:00,2988.01,1.466931,0.4724653661251068
2025-08-27 09:00:00,2842.99,2.042157,0.46995043754577637
2025-08-27 10:00:00,1899.01,2.472817,0.44747233390808105
2025-08-27 11:00:00,1900.0,2.748329,0.3987793028354645
2025-08-27 12:00:00,1057.0,2.7974520000000003,0.43380144238471985
2025-08-27 13:00:00,2447.99,2.645917,0.4306486248970032
2025-08-27 14:00:00,2880.0,1.137846,0.3828585743904114
2025-08-27 15:00:00,2844.01,0.5114920000000001,0.365852952003479
2025-08-27 16:00:00,3150.0,0.878981,0.42787912487983704
2025-08-27 17:00:00,3230.01,0.33463,0.5035481452941895
2025-08-27 18:00:00,3298.24,0.036436,0.5246390700340271
2025-08-27 19:00:00,3400.0,0.0,0.5287449955940247
2025-08-27 20:00:00,3400.0,0.0,0.5601099729537964
2025-08-27 21:00:00,3298.25,0.0,0.49061042070388794
2025-08-27 22:00:00,2949.99,0.0,0.48583635687828064
2025-08-27 23:00:00,2944.0,0.0,0.4646877348423004
2025-08-28 00:00:00,3189.25,0.0,0.3233714699745178
2025-08-28 01:00:00,3093.01,0.0,0.2219470739364624
2025-08-28 02:00:00,2951.0,0.0,0.20767591893672943
2025-08-28 03:00:00,2856.24,0.0,0.20831385254859924
2025-08-28 04:00:00,2600.0,0.0,0.20928141474723816
2025-08-28 05:00:00,2919.73,0.0,0.21512936055660248
2025-08-28 06:00:00,2888.95,0.007551,0.23986577987670898
2025-08-28 07:00:00,1900.0,0.8128150000000001,0.40269044041633606
2025-08-28 08:00:00,3238.24,0.166128,0.4768279194831848
2025-08-28 09:00:00,2899.01,0.065565,0.482276976108551
2025-08-28 10:00:00,1872.73,0.253116,0.4584610164165497
2025-08-28 11:00:00,1900.0,0.149865,0.4317503273487091
2025-08-28 12:00:00,1000.01,1.494462,0.4098956882953644
2025-08-28 13:00:00,1811.98,2.645123,0.44226938486099243
2025-08-28 14:00:00,3000.0,2.303654,0.41760721802711487
2025-08-28 15:00:00,2880.0,1.7900440000000002,0.38245052099227905
2025-08-28 16:00:00,2800.01,1.1402480000000002,0.41222378611564636
2025-08-28 17:00:00,2990.0,0.450158,0.47071555256843567
2025-08-28 18:00:00,3247.24,0.038097,0.5106577277183533
2025-08-28 19:00:00,3400.0,0.0,0.5147078037261963
2025-08-28 20:00:00,3400.0,0.0,0.5588763356208801
2025-08-28 21:00:00,3390.0,0.0,0.47855299711227417
2025-08-28 22:00:00,3189.24,0.0,0.4688299596309662
2025-08-28 23:00:00,2969.27,0.0,0.41760510206222534
2025-08-29 00:00:00,3128.24,0.0,0.28805238008499146
2025-08-29 01:00:00,2902.01,0.0,0.22253291308879852
2025-08-29 02:00:00,2880.01,0.0,0.20791663229465485
2025-08-29 03:00:00,2695.0,0.0,0.20724274218082428
2025-08-29 04:00:00,2899.02,0.0,0.20562885701656342
2025-08-29 05:00:00,3000.0,0.0,0.21668247878551483
2025-08-29 06:00:00,2875.99,0.19613,0.23746660351753235
2025-08-29 07:00:00,2780.02,0.842175,0.3812204897403717
2025-08-29 08:00:00,3198.1,1.553536,0.447581022977829
2025-08-29 09:00:00,2899.0,2.1523809999999997,0.42770659923553467
2025-08-29 10:00:00,2500.0,2.581037,0.4790603220462799
2025-08-29 11:00:00,2851.25,2.821798,0.41644302010536194
2025-08-29 12:00:00,1811.98,2.863188,0.42568856477737427
2025-08-29 13:00:00,2500.01,2.7152730000000003,0.4166909456253052
2025-08-29 14:00:00,2846.95,2.362978,0.4153825342655182
2025-08-29 15:00:00,3049.98,1.844798,0.32879820466041565
2025-08-29 16:00:00,3118.0,1.172666,0.3798695504665375
2025-08-29 17:00:00,3248.24,0.44129399999999996,0.4357113540172577
2025-08-29 18:00:00,3300.0,0.034262,0.49231138825416565
2025-08-29 19:00:00,3400.0,0.0,0.4847646653652191
2025-08-29 20:00:00,3400.0,0.0,0.5071137547492981
2025-08-29 21:00:00,3400.0,0.0,0.5001325607299805
2025-08-29 22:00:00,3318.24,0.0,0.4647517502307892
2025-08-29 23:00:00,3230.01,0.0,0.40848708152770996
2025-08-30 00:00:00,3400.0,0.0,0.29737749695777893
2025-08-30 01:00:00,3346.25,0.0,0.2316773533821106
2025-08-30 02:00:00,3346.24,0.0,0.21567264199256897
2025-08-30 03:00:00,3249.24,0.0,0.20551079511642456
2025-08-30 04:00:00,3249.24,0.0,0.2050059586763382
2025-08-30 05:00:00,3240.01,0.0,0.21040786802768707
2025-08-30 06:00:00,3240.0,0.210006,0.22612938284873962
2025-08-30 07:00:00,3228.84,0.912416,0.2823091745376587
2025-08-30 08:00:00,3249.24,1.633226,0.42178258299827576
2025-08-30 09:00:00,3330.01,2.171122,0.4553951323032379
2025-08-30 10:00:00,3000.0,2.516502,0.44666787981987
2025-08-30 11:00:00,2448.0,2.686648,0.4018254280090332
2025-08-30 12:00:00,1684.1,2.709309,0.39837777614593506
2025-08-30 13:00:00,2275.0,2.5630680000000003,0.3703742027282715
2025-08-30 14:00:00,1811.97,2.260595,0.39793363213539124
2025-08-30 15:00:00,1899.99,1.772387,0.3775829076766968
2025-08-30 16:00:00,2875.99,1.130103,0.4162933826446533
2025-08-30 17:00:00,3000.0,0.422842,0.491467148065567
2025-08-30 18:00:00,3400.0,0.030135000000000002,0.5203880071640015
2025-08-30 19:00:00,3400.0,0.0,0.5267828702926636
2025-08-30 20:00:00,3400.0,0.0,0.505111038684845
2025-08-30 21:00:00,3400.0,0.0,0.44993388652801514
2025-08-30 22:00:00,3364.16,0.0,0.43476182222366333
2025-08-30 23:00:00,3150.01,0.0,0.428544819355011
2025-08-31 00:00:00,3400.0,0.0,0.3002273440361023
2025-08-31 01:00:00,3380.01,0.0,0.24587346613407135
2025-08-31 02:00:00,3240.0,0.0,0.21505938470363617
2025-08-31 03:00:00,3180.01,0.0,0.20447741448879242
2025-08-31 04:00:00,2896.34,0.0,0.20320925116539001
2025-08-31 05:00:00,2843.0,0.0,0.21156972646713257
2025-08-31 06:00:00,3150.01,0.192357,0.22153212130069733
2025-08-31 07:00:00,2555.01,0.848581,0.2766542434692383
2025-08-31 08:00:00,1355.0,1.539471,0.413380891084671
2025-08-31 09:00:00,1400.0,2.0716840000000003,0.4363984763622284
2025-08-31 10:00:00,800.01,2.4513890000000003,0.45945441722869873
2025-08-31 11:00:00,329.0,2.6203719999999997,0.44951796531677246
2025-08-31 12:00:00,500.0,2.630253,0.4597824811935425
2025-08-31 13:00:00,1394.39,2.434406,0.3615110218524933
2025-08-31 14:00:00,1394.4,2.086621,0.3720608055591583
2025-08-31 15:00:00,511.01,1.621871,0.37848544120788574
2025-08-31 16:00:00,1500.0,1.034534,0.4005674421787262
2025-08-31 17:00:00,2781.0,0.40694400000000003,0.4754082262516022
2025-08-31 18:00:00,3246.0,0.017645,0.4965813457965851
2025-08-31 19:00:00,3400.0,0.0,0.5290745496749878
2025-08-31 20:00:00,3400.0,0.0,0.4859519600868225
2025-08-31 21:00:00,3400.0,0.0,0.4433407187461853
2025-08-31 22:00:00,3400.0,0.0,0.4315629005432129
2025-08-31 23:00:00,3240.0,0.0,0.39556407928466797
2025-09-01 00:00:00,3399.01,0.0,0.25197142362594604
2025-09-01 01:00:00,3375.0,0.0,0.21474774181842804
2025-09-01 02:00:00,3200.0,0.0,0.2038734257221222
2025-09-01 03:00:00,2900.01,0.0,0.19996678829193115
2025-09-01 04:00:00,2620.0,0.0,0.20199765264987946
2025-09-01 05:00:00,2790.0,0.0,0.20593547821044922
2025-09-01 06:00:00,2646.0,0.169442,0.22857891023159027
2025-09-01 07:00:00,2440.99,0.81387,0.3836110532283783
2025-09-01 08:00:00,3242.86,1.533832,0.45662400126457214
2025-09-01 09:00:00,3242.85,2.143002,0.41626468300819397
2025-09-01 10:00:00,2910.11,2.560581,0.449553906917572
2025-09-01 11:00:00,2881.39,2.794511,0.4692368805408478
2025-09-01 12:00:00,2700.0,2.8311509999999998,0.43063023686408997
2025-09-01 13:00:00,3066.2,2.675367,0.4295588433742523
2025-09-01 14:00:00,3200.0,2.3215700000000004,0.4112197458744049
2025-09-01 15:00:00,3310.12,1.790075,0.3410564363002777
2025-09-01 16:00:00,3399.01,1.107663,0.42186811566352844
2025-09-01 17:00:00,3400.0,0.413457,0.45815032720565796
2025-09-01 18:00:00,3400.0,0.018168,0.523892879486084
2025-09-01 19:00:00,3400.0,0.0,0.532249391078949
2025-09-01 20:00:00,3400.0,0.0,0.5317426323890686
2025-09-01 21:00:00,3399.01,0.0,0.5049595236778259
2025-09-01 22:00:00,3399.0,0.0,0.5028773546218872
2025-09-01 23:00:00,2999.99,0.0,0.4380020201206207
2025-09-02 00:00:00,3399.0,0.0,0.26898396015167236
2025-09-02 01:00:00,3375.0,0.0,0.21534687280654907
2025-09-02 02:00:00,3210.01,0.0,0.21379391849040985
2025-09-02 03:00:00,3200.01,0.0,0.20465649664402008
2025-09-02 04:00:00,3048.99,0.0,0.20425055921077728
2025-09-02 05:00:00,2999.98,0.0,0.21004146337509155
2025-09-02 06:00:00,3155.0,0.148096,0.23445755243301392
2025-09-02 07:00:00,2874.0,0.732931,0.43851977586746216
2025-09-02 08:00:00,3399.0,1.392284,0.47530439496040344
2025-09-02 09:00:00,3256.36,1.9690450000000002,0.46466636657714844
2025-09-02 10:00:00,3119.0,0.5502250000000001,0.4668322801589966
2025-09-02 11:00:00,2840.28,1.520094,0.43675315380096436
2025-09-02 12:00:00,1811.98,0.28168099999999996,0.4225742220878601
2025-09-02 13:00:00,2750.25,0.384625,0.40564998984336853
2025-09-02 14:00:00,2607.64,2.196633,0.3984273076057434
2025-09-02 15:00:00,2987.09,1.6782650000000001,0.37230804562568665
2025-09-02 16:00:00,3180.01,1.034492,0.4352547824382782
2025-09-02 17:00:00,3300.0,0.39652,0.5098194479942322
2025-09-02 18:00:00,3299.99,0.011191000000000001,0.5327286124229431
2025-09-02 19:00:00,3346.25,0.0,0.5045793652534485
2025-09-02 20:00:00,3346.25,0.0,0.5285993218421936
2025-09-02 21:00:00,3100.01,0.0,0.49092501401901245
2025-09-02 22:00:00,3180.0,0.0,0.4755207896232605
2025-09-02 23:00:00,3089.0,0.0,0.4375992715358734
2025-09-03 00:00:00,3230.0,0.0,0.28789761662483215
2025-09-03 01:00:00,3210.0,0.0,0.2211482971906662
2025-09-03 02:00:00,3180.0,0.0,0.20719090104103088
2025-09-03 03:00:00,3180.0,0.0,0.21209537982940674
2025-09-03 04:00:00,2550.0,0.0,0.2062581330537796
2025-09-03 05:00:00,2944.84,0.0,0.2085028737783432
2025-09-03 06:00:00,2966.06,0.143089,0.23414741456508636
2025-09-03 07:00:00,2799.25,0.726163,0.4042152762413025
2025-09-03 08:00:00,3199.88,1.3938009999999998,0.4724653661251068
2025-09-03 09:00:00,3199.87,1.988155,0.46995043754577637
2025-09-03 10:00:00,2990.99,2.40087,0.44747233390808105
2025-09-03 11:00:00,2959.73,2.635944,0.3987793028354645
2025-09-03 12:00:00,1899.99,2.674512,0.43380144238471985
2025-09-03 13:00:00,2564.45,2.5145839999999997,0.4306486248970032
2025-09-03 14:00:00,2399.83,2.190527,0.3828585743904114
2025-09-03 15:00:00,2620.0,1.671616,0.365852952003479
2025-09-03 16:00:00,3052.02,1.020415,0.42787912487983704
2025-09-03 17:00:00,3210.0,0.15373699999999998,0.5035481452941895
2025-09-03 18:00:00,3215.23,0.0058330000000000005,0.5246390700340271
2025-09-03 19:00:00,3375.0,0.0,0.5287449955940247
2025-09-03 20:00:00,3378.01,0.0,0.5601099729537964
2025-09-03 21:00:00,3374.99,0.0,0.49061042070388794
2025-09-03 22:00:00,3200.0,0.0,0.48583635687828064
2025-09-03 23:00:00,3085.48,0.0,0.4646877348423004
2025-09-04 00:00:00,3201.12,0.0,0.3233714699745178
2025-09-04 01:00:00,3140.01,0.0,0.2219470739364624
2025-09-04 02:00:00,3130.0,0.0,0.20767591893672943
2025-09-04 03:00:00,2646.0,0.0,0.20831385254859924
2025-09-04 04:00:00,2480.99,0.0,0.20928141474723816
2025-09-04 05:00:00,2880.0,0.0,0.21512936055660248
2025-09-04 06:00:00,2600.66,0.15770099999999998,0.23986577987670898
2025-09-04 07:00:00,2616.0,0.7937649999999999,0.40269044041633606
2025-09-04 08:00:00,3099.0,1.48649,0.4768279194831848
2025-09-04 09:00:00,2876.0,2.0599279999999998,0.482276976108551
2025-09-04 10:00:00,2526.99,2.469381,0.4584610164165497
2025-09-04 11:00:00,2367.01,2.626541,0.4317503273487091
2025-09-04 12:00:00,1811.98,2.6549940000000003,0.4098956882953644
2025-09-04 13:00:00,3049.0,2.5002649999999997,0.44226938486099243
2025-09-04 14:00:00,3320.0,2.181381,0.41760721802711487
2025-09-04 15:00:00,3140.0,1.671107,0.38245052099227905
2025-09-04 16:00:00,3140.01,1.019563,0.41222378611564636
2025-09-04 17:00:00,3399.0,0.375664,0.47071555256843567
2025-09-04 18:00:00,3399.0,0.004041,0.5106577277183533
2025-09-04 19:00:00,3399.0,0.0,0.5147078037261963
2025-09-04 20:00:00,3399.0,0.0,0.5588763356208801
2025-09-04 21:00:00,3399.0,0.0,0.47855299711227417
2025-09-04 22:00:00,3263.78,0.0,0.4688299596309662
2025-09-04 23:00:00,3180.0,0.0,0.41760510206222534
2025-09-05 00:00:00,3298.02,0.0,0.28805238008499146
2025-09-05 01:00:00,3190.0,0.0,0.22253291308879852
2025-09-05 02:00:00,2880.01,0.0,0.20791663229465485
2025-09-05 03:00:00,3048.99,0.0,0.20724274218082428
2025-09-05 04:00:00,2999.98,0.0,0.20562885701656342
2025-09-05 05:00:00,2999.99,0.0,0.21668247878551483
2025-09-05 06:00:00,2999.99,0.159552,0.23746660351753235
2025-09-05 07:00:00,2900.26,0.7938970000000001,0.3812204897403717
2025-09-05 08:00:00,3267.95,1.477422,0.447581022977829
2025-09-05 09:00:00,3267.95,2.0476959999999997,0.42770659923553467
2025-09-05 10:00:00,3118.0,2.472375,0.4790603220462799
2025-09-05 11:00:00,2972.21,2.7588310000000003,0.41644302010536194
2025-09-05 12:00:00,1899.99,2.8044070000000003,0.42568856477737427
2025-09-05 13:00:00,2439.99,2.646589,0.4166909456253052
2025-09-05 14:00:00,2700.0,2.298361,0.4153825342655182
2025-09-05 15:00:00,3024.07,1.784756,0.32879820466041565
2025-09-05 16:00:00,3199.0,1.096685,0.3798695504665375
2025-09-05 17:00:00,3395.0,0.357909,0.4357113540172577
2025-09-05 18:00:00,3395.0,0.010646000000000001,0.49231138825416565
2025-09-05 19:00:00,3395.0,0.0,0.4847646653652191
2025-09-05 20:00:00,3395.01,0.0,0.5071137547492981
2025-09-05 21:00:00,3395.01,0.0,0.5001325607299805
2025-09-05 22:00:00,3395.0,0.0,0.4647517502307892
2025-09-05 23:00:00,3297.99,0.0,0.40848708152770996
2025-09-06 00:00:00,3395.0,0.0,0.29737749695777893
2025-09-06 01:00:00,3190.01,0.0,0.2316773533821106
2025-09-06 02:00:00,3190.0,0.0,0.21567264199256897
2025-09-06 03:00:00,3160.01,0.0,0.20551079511642456
2025-09-06 04:00:00,3130.0,0.0,0.2050059586763382
2025-09-06 05:00:00,3130.0,0.0,0.21040786802768707
2025-09-06 06:00:00,3160.01,0.15616999999999998,0.22612938284873962
2025-09-06 07:00:00,3280.01,0.800398,0.2823091745376587
2025-09-06 08:00:00,3297.02,1.520094,0.42178258299827576
2025-09-06 09:00:00,2979.64,2.12765,0.4553951323032379
2025-09-06 10:00:00,2886.47,2.554233,0.44666787981987
2025-09-06 11:00:00,2888.47,2.781662,0.4018254280090332
2025-09-06 12:00:00,1900.0,0.677591,0.39837777614593506
2025-09-06 13:00:00,3085.0,2.6209540000000002,0.3703742027282715
2025-09-06 14:00:00,2913.64,2.229149,0.39793363213539124
2025-09-06 15:00:00,2472.0,1.693568,0.3775829076766968
2025-09-06 16:00:00,3000.01,1.0304980000000001,0.4162933826446533
2025-09-06 17:00:00,3099.99,0.365113,0.491467148065567
2025-09-06 18:00:00,3198.26,0.0,0.5203880071640015
2025-09-06 19:00:00,3395.0,0.0,0.5267828702926636
2025-09-06 20:00:00,3395.0,0.0,0.505111038684845
2025-09-06 21:00:00,3350.0,0.0,0.44993388652801514
2025-09-06 22:00:00,3090.0,0.0,0.43476182222366333
2025-09-06 23:00:00,3130.0,0.0,0.428544819355011
2025-09-07 00:00:00,3190.01,0.0,0.3002273440361023
2025-09-07 01:00:00,3180.01,0.0,0.24587346613407135
2025-09-07 02:00:00,2646.0,0.0,0.21505938470363617
2025-09-07 03:00:00,3088.87,0.0,0.20447741448879242
2025-09-07 04:00:00,2945.99,0.0,0.20320925116539001
2025-09-07 05:00:00,3087.1,0.0,0.21156972646713257
2025-09-07 06:00:00,3180.0,0.15835300000000002,0.22153212130069733
2025-09-07 07:00:00,2986.02,0.007988,0.2766542434692383
2025-09-07 08:00:00,1355.0,0.626812,0.413380891084671
2025-09-07 09:00:00,1364.39,2.118748,0.4363984763622284
2025-09-07 10:00:00,582.0,0.992639,0.45945441722869873
2025-09-07 11:00:00,999.99,0.9521989999999999,0.44951796531677246
2025-09-07 12:00:00,582.0,2.742385,0.4597824811935425
2025-09-07 13:00:00,1001.01,2.602414,0.3615110218524933
2025-09-07 14:00:00,1600.0,2.269122,0.3720608055591583
2025-09-07 15:00:00,999.99,1.731366,0.37848544120788574
2025-09-07 16:00:00,1401.01,1.06229,0.4005674421787262
2025-09-07 17:00:00,2708.0,0.356937,0.4754082262516022
2025-09-07 18:00:00,3253.35,0.0,0.4965813457965851
2025-09-07 19:00:00,3290.0,0.0,0.5290745496749878
2025-09-07 20:00:00,3288.88,0.0,0.4859519600868225
2025-09-07 21:00:00,3199.0,0.0,0.4433407187461853
2025-09-07 22:00:00,3199.0,0.0,0.4315629005432129
2025-09-07 23:00:00,3130.0,0.0,0.39556407928466797
2025-09-08 00:00:00,3249.99,0.0,0.25197142362594604
2025-09-08 01:00:00,2600.0,0.0,0.21474774181842804
2025-09-08 02:00:00,2899.98,0.0,0.2038734257221222
2025-09-08 03:00:00,3085.0,0.0,0.19996678829193115
2025-09-08 04:00:00,2275.01,0.0,0.20199765264987946
2025-09-08 05:00:00,2323.0,0.0,0.20593547821044922
2025-09-08 06:00:00,2892.46,0.0,0.22857891023159027
2025-09-08 07:00:00,2857.18,0.942791,0.3836110532283783
2025-09-08 08:00:00,3395.0,0.050902,0.45662400126457214
2025-09-08 09:00:00,3395.0,2.362384,0.41626468300819397
2025-09-08 10:00:00,2857.18,2.7968040000000003,0.449553906917572
2025-09-08 11:00:00,2857.18,2.463221,0.4692368805408478
2025-09-08 12:00:00,1643.6,3.035715,0.43063023686408997
2025-09-08 13:00:00,2857.17,2.834541,0.4295588433742523
2025-09-08 14:00:00,3074.0,2.409138,0.4112197458744049
2025-09-08 15:00:00,2801.0,1.8339320000000001,0.3410564363002777
2025-09-08 16:00:00,2800.01,1.1028330000000002,0.42186811566352844
2025-09-08 17:00:00,3245.99,0.34593,0.45815032720565796
2025-09-08 18:00:00,3230.26,0.0,0.523892879486084
2025-09-08 19:00:00,3395.0,0.0,0.532249391078949
2025-09-08 20:00:00,3395.0,0.0,0.5317426323890686
2025-09-08 21:00:00,3392.27,0.0,0.5049595236778259
2025-09-08 22:00:00,3229.99,0.0,0.5028773546218872
2025-09-08 23:00:00,3074.01,0.0,0.4380020201206207
2025-09-09 00:00:00,3395.01,0.0,0.26898396015167236
2025-09-09 01:00:00,3394.26,0.0,0.21534687280654907
2025-09-09 02:00:00,3301.0,0.0,0.21379391849040985
2025-09-09 03:00:00,3198.1,0.0,0.20465649664402008
2025-09-09 04:00:00,2790.01,0.0,0.20425055921077728
2025-09-09 05:00:00,2885.3,0.0,0.21004146337509155
2025-09-09 06:00:00,2949.99,0.18221199999999999,0.23445755243301392
2025-09-09 07:00:00,2880.0,0.429674,0.43851977586746216
2025-09-09 08:00:00,3316.99,0.936578,0.47530439496040344
2025-09-09 09:00:00,2988.0,2.288777,0.46466636657714844
2025-09-09 10:00:00,2945.99,1.493824,0.4668322801589966
2025-09-09 11:00:00,2801.0,1.15404,0.43675315380096436
2025-09-09 12:00:00,1811.97,1.137463,0.4225742220878601
2025-09-09 13:00:00,2725.77,0.948834,0.40564998984336853
2025-09-09 14:00:00,2945.99,2.323276,0.3984273076057434
2025-09-09 15:00:00,2922.55,1.798875,0.37230804562568665
2025-09-09 16:00:00,3155.0,1.087722,0.4352547824382782
2025-09-09 17:00:00,3395.0,0.33161599999999997,0.5098194479942322
2025-09-09 18:00:00,3395.0,0.0,0.5327286124229431
2025-09-09 19:00:00,3395.01,0.0,0.5045793652534485
2025-09-09 20:00:00,3395.01,0.0,0.5285993218421936
2025-09-09 21:00:00,3395.01,0.0,0.49092501401901245
2025-09-09 22:00:00,3317.0,0.0,0.4755207896232605
2025-09-09 23:00:00,2922.09,0.0,0.4375992715358734
2025-09-10 00:00:00,3380.01,0.0,0.28789761662483215
2025-09-10 01:00:00,3350.01,0.0,0.2211482971906662
2025-09-10 02:00:00,3118.0,0.0,0.20719090104103088
2025-09-10 03:00:00,3027.2,0.0,0.21209537982940674
2025-09-10 04:00:00,3149.38,0.0,0.2062581330537796
2025-09-10 05:00:00,3155.01,0.0,0.2085028737783432
2025-09-10 06:00:00,3249.99,0.169202,0.23414741456508636
2025-09-10 07:00:00,2880.0,0.90185,0.4042152762413025
2025-09-10 08:00:00,3130.0,1.6651790000000002,0.4724653661251068
2025-09-10 09:00:00,2621.99,2.250699,0.46995043754577637
2025-09-10 10:00:00,2875.0,2.6642840000000003,0.44747233390808105
2025-09-10 11:00:00,2750.0,2.8692469999999997,0.3987793028354645
2025-09-10 12:00:00,1753.0,2.396451,0.43380144238471985
2025-09-10 13:00:00,2210.11,2.696872,0.4306486248970032
2025-09-10 14:00:00,2914.43,2.303171,0.3828585743904114
2025-09-10 15:00:00,2899.99,1.766545,0.365852952003479
2025-09-10 16:00:00,3014.01,1.059179,0.42787912487983704
2025-09-10 17:00:00,3264.02,0.312928,0.5035481452941895
2025-09-10 18:00:00,3397.54,0.0,0.5246390700340271
2025-09-10 19:00:00,3397.55,0.0,0.5287449955940247
2025-09-10 20:00:00,3397.54,0.0,0.5601099729537964
2025-09-10 21:00:00,3397.54,0.0,0.49061042070388794
2025-09-10 22:00:00,3014.0,0.0,0.48583635687828064
2025-09-10 23:00:00,3130.0,0.0,0.4646877348423004
2025-09-11 00:00:00,3299.98,0.0,0.3233714699745178
2025-09-11 01:00:00,3155.0,0.0,0.2219470739364624
2025-09-11 02:00:00,3129.99,0.0,0.20767591893672943
2025-09-11 03:00:00,3150.01,0.0,0.20831385254859924
2025-09-11 04:00:00,3093.96,0.0,0.20928141474723816
2025-09-11 05:00:00,3113.55,0.0,0.21512936055660248
2025-09-11 06:00:00,3150.0,0.17341,0.23986577987670898
2025-09-11 07:00:00,2844.33,0.93375,0.40269044041633606
2025-09-11 08:00:00,3280.02,1.721234,0.4768279194831848
2025-09-11 09:00:00,3085.0,2.3193919999999997,0.482276976108551
2025-09-11 10:00:00,2857.0,2.70142,0.4584610164165497
2025-09-11 11:00:00,2837.67,2.8932330000000004,0.4317503273487091
2025-09-11 12:00:00,1650.01,2.888674,0.4098956882953644
2025-09-11 13:00:00,2694.75,2.7014169999999997,0.44226938486099243
2025-09-11 14:00:00,2995.0,2.3425949999999998,0.41760721802711487
2025-09-11 15:00:00,3130.0,1.798058,0.38245052099227905
2025-09-11 16:00:00,3150.01,1.070237,0.41222378611564636
2025-09-11 17:00:00,3395.01,0.30305200000000004,0.47071555256843567
2025-09-11 18:00:00,3396.45,0.0,0.5106577277183533
2025-09-11 19:00:00,3396.46,0.0,0.5147078037261963
2025-09-11 20:00:00,3396.45,0.0,0.5588763356208801
2025-09-11 21:00:00,3396.45,0.0,0.47855299711227417
2025-09-11 22:00:00,3293.06,0.0,0.4688299596309662
2025-09-11 23:00:00,3200.0,0.0,0.41760510206222534
2025-09-12 00:00:00,3299.99,0.0,0.28805238008499146
2025-09-12 01:00:00,3180.01,0.0,0.22253291308879852
2025-09-12 02:00:00,2900.01,0.0,0.20791663229465485
2025-09-12 03:00:00,3118.0,0.0,0.20724274218082428
2025-09-12 04:00:00,3129.99,0.0,0.20562885701656342
2025-09-12 05:00:00,3150.01,0.0,0.21668247878551483
2025-09-12 06:00:00,3180.01,0.153303,0.23746660351753235
2025-09-12 07:00:00,3230.0,0.868623,0.3812204897403717
2025-09-12 08:00:00,3395.0,1.605961,0.447581022977829
2025-09-12 09:00:00,3360.01,2.166064,0.42770659923553467
2025-09-12 10:00:00,2937.0,2.559265,0.4790603220462799
2025-09-12 11:00:00,3145.01,2.758791,0.41644302010536194
2025-09-12 12:00:00,2250.0,2.793886,0.42568856477737427
2025-09-12 13:00:00,1899.98,2.622632,0.4166909456253052
2025-09-12 14:00:00,2500.01,2.218112,0.4153825342655182
2025-09-12 15:00:00,2790.0,0.8124199999999999,0.32879820466041565
2025-09-12 16:00:00,3130.0,0.258152,0.3798695504665375
2025-09-12 17:00:00,3360.01,0.0,0.4357113540172577
2025-09-12 18:00:00,3399.34,0.0,0.49231138825416565
2025-09-12 19:00:00,3399.34,0.0,0.4847646653652191
2025-09-12 20:00:00,3399.34,0.0,0.5071137547492981
2025-09-12 21:00:00,3399.34,0.0,0.5001325607299805
2025-09-12 22:00:00,3180.01,0.0,0.4647517502307892
2025-09-12 23:00:00,2935.83,0.0,0.40848708152770996
2025-09-13 00:00:00,3389.99,0.0,0.29737749695777893
2025-09-13 01:00:00,3220.01,0.0,0.2316773533821106
2025-09-13 02:00:00,3200.01,0.0,0.21567264199256897
2025-09-13 03:00:00,3117.99,0.0,0.20551079511642456
2025-09-13 04:00:00,2124.99,0.0,0.2050059586763382
2025-09-13 05:00:00,2892.87,0.0,0.21040786802768707
2025-09-13 06:00:00,2910.11,0.165815,0.22612938284873962
2025-09-13 07:00:00,2875.99,0.942884,0.2823091745376587
2025-09-13 08:00:00,2650.0,1.74907,0.42178258299827576
2025-09-13 09:00:00,1899.99,2.354492,0.4553951323032379
2025-09-13 10:00:00,1123.97,2.768207,0.44666787981987
2025-09-13 11:00:00,1400.0,2.9732890000000003,0.4018254280090332
2025-09-13 12:00:00,1000.0,2.9675230000000004,0.39837777614593506
2025-09-13 13:00:00,1694.99,2.746928,0.3703742027282715
2025-09-13 14:00:00,1001.01,2.3370729999999997,0.39793363213539124
2025-09-13 15:00:00,748.01,1.7791869999999999,0.3775829076766968
2025-09-13 16:00:00,2875.99,1.03845,0.4162933826446533
2025-09-13 17:00:00,3250.0,0.279466,0.491467148065567
2025-09-13 18:00:00,3395.0,0.0,0.5203880071640015
2025-09-13 19:00:00,3399.34,0.0,0.5267828702926636
2025-09-13 20:00:00,3395.0,0.0,0.505111038684845
2025-09-13 21:00:00,3299.99,0.0,0.44993388652801514
2025-09-13 22:00:00,2900.0,0.0,0.43476182222366333
2025-09-13 23:00:00,2814.74,0.0,0.428544819355011
2025-09-14 00:00:00,3257.2,0.0,0.3002273440361023
2025-09-14 01:00:00,3088.0,0.0,0.24587346613407135
2025-09-14 02:00:00,2564.0,0.0,0.21505938470363617
2025-09-14 03:00:00,2757.0,0.0,0.20447741448879242
2025-09-14 04:00:00,2551.01,0.0,0.20320925116539001
2025-09-14 05:00:00,2857.0,0.0,0.21156972646713257
2025-09-14 06:00:00,2919.0,0.147468,0.22153212130069733
2025-09-14 07:00:00,1753.0,0.005371000000000001,0.2766542434692383
2025-09-14 08:00:00,251.0,0.369293,0.413380891084671
2025-09-14 09:00:00,128.28,0.234679,0.4363984763622284
2025-09-14 10:00:00,100.01,1.9091749999999998,0.45945441722869873
2025-09-14 11:00:00,35.01,2.913833,0.44951796531677246
2025-09-14 12:00:00,50.0,2.929838,0.4597824811935425
2025-09-14 13:00:00,128.01,2.752323,0.3615110218524933
2025-09-14 14:00:00,135.01,2.361742,0.3720608055591583
2025-09-14 15:00:00,250.0,1.803606,0.37848544120788574
2025-09-14 16:00:00,2904.49,1.0440209999999999,0.4005674421787262
2025-09-14 17:00:00,3297.24,0.27401400000000004,0.4754082262516022
2025-09-14 18:00:00,3399.34,0.0,0.4965813457965851
2025-09-14 19:00:00,3399.34,0.0,0.5290745496749878
2025-09-14 20:00:00,3399.34,0.0,0.4859519600868225
2025-09-14 21:00:00,3399.34,0.0,0.4433407187461853
2025-09-14 22:00:00,3300.0,0.0,0.4315629005432129
2025-09-14 23:00:00,3240.0,0.0,0.39556407928466797
2025-09-15 00:00:00,3240.01,0.0,0.25197142362594604
2025-09-15 01:00:00,3180.0,0.0,0.21474774181842804
2025-09-15 02:00:00,2646.0,0.0,0.2038734257221222
2025-09-15 03:00:00,2554.01,0.0,0.19996678829193115
2025-09-15 04:00:00,2535.99,0.0,0.20199765264987946
2025-09-15 05:00:00,2843.0,0.0,0.20593547821044922
2025-09-15 06:00:00,2842.99,0.078181,0.22857891023159027
2025-09-15 07:00:00,2849.99,0.47440699999999997,0.3836110532283783
2025-09-15 08:00:00,3369.78,1.7198879999999999,0.45662400126457214
2025-09-15 09:00:00,3153.01,1.002436,0.41626468300819397
2025-09-15 10:00:00,2994.59,1.946796,0.449553906917572
2025-09-15 11:00:00,2451.0,2.401116,0.4692368805408478
2025-09-15 12:00:00,1443.59,2.911538,0.43063023686408997
2025-09-15 13:00:00,2755.58,2.21186,0.4295588433742523
2025-09-15 14:00:00,3180.0,2.3129899999999997,0.4112197458744049
2025-09-15 15:00:00,3094.0,1.7376980000000002,0.3410564363002777
2025-09-15 16:00:00,3320.01,0.9894550000000001,0.42186811566352844
2025-09-15 17:00:00,3399.0,0.25620600000000004,0.45815032720565796
2025-09-15 18:00:00,3399.0,0.0,0.523892879486084
2025-09-15 19:00:00,3399.01,0.0,0.532249391078949
2025-09-15 20:00:00,3399.0,0.0,0.5317426323890686
2025-09-15 21:00:00,3399.0,0.0,0.5049595236778259
2025-09-15 22:00:00,3329.01,0.0,0.5028773546218872
2025-09-15 23:00:00,2857.0,0.0,0.4380020201206207
2025-09-16 00:00:00,3398.38,0.0,0.26898396015167236
2025-09-16 01:00:00,3180.01,0.0,0.21534687280654907
2025-09-16 02:00:00,2950.99,0.0,0.21379391849040985
2025-09-16 03:00:00,2538.0,0.0,0.20465649664402008
2025-09-16 04:00:00,2536.99,0.0,0.20425055921077728
2025-09-16 05:00:00,2645.99,0.0,0.21004146337509155
2025-09-16 06:00:00,3250.0,0.125908,0.23445755243301392
2025-09-16 07:00:00,2850.01,0.824316,0.43851977586746216
2025-09-16 08:00:00,3356.02,1.611604,0.47530439496040344
2025-09-16 09:00:00,2623.54,2.2386559999999998,0.46466636657714844
2025-09-16 10:00:00,2450.0,2.67632,0.4668322801589966
2025-09-16 11:00:00,2450.99,2.9028780000000003,0.43675315380096436
2025-09-16 12:00:00,1000.0,2.937807,0.4225742220878601
2025-09-16 13:00:00,2025.1,2.7491529999999997,0.40564998984336853
2025-09-16 14:00:00,2946.0,2.32986,0.3984273076057434
2025-09-16 15:00:00,2616.0,1.744341,0.37230804562568665
2025-09-16 16:00:00,3170.01,0.9901559999999999,0.4352547824382782
2025-09-16 17:00:00,3399.0,0.257885,0.5098194479942322
2025-09-16 18:00:00,3399.0,0.0,0.5327286124229431
2025-09-16 19:00:00,3399.01,0.0,0.5045793652534485
2025-09-16 20:00:00,3399.0,0.0,0.5285993218421936
2025-09-16 21:00:00,3399.0,0.0,0.49092501401901245
2025-09-16 22:00:00,3356.02,0.0,0.4755207896232605
2025-09-16 23:00:00,3250.01,0.0,0.4375992715358734
2025-09-17 00:00:00,3316.99,0.0,0.28789761662483215
2025-09-17 01:00:00,3180.01,0.0,0.2211482971906662
2025-09-17 02:00:00,2945.99,0.0,0.20719090104103088
2025-09-17 03:00:00,2645.99,0.0,0.21209537982940674
2025-09-17 04:00:00,2646.0,0.0,0.2062581330537796
2025-09-17 05:00:00,3290.0,0.0,0.2085028737783432
2025-09-17 06:00:00,3375.01,0.13833099999999998,0.23414741456508636
2025-09-17 07:00:00,3057.17,0.8996730000000001,0.4042152762413025
2025-09-17 08:00:00,3398.38,1.700616,0.4724653661251068
2025-09-17 09:00:00,3003.23,2.314282,0.46995043754577637
2025-09-17 10:00:00,2955.94,2.713801,0.44747233390808105
2025-09-17 11:00:00,2646.0,2.9536759999999997,0.3987793028354645
2025-09-17 12:00:00,1899.99,2.9666080000000004,0.43380144238471985
2025-09-17 13:00:00,2455.0,2.772875,0.4306486248970032
2025-09-17 14:00:00,3129.99,2.3846309999999997,0.3828585743904114
2025-09-17 15:00:00,3180.01,1.821779,0.365852952003479
2025-09-17 16:00:00,3399.54,1.0342719999999999,0.42787912487983704
2025-09-17 17:00:00,3400.0,0.235695,0.5035481452941895
2025-09-17 18:00:00,3400.0,0.0,0.5246390700340271
2025-09-17 19:00:00,3400.0,0.0,0.5287449955940247
2025-09-17 20:00:00,3399.55,0.0,0.5601099729537964
2025-09-17 21:00:00,3399.54,0.0,0.49061042070388794
2025-09-17 22:00:00,3298.38,0.0,0.48583635687828064
2025-09-17 23:00:00,2450.99,0.0,0.4646877348423004
2025-09-18 00:00:00,3316.99,0.0,0.3233714699745178
2025-09-18 01:00:00,3100.01,0.0,0.2219470739364624
2025-09-18 02:00:00,2828.0,0.0,0.20767591893672943
2025-09-18 03:00:00,2328.0,0.0,0.20831385254859924
2025-09-18 04:00:00,2790.01,0.0,0.20928141474723816
2025-09-18 05:00:00,2876.0,0.0,0.21512936055660248
2025-09-18 06:00:00,3299.0,0.15607,0.23986577987670898
2025-09-18 07:00:00,2275.0,0.9617640000000001,0.40269044041633606
2025-09-18 08:00:00,3199.01,1.76942,0.4768279194831848
2025-09-18 09:00:00,3117.99,2.333257,0.482276976108551
2025-09-18 10:00:00,1752.99,2.710018,0.4584610164165497
2025-09-18 11:00:00,1753.0,2.8944,0.4317503273487091
2025-09-18 12:00:00,748.0,2.9066970000000003,0.4098956882953644
2025-09-18 13:00:00,1752.99,2.7281880000000003,0.44226938486099243
2025-09-18 14:00:00,1752.99,2.3537939999999997,0.41760721802711487
2025-09-18 15:00:00,1570.01,1.7862360000000002,0.38245052099227905
2025-09-18 16:00:00,3034.01,1.012252,0.41222378611564636
2025-09-18 17:00:00,3245.99,0.222352,0.47071555256843567
2025-09-18 18:00:00,3299.99,0.0,0.5106577277183533
2025-09-18 19:00:00,3400.0,0.0,0.5147078037261963
2025-09-18 20:00:00,3350.01,0.0,0.5588763356208801
2025-09-18 21:00:00,3245.99,0.0,0.47855299711227417
2025-09-18 22:00:00,3034.01,0.0,0.4688299596309662
2025-09-18 23:00:00,2679.99,0.0,0.41760510206222534
2025-09-19 00:00:00,3333.82,0.0,0.28805238008499146
2025-09-19 01:00:00,3104.77,0.0,0.22253291308879852
2025-09-19 02:00:00,2842.99,0.0,0.20791663229465485
2025-09-19 03:00:00,2323.0,0.0,0.20724274218082428
2025-09-19 04:00:00,1900.0,0.0,0.20562885701656342
2025-09-19 05:00:00,2231.49,0.0,0.21668247878551483
2025-09-19 06:00:00,3097.0,0.132714,0.23746660351753235
2025-09-19 07:00:00,2329.99,0.8887039999999999,0.3812204897403717
2025-09-19 08:00:00,3194.99,1.6443219999999998,0.447581022977829
2025-09-19 09:00:00,1600.0,2.149556,0.42770659923553467
2025-09-19 10:00:00,1400.0,2.481646,0.4790603220462799
2025-09-19 11:00:00,1752.99,2.6468510000000003,0.41644302010536194
2025-09-19 12:00:00,251.0,2.669496,0.42568856477737427
2025-09-19 13:00:00,504.01,2.536099,0.4166909456253052
2025-09-19 14:00:00,1001.01,2.204701,0.4153825342655182
2025-09-19 15:00:00,715.1,1.6807509999999999,0.32879820466041565
2025-09-19 16:00:00,2210.11,0.943391,0.3798695504665375
2025-09-19 17:00:00,3129.99,0.207304,0.4357113540172577
2025-09-19 18:00:00,3199.01,0.0,0.49231138825416565
2025-09-19 19:00:00,3380.01,0.0,0.4847646653652191
2025-09-19 20:00:00,3249.99,0.0,0.5071137547492981
2025-09-19 21:00:00,3199.99,0.0,0.5001325607299805
2025-09-19 22:00:00,3029.0,0.0,0.4647517502307892
2025-09-19 23:00:00,2749.98,0.0,0.40848708152770996
2025-09-20 00:00:00,3299.98,0.0,0.29737749695777893
2025-09-20 01:00:00,2951.23,0.0,0.2316773533821106
2025-09-20 02:00:00,1899.98,0.0,0.21567264199256897
2025-09-20 03:00:00,2712.99,0.0,0.20551079511642456
2025-09-20 04:00:00,2744.01,0.0,0.2050059586763382
2025-09-20 05:00:00,2815.51,0.0,0.21040786802768707
2025-09-20 06:00:00,2900.01,0.115482,0.22612938284873962
2025-09-20 07:00:00,1400.0,0.8459500000000001,0.2823091745376587
2025-09-20 08:00:00,1384.79,1.6314259999999998,0.42178258299827576
2025-09-20 09:00:00,1570.0,2.2514659999999997,0.4553951323032379
2025-09-20 10:00:00,355.99,2.683848,0.44666787981987
2025-09-20 11:00:00,151.01,2.8686,0.4018254280090332
2025-09-20 12:00:00,128.27,2.877675,0.39837777614593506
2025-09-20 13:00:00,129.01,2.662728,0.3703742027282715
2025-09-20 14:00:00,129.0,2.24308,0.39793363213539124
2025-09-20 15:00:00,130.01,1.646512,0.3775829076766968
2025-09-20 16:00:00,1049.99,0.88971,0.4162933826446533
2025-09-20 17:00:00,2662.0,0.202172,0.491467148065567
2025-09-20 18:00:00,3300.0,0.0,0.5203880071640015
2025-09-20 19:00:00,3400.0,0.0,0.5267828702926636
2025-09-20 20:00:00,3390.0,0.0,0.505111038684845
2025-09-20 21:00:00,3194.0,0.0,0.44993388652801514
2025-09-20 22:00:00,2946.0,0.0,0.43476182222366333
2025-09-20 23:00:00,2938.39,0.0,0.428544819355011
2025-09-21 00:00:00,2600.27,0.0,0.3002273440361023
2025-09-21 01:00:00,1899.99,0.0,0.24587346613407135
2025-09-21 02:00:00,1500.01,0.0,0.21505938470363617
2025-09-21 03:00:00,1400.0,0.0,0.20447741448879242
2025-09-21 04:00:00,1752.99,0.0,0.20320925116539001
2025-09-21 05:00:00,1752.99,0.0,0.21156972646713257
2025-09-21 06:00:00,1899.98,0.076071,0.22153212130069733
2025-09-21 07:00:00,1749.0,0.736309,0.2766542434692383
2025-09-21 08:00:00,100.0,0.024932,0.413380891084671
2025-09-21 09:00:00,0.0,0.447942,0.4363984763622284
2025-09-21 10:00:00,0.0,0.504389,0.45945441722869873
2025-09-21 11:00:00,0.0,0.669408,0.44951796531677246
2025-09-21 12:00:00,0.0,0.13969700000000002,0.4597824811935425
2025-09-21 13:00:00,0.0,0.27241899999999997,0.3615110218524933
2025-09-21 14:00:00,0.0,0.056135,0.3720608055591583
2025-09-21 15:00:00,25.0,0.036596,0.37848544120788574
2025-09-21 16:00:00,200.01,0.04871,0.4005674421787262
2025-09-21 17:00:00,2412.05,0.00088,0.4754082262516022
2025-09-21 18:00:00,3389.99,0.0,0.4965813457965851
2025-09-21 19:00:00,3389.99,0.0,0.5290745496749878
2025-09-21 20:00:00,3300.26,0.0,0.4859519600868225
2025-09-21 21:00:00,3145.0,0.0,0.4433407187461853
2025-09-21 22:00:00,2700.01,0.0,0.4315629005432129
2025-09-21 23:00:00,2726.23,0.0,0.39556407928466797
2025-09-22 00:00:00,3100.01,0.0,0.25197142362594604
2025-09-22 01:00:00,2900.01,0.0,0.21474774181842804
2025-09-22 02:00:00,2616.0,0.0,0.2038734257221222
2025-09-22 03:00:00,2199.18,0.0,0.19996678829193115
2025-09-22 04:00:00,1899.99,0.0,0.20199765264987946
2025-09-22 05:00:00,2616.0,0.0,0.20593547821044922
2025-09-22 06:00:00,3246.0,0.069085,0.22857891023159027
2025-09-22 07:00:00,1899.99,0.014047,0.3836110532283783
2025-09-22 08:00:00,3337.75,0.025189,0.45662400126457214
2025-09-22 09:00:00,2615.99,0.047654,0.41626468300819397
2025-09-22 10:00:00,1719.99,0.07327800000000001,0.449553906917572
2025-09-22 11:00:00,1694.99,0.072962,0.4692368805408478
2025-09-22 12:00:00,1000.0,0.12865000000000001,0.43063023686408997
2025-09-22 13:00:00,1753.0,0.070377,0.4295588433742523
2025-09-22 14:00:00,1899.99,0.056444,0.4112197458744049
2025-09-22 15:00:00,2913.63,0.033907,0.3410564363002777
2025-09-22 16:00:00,3350.0,0.011212999999999999,0.42186811566352844
2025-09-22 17:00:00,3400.0,0.038572,0.45815032720565796
2025-09-22 18:00:00,3400.0,0.0,0.523892879486084
2025-09-22 19:00:00,3400.0,0.0,0.532249391078949
2025-09-22 20:00:00,3400.0,0.0,0.5317426323890686
2025-09-22 21:00:00,3400.0,0.0,0.5049595236778259
2025-09-22 22:00:00,3339.81,0.0,0.5028773546218872
2025-09-22 23:00:00,3295.26,0.0,0.4380020201206207
2025-09-23 00:00:00,3378.1,0.0,0.26898396015167236
2025-09-23 01:00:00,3230.01,0.0,0.21534687280654907
2025-09-23 02:00:00,3200.01,0.0,0.21379391849040985
2025-09-23 03:00:00,3198.1,0.0,0.20465649664402008
2025-09-23 04:00:00,2987.0,0.0,0.20425055921077728
2025-09-23 05:00:00,3230.0,0.0,0.21004146337509155
2025-09-23 06:00:00,3240.01,0.036729,0.23445755243301392
2025-09-23 07:00:00,2970.0,0.0,0.43851977586746216
2025-09-23 08:00:00,3372.0,0.711866,0.47530439496040344
2025-09-23 09:00:00,2300.0,0.629294,0.46466636657714844
2025-09-23 10:00:00,2536.99,1.102681,0.4668322801589966
2025-09-23 11:00:00,2646.0,1.42151,0.43675315380096436
2025-09-23 12:00:00,1545.4,0.837492,0.4225742220878601
2025-09-23 13:00:00,1850.0,1.883202,0.40564998984336853
2025-09-23 14:00:00,2946.0,1.095601,0.3984273076057434
2025-09-23 15:00:00,1990.0,0.932323,0.37230804562568665
2025-09-23 16:00:00,3130.0,0.528492,0.4352547824382782
2025-09-23 17:00:00,3400.0,0.014258,0.5098194479942322
2025-09-23 18:00:00,3400.0,0.0,0.5327286124229431
2025-09-23 19:00:00,3400.0,0.0,0.5045793652534485
2025-09-23 20:00:00,3400.0,0.0,0.5285993218421936
2025-09-23 21:00:00,3400.0,0.0,0.49092501401901245
2025-09-23 22:00:00,3400.0,0.0,0.4755207896232605
2025-09-23 23:00:00,3292.27,0.0,0.4375992715358734
2025-09-24 00:00:00,3309.8,0.0,0.28789761662483215
2025-09-24 01:00:00,3200.0,0.0,0.2211482971906662
2025-09-24 02:00:00,3024.01,0.0,0.20719090104103088
2025-09-24 03:00:00,2980.19,0.0,0.21209537982940674
2025-09-24 04:00:00,2899.99,0.0,0.2062581330537796
2025-09-24 05:00:00,3129.99,0.0,0.2085028737783432
2025-09-24 06:00:00,3240.0,0.091449,0.23414741456508636
2025-09-24 07:00:00,2898.93,0.815619,0.4042152762413025
2025-09-24 08:00:00,3339.8,0.025199000000000003,0.4724653661251068
2025-09-24 09:00:00,3100.0,0.45951600000000004,0.46995043754577637
2025-09-24 10:00:00,2581.45,0.5220710000000001,0.44747233390808105
2025-09-24 11:00:00,2917.77,0.166761,0.3987793028354645
2025-09-24 12:00:00,1400.0,2.881163,0.43380144238471985
2025-09-24 13:00:00,2783.63,1.1988889999999999,0.4306486248970032
2025-09-24 14:00:00,3069.54,1.355307,0.3828585743904114
2025-09-24 15:00:00,2771.0,0.033629,0.365852952003479
2025-09-24 16:00:00,3190.01,0.8525410000000001,0.42787912487983704
2025-09-24 17:00:00,3400.0,0.14380199999999999,0.5035481452941895
2025-09-24 18:00:00,3400.0,0.0,0.5246390700340271
2025-09-24 19:00:00,3400.0,0.0,0.5287449955940247
2025-09-24 20:00:00,3400.0,0.0,0.5601099729537964
2025-09-24 21:00:00,3400.0,0.0,0.49061042070388794
2025-09-24 22:00:00,3247.27,0.0,0.48583635687828064
2025-09-24 23:00:00,3190.0,0.0,0.4646877348423004
2025-09-25 00:00:00,3240.0,0.0,0.3233714699745178
2025-09-25 01:00:00,3155.0,0.0,0.2219470739364624
2025-09-25 02:00:00,2695.01,0.0,0.20767591893672943
2025-09-25 03:00:00,3057.14,0.0,0.20831385254859924
2025-09-25 04:00:00,2787.27,0.0,0.20928141474723816
2025-09-25 05:00:00,2999.99,0.0,0.21512936055660248
2025-09-25 06:00:00,3201.0,0.077736,0.23986577987670898
2025-09-25 07:00:00,2787.26,0.798158,0.40269044041633606
2025-09-25 08:00:00,3100.0,1.6034860000000002,0.4768279194831848
2025-09-25 09:00:00,2299.99,2.199446,0.482276976108551
2025-09-25 10:00:00,1719.99,2.589467,0.4584610164165497
2025-09-25 11:00:00,1545.39,2.789641,0.4317503273487091
2025-09-25 12:00:00,501.02,2.788763,0.4098956882953644
2025-09-25 13:00:00,1500.01,2.587392,0.44226938486099243
2025-09-25 14:00:00,1719.99,2.206663,0.41760721802711487
2025-09-25 15:00:00,1000.0,1.639914,0.38245052099227905
2025-09-25 16:00:00,3078.52,0.864754,0.41222378611564636
2025-09-25 17:00:00,3400.0,0.118122,0.47071555256843567
2025-09-25 18:00:00,3400.0,0.0,0.5106577277183533
2025-09-25 19:00:00,3400.0,0.0,0.5147078037261963
2025-09-25 20:00:00,3390.0,0.0,0.5588763356208801
2025-09-25 21:00:00,3300.0,0.0,0.47855299711227417
2025-09-25 22:00:00,2770.27,0.0,0.4688299596309662
2025-09-25 23:00:00,2646.0,0.0,0.41760510206222534
2025-09-26 00:00:00,3099.99,0.0,0.28805238008499146
2025-09-26 01:00:00,3000.01,0.0,0.22253291308879852
2025-09-26 02:00:00,1899.99,0.0,0.20791663229465485
2025-09-26 03:00:00,1899.98,0.0,0.20724274218082428
2025-09-26 04:00:00,2467.99,0.0,0.20562885701656342
2025-09-26 05:00:00,2945.99,0.0,0.21668247878551483
2025-09-26 06:00:00,3143.27,0.08751600000000001,0.23746660351753235
2025-09-26 07:00:00,2500.0,0.840976,0.3812204897403717
2025-09-26 08:00:00,3000.0,1.648717,0.447581022977829
2025-09-26 09:00:00,1719.99,2.2299830000000003,0.42770659923553467
2025-09-26 10:00:00,1495.4,2.154232,0.4790603220462799
2025-09-26 11:00:00,1197.01,2.700867,0.41644302010536194
2025-09-26 12:00:00,202.87,2.693833,0.42568856477737427
2025-09-26 13:00:00,500.01,1.8429870000000002,0.4166909456253052
2025-09-26 14:00:00,1399.99,2.148524,0.4153825342655182
2025-09-26 15:00:00,1495.39,1.597076,0.32879820466041565
2025-09-26 16:00:00,2536.0,0.844174,0.3798695504665375
2025-09-26 17:00:00,3400.0,0.089337,0.4357113540172577
2025-09-26 18:00:00,3400.0,0.0,0.49231138825416565
2025-09-26 19:00:00,3400.0,0.0,0.4847646653652191
2025-09-26 20:00:00,3389.0,0.0,0.5071137547492981
2025-09-26 21:00:00,3143.27,0.0,0.5001325607299805
2025-09-26 22:00:00,2622.0,0.0,0.4647517502307892
2025-09-26 23:00:00,2912.0,0.0,0.40848708152770996
2025-09-27 00:00:00,3198.24,0.0,0.29737749695777893
2025-09-27 01:00:00,2910.1,0.0,0.2316773533821106
2025-09-27 02:00:00,2367.01,0.0,0.21567264199256897
2025-09-27 03:00:00,2250.01,0.0,0.20551079511642456
2025-09-27 04:00:00,1899.99,0.0,0.2050059586763382
2025-09-27 05:00:00,2156.0,0.0,0.21040786802768707
2025-09-27 06:00:00,2950.01,0.055394,0.22612938284873962
2025-09-27 07:00:00,1449.98,0.731164,0.2823091745376587
2025-09-27 08:00:00,1674.99,1.510169,0.42178258299827576
2025-09-27 09:00:00,1717.01,2.104415,0.4553951323032379
2025-09-27 10:00:00,1000.0,2.5031999999999996,0.44666787981987
2025-09-27 11:00:00,749.98,2.6798699999999998,0.4018254280090332
2025-09-27 12:00:00,230.91,2.656078,0.39837777614593506
2025-09-27 13:00:00,749.98,2.440365,0.3703742027282715
2025-09-27 14:00:00,480.73,2.031669,0.39793363213539124
2025-09-27 15:00:00,1400.0,1.4790889999999999,0.3775829076766968
2025-09-27 16:00:00,2744.0,0.7618060000000001,0.4162933826446533
2025-09-27 17:00:00,3400.0,0.08015900000000001,0.491467148065567
2025-09-27 18:00:00,3400.0,0.0,0.5203880071640015
2025-09-27 19:00:00,3400.0,0.0,0.5267828702926636
2025-09-27 20:00:00,3400.0,0.0,0.505111038684845
2025-09-27 21:00:00,3400.0,0.0,0.44993388652801514
2025-09-27 22:00:00,3280.48,0.0,0.43476182222366333
2025-09-27 23:00:00,2951.25,0.0,0.428544819355011
2025-09-28 00:00:00,3280.01,0.0,0.3002273440361023
2025-09-28 01:00:00,2918.99,0.0,0.24587346613407135
2025-09-28 02:00:00,2912.0,0.0,0.21505938470363617
2025-09-28 03:00:00,2843.0,0.0,0.20447741448879242
2025-09-28 04:00:00,2999.99,0.0,0.20320925116539001
2025-09-28 05:00:00,2875.99,0.0,0.21156972646713257
2025-09-28 06:00:00,3100.0,0.044354,0.22153212130069733
2025-09-28 07:00:00,1600.62,0.6910810000000001,0.2766542434692383
2025-09-28 08:00:00,1000.0,1.4266800000000002,0.413380891084671
2025-09-28 09:00:00,130.01,1.963128,0.4363984763622284
2025-09-28 10:00:00,110.01,2.314145,0.45945441722869873
2025-09-28 11:00:00,24.64,2.4935140000000002,0.44951796531677246
2025-09-28 12:00:00,0.0,2.52806,0.4597824811935425
2025-09-28 13:00:00,100.0,2.3548649999999998,0.3615110218524933
2025-09-28 14:00:00,130.0,1.971284,0.3720608055591583
2025-09-28 15:00:00,355.99,1.440427,0.37848544120788574
2025-09-28 16:00:00,1719.99,0.736381,0.4005674421787262
2025-09-28 17:00:00,3250.01,0.075022,0.4754082262516022
2025-09-28 18:00:00,3400.0,0.0,0.4965813457965851
2025-09-28 19:00:00,3400.0,0.0,0.5290745496749878
2025-09-28 20:00:00,3400.0,0.0,0.4859519600868225
2025-09-28 21:00:00,3400.0,0.0,0.4433407187461853
2025-09-28 22:00:00,3300.06,0.0,0.4315629005432129
2025-09-28 23:00:00,2910.11,0.0,0.39556407928466797
2025-09-29 00:00:00,3400.0,0.0,0.25197142362594604
2025-09-29 01:00:00,3100.0,0.0,0.21474774181842804
2025-09-29 02:00:00,2994.0,0.0,0.2038734257221222
2025-09-29 03:00:00,2275.0,0.0,0.19996678829193115
2025-09-29 04:00:00,1901.0,0.0,0.20199765264987946
2025-09-29 05:00:00,2510.01,0.0,0.20593547821044922
2025-09-29 06:00:00,3240.0,0.047898,0.22857891023159027
2025-09-29 07:00:00,2878.01,0.7341219999999999,0.3836110532283783
2025-09-29 08:00:00,3240.01,1.520634,0.45662400126457214
2025-09-29 09:00:00,3145.01,2.105886,0.41626468300819397
2025-09-29 10:00:00,2920.0,2.4897139999999998,0.449553906917572
2025-09-29 11:00:00,3155.0,2.720424,0.4692368805408478
2025-09-29 12:00:00,2339.99,2.72089,0.43063023686408997
2025-09-29 13:00:00,2842.01,2.5288600000000003,0.4295588433742523
2025-09-29 14:00:00,3395.34,2.129032,0.4112197458744049
2025-09-29 15:00:00,3400.0,1.546135,0.3410564363002777
2025-09-29 16:00:00,3400.0,0.771887,0.42186811566352844
2025-09-29 17:00:00,3400.0,0.071868,0.45815032720565796
2025-09-29 18:00:00,3400.0,0.0,0.523892879486084
2025-09-29 19:00:00,3400.0,0.0,0.532249391078949
2025-09-29 20:00:00,3400.0,0.0,0.5317426323890686
2025-09-29 21:00:00,3400.0,0.0,0.5049595236778259
2025-09-29 22:00:00,3400.0,0.0,0.5028773546218872
2025-09-29 23:00:00,3210.0,0.0,0.4380020201206207
2025-09-30 00:00:00,3200.01,0.0,0.26898396015167236
2025-09-30 01:00:00,3253.17,0.0,0.21534687280654907
2025-09-30 02:00:00,3145.0,0.0,0.21379391849040985
2025-09-30 03:00:00,2596.01,0.0,0.20465649664402008
2025-09-30 04:00:00,2510.01,0.0,0.20425055921077728
2025-09-30 05:00:00,2596.01,0.0,0.21004146337509155
2025-09-30 06:00:00,3240.01,0.046674999999999994,0.23445755243301392
2025-09-30 07:00:00,3200.0,0.76866,0.43851977586746216
2025-09-30 08:00:00,3400.0,1.6073309999999998,0.47530439496040344
2025-09-30 09:00:00,3400.0,2.235683,0.46466636657714844
2025-09-30 10:00:00,3350.0,2.675472,0.4668322801589966
2025-09-30 11:00:00,3069.1,2.89204,0.43675315380096436
2025-09-30 12:00:00,1719.99,2.892102,0.4225742220878601
2025-09-30 13:00:00,2380.99,2.6687339999999997,0.40564998984336853
2025-09-30 14:00:00,2500.0,2.2345729999999997,0.3984273076057434
2025-09-30 15:00:00,2610.01,1.6225019999999999,0.37230804562568665
2025-09-30 16:00:00,3349.01,0.794874,0.4352547824382782
2025-09-30 17:00:00,3400.0,0.06775,0.5098194479942322
2025-09-30 18:00:00,3400.0,0.0,0.5327286124229431
2025-09-30 19:00:00,3400.0,0.0,0.5045793652534485
2025-09-30 20:00:00,3400.0,0.0,0.5285993218421936
2025-09-30 21:00:00,3400.0,0.0,0.49092501401901245
2025-09-30 22:00:00,3161.93,0.0,0.4755207896232605
2025-09-30 23:00:00,2950.0,0.0,0.4375992715358734
2025-10-01 00:00:00,3273.2,0.0,0.28789761662483215
2025-10-01 01:00:00,3063.19,0.0,0.2211482971906662
2025-10-01 02:00:00,2950.0,0.0,0.20719090104103088
2025-10-01 03:00:00,2799.99,0.0,0.21209537982940674
2025-10-01 04:00:00,2642.34,0.0,0.2062581330537796
2025-10-01 05:00:00,2275.0,0.0,0.2085028737783432
2025-10-01 06:00:00,2999.99,0.030440000000000002,0.23414741456508636
2025-10-01 07:00:00,2867.33,0.698179,0.4042152762413025
2025-10-01 08:00:00,3172.01,1.507139,0.4724653661251068
2025-10-01 09:00:00,2451.0,2.140562,0.46995043754577637
2025-10-01 10:00:00,1719.99,2.591422,0.44747233390808105
2025-10-01 11:00:00,1899.98,2.813356,0.3987793028354645
2025-10-01 12:00:00,715.11,2.806384,0.43380144238471985
2025-10-01 13:00:00,1719.99,2.612061,0.4306486248970032
2025-10-01 14:00:00,2350.0,2.1592890000000002,0.3828585743904114
2025-10-01 15:00:00,2000.0,1.546827,0.365852952003479
2025-10-01 16:00:00,3144.01,0.750715,0.42787912487983704
2025-10-01 17:00:00,3399.01,0.059148000000000006,0.5035481452941895
2025-10-01 18:00:00,3399.0,0.0,0.5246390700340271
2025-10-01 19:00:00,3399.0,0.0,0.5287449955940247
2025-10-01 20:00:00,3290.01,0.0,0.5601099729537964
2025-10-01 21:00:00,3187.34,0.0,0.49061042070388794
2025-10-01 22:00:00,2828.0,0.0,0.48583635687828064
2025-10-01 23:00:00,2500.0,0.0,0.4646877348423004
2025-10-02 00:00:00,2979.99,0.0,0.3233714699745178
2025-10-02 01:00:00,2999.0,0.0,0.2219470739364624
2025-10-02 02:00:00,2899.99,0.0,0.20767591893672943
2025-10-02 03:00:00,1901.0,0.0,0.20831385254859924
2025-10-02 04:00:00,2824.34,0.0,0.20928141474723816
2025-10-02 05:00:00,2987.38,0.0,0.21512936055660248
2025-10-02 06:00:00,3148.01,0.028446000000000003,0.23986577987670898
2025-10-02 07:00:00,2826.93,0.7122970000000001,0.40269044041633606
2025-10-02 08:00:00,2999.0,1.536735,0.4768279194831848
2025-10-02 09:00:00,2374.99,2.165598,0.482276976108551
2025-10-02 10:00:00,1000.0,2.5845770000000003,0.4584610164165497
2025-10-02 11:00:00,1349.39,2.8138539999999996,0.4317503273487091
2025-10-02 12:00:00,501.02,2.79989,0.4098956882953644
2025-10-02 13:00:00,1057.0,2.553522,0.44226938486099243
2025-10-02 14:00:00,1874.01,2.11665,0.41760721802711487
2025-10-02 15:00:00,1899.98,1.2714,0.38245052099227905
2025-10-02 16:00:00,3050.09,0.16150299999999998,0.41222378611564636
2025-10-02 17:00:00,3399.01,0.04979,0.47071555256843567
2025-10-02 18:00:00,3399.01,0.0,0.5106577277183533
2025-10-02 19:00:00,3399.01,0.0,0.5147078037261963
2025-10-02 20:00:00,3399.0,0.0,0.5588763356208801
2025-10-02 21:00:00,3285.01,0.0,0.47855299711227417
2025-10-02 22:00:00,3092.8,0.0,0.4688299596309662
2025-10-02 23:00:00,2710.1,0.0,0.41760510206222534
2025-10-03 00:00:00,2997.01,0.0,0.28805238008499146
2025-10-03 01:00:00,2610.01,0.0,0.22253291308879852
2025-10-03 02:00:00,2322.99,0.0,0.20791663229465485
2025-10-03 03:00:00,2800.0,0.0,0.20724274218082428
2025-10-03 04:00:00,2790.01,0.0,0.20562885701656342
2025-10-03 05:00:00,2645.99,0.0,0.21668247878551483
2025-10-03 06:00:00,3099.01,0.0,0.23746660351753235
2025-10-03 07:00:00,2814.7,0.234996,0.3812204897403717
2025-10-03 08:00:00,3144.99,0.509327,0.447581022977829
2025-10-03 09:00:00,2000.0,1.2299980000000001,0.42770659923553467
2025-10-03 10:00:00,1688.47,1.83389,0.4790603220462799
2025-10-03 11:00:00,1753.0,2.638921,0.41644302010536194
2025-10-03 12:00:00,779.99,2.610346,0.42568856477737427
2025-10-03 13:00:00,1355.01,2.379398,0.4166909456253052
2025-10-03 14:00:00,1899.98,1.937187,0.4153825342655182
2025-10-03 15:00:00,1950.0,1.3365630000000002,0.32879820466041565
2025-10-03 16:00:00,3150.0,0.446877,0.3798695504665375
2025-10-03 17:00:00,3399.54,0.037198999999999996,0.4357113540172577
2025-10-03 18:00:00,3399.54,0.0,0.49231138825416565
2025-10-03 19:00:00,3399.54,0.0,0.4847646653652191
2025-10-03 20:00:00,3399.54,0.0,0.5071137547492981
2025-10-03 21:00:00,3300.0,0.0,0.5001325607299805
2025-10-03 22:00:00,2998.01,0.0,0.4647517502307892
2025-10-03 23:00:00,2510.1,0.0,0.40848708152770996
2025-10-04 00:00:00,2990.01,0.0,0.29737749695777893
2025-10-04 01:00:00,2616.0,0.0,0.2316773533821106
2025-10-04 02:00:00,2790.0,0.0,0.21567264199256897
2025-10-04 03:00:00,2875.99,0.0,0.20551079511642456
2025-10-04 04:00:00,2783.99,0.0,0.2050059586763382
2025-10-04 05:00:00,2783.99,0.0,0.21040786802768707
2025-10-04 06:00:00,3000.0,6.6e-05,0.22612938284873962
2025-10-04 07:00:00,1900.0,0.547396,0.2823091745376587
2025-10-04 08:00:00,1899.98,1.314455,0.42178258299827576
2025-10-04 09:00:00,1474.69,1.944248,0.4553951323032379
2025-10-04 10:00:00,1474.69,2.408432,0.44666787981987
2025-10-04 11:00:00,1000.0,2.712143,0.4018254280090332
2025-10-04 12:00:00,386.73,2.706604,0.39837777614593506
2025-10-04 13:00:00,1189.0,2.488213,0.3703742027282715
2025-10-04 14:00:00,501.01,2.079286,0.39793363213539124
2025-10-04 15:00:00,1050.0,1.4733289999999999,0.3775829076766968
2025-10-04 16:00:00,2989.0,0.6787989999999999,0.4162933826446533
2025-10-04 17:00:00,3399.54,0.040807,0.491467148065567
2025-10-04 18:00:00,3399.55,0.0,0.5203880071640015
2025-10-04 19:00:00,3400.0,0.0,0.5267828702926636
2025-10-04 20:00:00,3399.55,0.0,0.505111038684845
2025-10-04 21:00:00,3399.54,0.0,0.44993388652801514
2025-10-04 22:00:00,3171.33,0.0,0.43476182222366333
2025-10-04 23:00:00,2950.01,0.0,0.428544819355011
2025-10-05 00:00:00,3145.0,0.0,0.3002273440361023
2025-10-05 01:00:00,2937.34,0.0,0.24587346613407135
2025-10-05 02:00:00,3216.73,0.0,0.21505938470363617
2025-10-05 03:00:00,2699.0,0.0,0.20447741448879242
2025-10-05 04:00:00,2599.0,0.0,0.20320925116539001
2025-10-05 05:00:00,2644.99,0.0,0.21156972646713257
2025-10-05 06:00:00,2850.0,0.0,0.22153212130069733
2025-10-05 07:00:00,1899.99,0.6751309999999999,0.2766542434692383
2025-10-05 08:00:00,1449.99,0.216,0.413380891084671
2025-10-05 09:00:00,500.01,2.126757,0.4363984763622284
2025-10-05 10:00:00,128.27,2.5395689999999997,0.45945441722869873
2025-10-05 11:00:00,1.01,0.066224,0.44951796531677246
2025-10-05 12:00:00,0.0,0.069589,0.4597824811935425
2025-10-05 13:00:00,20.0,0.064256,0.3615110218524933
2025-10-05 14:00:00,100.0,1.2483769999999998,0.3720608055591583
2025-10-05 15:00:00,501.01,1.5313109999999999,0.37848544120788574
2025-10-05 16:00:00,2500.0,0.69902,0.4005674421787262
2025-10-05 17:00:00,3250.0,0.039799999999999995,0.4754082262516022
2025-10-05 18:00:00,3399.54,0.0,0.4965813457965851
2025-10-05 19:00:00,3399.55,0.0,0.5290745496749878
2025-10-05 20:00:00,3399.55,0.0,0.4859519600868225
2025-10-05 21:00:00,3399.54,0.0,0.4433407187461853
2025-10-05 22:00:00,2899.99,0.0,0.4315629005432129
2025-10-05 23:00:00,2900.0,0.0,0.39556407928466797
2025-10-06 00:00:00,3100.01,0.0,0.25197142362594604
2025-10-06 01:00:00,3000.0,0.0,0.21474774181842804
2025-10-06 02:00:00,2275.01,0.0,0.2038734257221222
2025-10-06 03:00:00,2124.99,0.0,0.19996678829193115
2025-10-06 04:00:00,2156.0,0.0,0.20199765264987946
2025-10-06 05:00:00,2811.19,0.0,0.20593547821044922
2025-10-06 06:00:00,3145.01,0.014731999999999999,0.22857891023159027
2025-10-06 07:00:00,3180.0,0.736897,0.3836110532283783
2025-10-06 08:00:00,3399.54,1.58017,0.45662400126457214
2025-10-06 09:00:00,3245.99,2.214306,0.41626468300819397
2025-10-06 10:00:00,1752.99,0.733837,0.449553906917572
2025-10-06 11:00:00,1500.0,0.9452480000000001,0.4692368805408478
2025-10-06 12:00:00,500.0,0.8224640000000001,0.43063023686408997
2025-10-06 13:00:00,1442.7,2.610772,0.4295588433742523
2025-10-06 14:00:00,1753.0,2.17852,0.4112197458744049
2025-10-06 15:00:00,2349.99,0.943341,0.3410564363002777
2025-10-06 16:00:00,3297.0,0.561233,0.42186811566352844
2025-10-06 17:00:00,3400.0,0.035798,0.45815032720565796
2025-10-06 18:00:00,3400.0,0.0,0.523892879486084
2025-10-06 19:00:00,3400.0,0.0,0.532249391078949
2025-10-06 20:00:00,3400.0,0.0,0.5317426323890686
2025-10-06 21:00:00,3399.54,0.0,0.5049595236778259
2025-10-06 22:00:00,2945.99,0.0,0.5028773546218872
2025-10-06 23:00:00,2574.34,0.0,0.4380020201206207
2025-10-07 00:00:00,3198.0,0.0,0.26898396015167236
2025-10-07 01:00:00,2833.35,0.0,0.21534687280654907
2025-10-07 02:00:00,2383.99,0.0,0.21379391849040985
2025-10-07 03:00:00,2646.0,0.0,0.20465649664402008
2025-10-07 04:00:00,2275.0,0.0,0.20425055921077728
2025-10-07 05:00:00,2615.99,0.0,0.21004146337509155
2025-10-07 06:00:00,3184.49,0.0,0.23445755243301392
2025-10-07 07:00:00,3037.69,0.7177530000000001,0.43851977586746216
2025-10-07 08:00:00,3399.45,0.5342290000000001,0.47530439496040344
2025-10-07 09:00:00,3196.83,2.1506399999999997,0.46466636657714844
2025-10-07 10:00:00,2210.1,1.4352349999999998,0.4668322801589966
2025-10-07 11:00:00,2828.0,2.095955,0.43675315380096436
2025-10-07 12:00:00,1480.62,2.3168800000000003,0.4225742220878601
2025-10-07 13:00:00,2880.0,2.527683,0.40564998984336853
2025-10-07 14:00:00,3269.57,2.0852869999999997,0.3984273076057434
2025-10-07 15:00:00,2944.0,1.4656420000000001,0.37230804562568665
2025-10-07 16:00:00,3388.01,0.655813,0.4352547824382782
2025-10-07 17:00:00,3400.0,0.002964,0.5098194479942322
2025-10-07 18:00:00,3400.0,0.0,0.5327286124229431
2025-10-07 19:00:00,3400.0,0.0,0.5045793652534485
2025-10-07 20:00:00,3399.98,0.0,0.5285993218421936
2025-10-07 21:00:00,3399.45,0.0,0.49092501401901245
2025-10-07 22:00:00,2828.0,0.0,0.4755207896232605
2025-10-07 23:00:00,2510.1,0.0,0.4375992715358734
2025-10-08 00:00:00,2995.01,0.0,0.28789761662483215
2025-10-08 01:00:00,2833.01,0.0,0.2211482971906662
2025-10-08 02:00:00,2800.01,0.0,0.20719090104103088
2025-10-08 03:00:00,2600.01,0.0,0.21209537982940674
2025-10-08 04:00:00,2351.01,0.0,0.2062581330537796
2025-10-08 05:00:00,2351.01,0.0,0.2085028737783432
2025-10-08 06:00:00,2701.0,0.0,0.23414741456508636
2025-10-08 07:00:00,3339.8,0.66869,0.4042152762413025
2025-10-08 08:00:00,3399.46,1.463424,0.4724653661251068
2025-10-08 09:00:00,3370.0,2.048694,0.46995043754577637
2025-10-08 10:00:00,2843.0,1.450396,0.44747233390808105
2025-10-08 11:00:00,3087.17,2.5880039999999997,0.3987793028354645
2025-10-08 12:00:00,1900.0,2.55361,0.43380144238471985
2025-10-08 13:00:00,2898.48,1.255036,0.4306486248970032
2025-10-08 14:00:00,3100.0,1.236482,0.3828585743904114
2025-10-08 15:00:00,2984.0,0.806851,0.365852952003479
2025-10-08 16:00:00,3280.0,0.603587,0.42787912487983704
2025-10-08 17:00:00,3400.0,0.022027,0.5035481452941895
2025-10-08 18:00:00,3399.46,0.0,0.5246390700340271
2025-10-08 19:00:00,3400.0,0.0,0.5287449955940247
2025-10-08 20:00:00,3399.46,0.0,0.5601099729537964
2025-10-08 21:00:00,3399.45,0.0,0.49061042070388794
2025-10-08 22:00:00,2950.0,0.0,0.48583635687828064
2025-10-08 23:00:00,2844.0,0.0,0.4646877348423004
2025-10-09 00:00:00,3042.0,0.0,0.3233714699745178
2025-10-09 01:00:00,2950.01,0.0,0.2219470739364624
2025-10-09 02:00:00,2710.1,0.0,0.20767591893672943
2025-10-09 03:00:00,2410.1,0.0,0.20831385254859924
2025-10-09 04:00:00,2794.0,0.0,0.20928141474723816
2025-10-09 05:00:00,2604.99,0.0,0.21512936055660248
2025-10-09 06:00:00,2710.1,0.0,0.23986577987670898
2025-10-09 07:00:00,3212.6,0.633579,0.40269044041633606
2025-10-09 08:00:00,3399.45,1.454887,0.4768279194831848
2025-10-09 09:00:00,3250.0,2.095408,0.482276976108551
2025-10-09 10:00:00,2875.99,2.534545,0.4584610164165497
2025-10-09 11:00:00,2876.0,2.733137,0.4317503273487091
2025-10-09 12:00:00,2449.99,2.727541,0.4098956882953644
2025-10-09 13:00:00,2700.0,2.5138119999999997,0.44226938486099243
2025-10-09 14:00:00,2500.01,2.082921,0.41760721802711487
2025-10-09 15:00:00,2946.0,1.4469539999999999,0.38245052099227905
2025-10-09 16:00:00,3399.45,0.629024,0.41222378611564636
2025-10-09 17:00:00,3400.0,0.021979,0.47071555256843567
2025-10-09 18:00:00,3399.99,0.0,0.5106577277183533
2025-10-09 19:00:00,3400.0,0.0,0.5147078037261963
2025-10-09 20:00:00,3399.46,0.0,0.5588763356208801
2025-10-09 21:00:00,3399.46,0.0,0.47855299711227417
2025-10-09 22:00:00,3148.12,0.0,0.4688299596309662
2025-10-09 23:00:00,2915.48,0.0,0.41760510206222534
2025-10-10 00:00:00,3219.47,0.0,0.28805238008499146
2025-10-10 01:00:00,3000.0,0.0,0.22253291308879852
2025-10-10 02:00:00,2510.0,0.0,0.20791663229465485
2025-10-10 03:00:00,2500.0,0.0,0.20724274218082428
2025-10-10 04:00:00,2792.0,0.0,0.20562885701656342
2025-10-10 05:00:00,2880.0,0.0,0.21668247878551483
2025-10-10 06:00:00,3240.92,0.0,0.23746660351753235
2025-10-10 07:00:00,3339.38,0.736758,0.3812204897403717
2025-10-10 08:00:00,3400.0,1.58617,0.447581022977829
2025-10-10 09:00:00,3129.99,2.231103,0.42770659923553467
2025-10-10 10:00:00,3097.17,0.267735,0.4790603220462799
2025-10-10 11:00:00,3085.4,0.831054,0.41644302010536194
2025-10-10 12:00:00,1474.69,1.050815,0.42568856477737427
2025-10-10 13:00:00,1615.0,0.424201,0.4166909456253052
2025-10-10 14:00:00,2876.0,1.2048510000000001,0.4153825342655182
2025-10-10 15:00:00,2585.26,1.41499,0.32879820466041565
2025-10-10 16:00:00,3300.01,0.608007,0.3798695504665375
2025-10-10 17:00:00,3400.0,0.018992000000000002,0.4357113540172577
2025-10-10 18:00:00,3400.0,0.0,0.49231138825416565
2025-10-10 19:00:00,3400.0,0.0,0.4847646653652191
2025-10-10 20:00:00,3400.0,0.0,0.5071137547492981
2025-10-10 21:00:00,3400.0,0.0,0.5001325607299805
2025-10-10 22:00:00,3300.0,0.0,0.4647517502307892
2025-10-10 23:00:00,3039.01,0.0,0.40848708152770996
2025-10-11 00:00:00,3097.01,0.0,0.29737749695777893
2025-10-11 01:00:00,3150.0,0.0,0.2316773533821106
2025-10-11 02:00:00,2913.64,0.0,0.21567264199256897
2025-10-11 03:00:00,2749.99,0.0,0.20551079511642456
2025-10-11 04:00:00,2667.02,0.0,0.2050059586763382
2025-10-11 05:00:00,2957.11,0.0,0.21040786802768707
2025-10-11 06:00:00,3380.01,0.0,0.22612938284873962
2025-10-11 07:00:00,2950.01,0.0,0.2823091745376587
2025-10-11 08:00:00,2306.8,0.496261,0.42178258299827576
2025-10-11 09:00:00,2749.99,0.5306649999999999,0.4553951323032379
2025-10-11 10:00:00,1753.0,0.330918,0.44666787981987
2025-10-11 11:00:00,1752.99,0.636008,0.4018254280090332
2025-10-11 12:00:00,1000.0,2.833903,0.39837777614593506
2025-10-11 13:00:00,1600.0,2.5957660000000002,0.3703742027282715
2025-10-11 14:00:00,1753.0,2.135117,0.39793363213539124
2025-10-11 15:00:00,2078.27,1.485063,0.3775829076766968
2025-10-11 16:00:00,3036.0,0.6254379999999999,0.4162933826446533
2025-10-11 17:00:00,3199.99,0.014073,0.491467148065567
2025-10-11 18:00:00,3399.46,0.0,0.5203880071640015
2025-10-11 19:00:00,3399.46,0.0,0.5267828702926636
2025-10-11 20:00:00,3399.45,0.0,0.505111038684845
2025-10-11 21:00:00,3219.48,0.0,0.44993388652801514
2025-10-11 22:00:00,2351.0,0.0,0.43476182222366333
2025-10-11 23:00:00,1899.99,0.0,0.428544819355011
2025-10-12 00:00:00,3098.0,0.0,0.3002273440361023
2025-10-12 01:00:00,2946.0,0.0,0.24587346613407135
2025-10-12 02:00:00,1899.99,0.0,0.21505938470363617
2025-10-12 03:00:00,2600.0,0.0,0.20447741448879242
2025-10-12 04:00:00,2628.53,0.0,0.20320925116539001
2025-10-12 05:00:00,2699.99,0.0,0.21156972646713257
2025-10-12 06:00:00,2644.99,0.0,0.22153212130069733
2025-10-12 07:00:00,1449.98,0.0,0.2766542434692383
2025-10-12 08:00:00,1399.99,1.583499,0.413380891084671
2025-10-12 09:00:00,1349.4,1.034373,0.4363984763622284
2025-10-12 10:00:00,801.01,1.351235,0.45945441722869873
2025-10-12 11:00:00,500.0,2.837869,0.44951796531677246
2025-10-12 12:00:00,250.0,2.8239229999999997,0.4597824811935425
2025-10-12 13:00:00,500.01,2.5805059999999997,0.3615110218524933
2025-10-12 14:00:00,1000.0,2.1000810000000003,0.3720608055591583
2025-10-12 15:00:00,1250.01,0.47580700000000004,0.37848544120788574
2025-10-12 16:00:00,1752.99,0.582142,0.4005674421787262
2025-10-12 17:00:00,2701.01,0.0,0.4754082262516022
2025-10-12 18:00:00,3219.47,0.0,0.4965813457965851
2025-10-12 19:00:00,3399.45,0.0,0.5290745496749878
2025-10-12 20:00:00,3316.99,0.0,0.4859519600868225
2025-10-12 21:00:00,3350.0,0.0,0.4433407187461853
2025-10-12 22:00:00,2843.0,0.0,0.4315629005432129
2025-10-12 23:00:00,2679.99,0.0,0.39556407928466797
2025-10-13 00:00:00,3100.01,0.0,0.25197142362594604
2025-10-13 01:00:00,2545.23,0.0,0.21474774181842804
2025-10-13 02:00:00,1899.98,0.0,0.2038734257221222
2025-10-13 03:00:00,1899.99,0.0,0.19996678829193115
2025-10-13 04:00:00,1910.02,0.0,0.20199765264987946
2025-10-13 05:00:00,2451.0,0.0,0.20593547821044922
2025-10-13 06:00:00,3145.0,0.0,0.22857891023159027
2025-10-13 07:00:00,3187.18,0.662799,0.3836110532283783
2025-10-13 08:00:00,3399.45,1.514021,0.45662400126457214
2025-10-13 09:00:00,3110.55,2.1488899999999997,0.41626468300819397
2025-10-13 10:00:00,2250.0,2.573545,0.449553906917572
2025-10-13 11:00:00,2794.0,2.781256,0.4692368805408478
2025-10-13 12:00:00,1200.01,2.75104,0.43063023686408997
2025-10-13 13:00:00,2644.0,2.496299,0.4295588433742523
2025-10-13 14:00:00,3150.0,2.038573,0.4112197458744049
2025-10-13 15:00:00,3100.01,1.382255,0.3410564363002777
2025-10-13 16:00:00,3399.45,0.558856,0.42186811566352844
2025-10-13 17:00:00,3400.0,0.0,0.45815032720565796
2025-10-13 18:00:00,3400.0,0.0,0.523892879486084
2025-10-13 19:00:00,3400.0,0.0,0.532249391078949
2025-10-13 20:00:00,3400.0,0.0,0.5317426323890686
2025-10-13 21:00:00,3399.45,0.0,0.5049595236778259
2025-10-13 22:00:00,3211.01,0.0,0.5028773546218872
2025-10-13 23:00:00,3150.0,0.0,0.4380020201206207
2025-10-14 00:00:00,3180.0,0.0,0.26898396015167236
2025-10-14 01:00:00,3000.0,0.0,0.21534687280654907
2025-10-14 02:00:00,2950.0,0.0,0.21379391849040985
2025-10-14 03:00:00,2900.01,0.0,0.20465649664402008
2025-10-14 04:00:00,2700.0,0.0,0.20425055921077728
2025-10-14 05:00:00,2547.78,0.0,0.21004146337509155
2025-10-14 06:00:00,3200.01,0.0,0.23445755243301392
2025-10-14 07:00:00,3224.42,0.5638070000000001,0.43851977586746216
2025-10-14 08:00:00,3300.0,1.388456,0.47530439496040344
2025-10-14 09:00:00,2250.01,2.00968,0.46466636657714844
2025-10-14 10:00:00,2510.1,2.4123180000000004,0.4668322801589966
2025-10-14 11:00:00,2349.98,2.636565,0.43675315380096436
2025-10-14 12:00:00,779.99,2.607991,0.4225742220878601
2025-10-14 13:00:00,1753.0,1.7141769999999998,0.40564998984336853
2025-10-14 14:00:00,3021.36,1.88925,0.3984273076057434
2025-10-14 15:00:00,2914.3,0.8522569999999999,0.37230804562568665
2025-10-14 16:00:00,3380.0,0.12088,0.4352547824382782
2025-10-14 17:00:00,3400.0,0.0,0.5098194479942322
2025-10-14 18:00:00,3400.0,0.0,0.5327286124229431
2025-10-14 19:00:00,3400.0,0.0,0.5045793652534485
2025-10-14 20:00:00,3400.0,0.0,0.5285993218421936
2025-10-14 21:00:00,3399.46,0.0,0.49092501401901245
2025-10-14 22:00:00,3200.01,0.0,0.4755207896232605
2025-10-14 23:00:00,3149.99,0.0,0.4375992715358734
2025-10-15 00:00:00,3180.01,0.0,0.28789761662483215
2025-10-15 01:00:00,3131.62,0.0,0.2211482971906662
2025-10-15 02:00:00,2970.5,0.0,0.20719090104103088
2025-10-15 03:00:00,2806.79,0.0,0.21209537982940674
2025-10-15 04:00:00,2773.34,0.0,0.2062581330537796
2025-10-15 05:00:00,2881.32,0.0,0.2085028737783432
2025-10-15 06:00:00,2950.0,0.0,0.23414741456508636
2025-10-15 07:00:00,3000.0,0.0,0.4042152762413025
2025-10-15 08:00:00,2864.0,0.0,0.4724653661251068
2025-10-15 09:00:00,3071.01,0.008213,0.46995043754577637
2025-10-15 10:00:00,2355.0,0.07434099999999999,0.44747233390808105
2025-10-15 11:00:00,2700.0,0.512501,0.3987793028354645
2025-10-15 12:00:00,780.0,0.276385,0.43380144238471985
2025-10-15 13:00:00,1899.98,0.5509310000000001,0.4306486248970032
2025-10-15 14:00:00,2875.99,0.421213,0.3828585743904114
2025-10-15 15:00:00,3099.0,0.290527,0.365852952003479
2025-10-15 16:00:00,3197.0,0.0,0.42787912487983704
2025-10-15 17:00:00,3399.46,0.0,0.5035481452941895
2025-10-15 18:00:00,3399.98,0.0,0.5246390700340271
2025-10-15 19:00:00,3399.46,0.0,0.5287449955940247
2025-10-15 20:00:00,3399.46,0.0,0.5601099729537964
2025-10-15 21:00:00,3370.0,0.0,0.49061042070388794
2025-10-15 22:00:00,2887.01,0.0,0.48583635687828064
2025-10-15 23:00:00,2994.0,0.0,0.4646877348423004
2025-10-16 00:00:00,3052.27,0.0,0.3233714699745178
2025-10-16 01:00:00,2876.0,0.0,0.2219470739364624
2025-10-16 02:00:00,2876.0,0.0,0.20767591893672943
2025-10-16 03:00:00,2605.0,0.0,0.20831385254859924
2025-10-16 04:00:00,2355.01,0.0,0.20928141474723816
2025-10-16 05:00:00,2837.33,0.0,0.21512936055660248
2025-10-16 06:00:00,3219.47,0.0,0.23986577987670898
2025-10-16 07:00:00,3124.08,0.38327,0.40269044041633606
2025-10-16 08:00:00,3219.47,1.119976,0.4768279194831848
2025-10-16 09:00:00,2950.01,1.771064,0.482276976108551
2025-10-16 10:00:00,2464.99,2.19621,0.4584610164165497
2025-10-16 11:00:00,2300.0,2.40183,0.4317503273487091
2025-10-16 12:00:00,501.01,2.403227,0.4098956882953644
2025-10-16 13:00:00,1314.11,2.190087,0.44226938486099243
2025-10-16 14:00:00,2600.01,1.761471,0.41760721802711487
2025-10-16 15:00:00,2944.0,1.165885,0.38245052099227905
2025-10-16 16:00:00,3129.99,0.45102800000000004,0.41222378611564636
2025-10-16 17:00:00,3400.0,0.0,0.47071555256843567
2025-10-16 18:00:00,3400.0,0.0,0.5106577277183533
2025-10-16 19:00:00,3400.0,0.0,0.5147078037261963
2025-10-16 20:00:00,3400.0,0.0,0.5588763356208801
2025-10-16 21:00:00,3400.0,0.0,0.47855299711227417
2025-10-16 22:00:00,3128.46,0.0,0.4688299596309662
2025-10-16 23:00:00,3147.77,0.0,0.41760510206222534
2025-10-17 00:00:00,2995.0,0.0,0.28805238008499146
2025-10-17 01:00:00,2910.1,0.0,0.22253291308879852
2025-10-17 02:00:00,2827.99,0.0,0.20791663229465485
2025-10-17 03:00:00,2250.01,0.0,0.20724274218082428
2025-10-17 04:00:00,2500.0,0.0,0.20562885701656342
2025-10-17 05:00:00,2814.26,0.0,0.21668247878551483
2025-10-17 06:00:00,3177.01,0.0,0.23746660351753235
2025-10-17 07:00:00,3198.11,0.5073759999999999,0.3812204897403717
2025-10-17 08:00:00,3222.51,1.30308,0.447581022977829
2025-10-17 09:00:00,3122.01,1.946999,0.42770659923553467
2025-10-17 10:00:00,2998.0,2.3813530000000003,0.4790603220462799
2025-10-17 11:00:00,2850.0,2.638598,0.41644302010536194
2025-10-17 12:00:00,1056.99,2.6165390000000004,0.42568856477737427
2025-10-17 13:00:00,1607.0,2.377415,0.4166909456253052
2025-10-17 14:00:00,2995.01,1.903306,0.4153825342655182
2025-10-17 15:00:00,2900.01,1.2548650000000001,0.32879820466041565
2025-10-17 16:00:00,3400.0,0.469313,0.3798695504665375
2025-10-17 17:00:00,3400.0,0.0,0.4357113540172577
2025-10-17 18:00:00,3400.0,0.0,0.49231138825416565
2025-10-17 19:00:00,3400.0,0.0,0.4847646653652191
2025-10-17 20:00:00,3400.0,0.0,0.5071137547492981
2025-10-17 21:00:00,3400.0,0.0,0.5001325607299805
2025-10-17 22:00:00,3400.0,0.0,0.4647517502307892
2025-10-17 23:00:00,3250.0,0.0,0.40848708152770996
2025-10-18 00:00:00,3198.11,0.0,0.29737749695777893
2025-10-18 01:00:00,3180.0,0.0,0.2316773533821106
2025-10-18 02:00:00,3219.47,0.0,0.21567264199256897
2025-10-18 03:00:00,3380.01,0.0,0.20551079511642456
2025-10-18 04:00:00,3320.01,0.0,0.2050059586763382
2025-10-18 05:00:00,3399.98,0.0,0.21040786802768707
2025-10-18 06:00:00,3400.0,0.0,0.22612938284873962
2025-10-18 07:00:00,3088.0,0.008378,0.2823091745376587
2025-10-18 08:00:00,2621.99,0.216804,0.42178258299827576
2025-10-18 09:00:00,2994.01,1.545025,0.4553951323032379
2025-10-18 10:00:00,2453.01,0.413826,0.44666787981987
2025-10-18 11:00:00,2399.98,0.458433,0.4018254280090332
2025-10-18 12:00:00,1000.0,0.196852,0.39837777614593506
2025-10-18 13:00:00,1899.99,0.5270779999999999,0.3703742027282715
2025-10-18 14:00:00,2780.01,0.442121,0.39793363213539124
2025-10-18 15:00:00,3013.98,0.41101299999999996,0.3775829076766968
2025-10-18 16:00:00,3130.0,0.073837,0.4162933826446533
2025-10-18 17:00:00,3400.0,0.0,0.491467148065567
2025-10-18 18:00:00,3400.0,0.0,0.5203880071640015
2025-10-18 19:00:00,3400.0,0.0,0.5267828702926636
2025-10-18 20:00:00,3400.0,0.0,0.505111038684845
2025-10-18 21:00:00,3400.0,0.0,0.44993388652801514
2025-10-18 22:00:00,3300.0,0.0,0.43476182222366333
2025-10-18 23:00:00,3180.01,0.0,0.428544819355011
2025-10-19 00:00:00,3200.0,0.0,0.3002273440361023
2025-10-19 01:00:00,3180.0,0.0,0.24587346613407135
2025-10-19 02:00:00,2864.0,0.0,0.21505938470363617
2025-10-19 03:00:00,3129.99,0.0,0.20447741448879242
2025-10-19 04:00:00,3144.01,0.0,0.20320925116539001
2025-10-19 05:00:00,3144.0,0.0,0.21156972646713257
2025-10-19 06:00:00,3194.01,0.0,0.22153212130069733
2025-10-19 07:00:00,3047.78,0.310149,0.2766542434692383
2025-10-19 08:00:00,2250.0,1.0195349999999999,0.413380891084671
2025-10-19 09:00:00,1499.99,1.6239400000000002,0.4363984763622284
2025-10-19 10:00:00,947.01,2.085937,0.45945441722869873
2025-10-19 11:00:00,1042.0,2.389475,0.44951796531677246
2025-10-19 12:00:00,356.0,1.6121569999999998,0.4597824811935425
2025-10-19 13:00:00,1000.01,1.3249259999999998,0.3615110218524933
2025-10-19 14:00:00,1499.99,0.539514,0.3720608055591583
2025-10-19 15:00:00,2999.99,0.142589,0.37848544120788574
2025-10-19 16:00:00,3400.0,0.10267,0.4005674421787262
2025-10-19 17:00:00,3400.0,0.0,0.4754082262516022
2025-10-19 18:00:00,3400.0,0.0,0.4965813457965851
2025-10-19 19:00:00,3400.0,0.0,0.5290745496749878
2025-10-19 20:00:00,3400.0,0.0,0.4859519600868225
2025-10-19 21:00:00,3400.0,0.0,0.4433407187461853
2025-10-19 22:00:00,2647.99,0.0,0.4315629005432129
2025-10-19 23:00:00,2946.0,0.0,0.39556407928466797
2025-10-20 00:00:00,3230.0,0.0,0.25197142362594604
2025-10-20 01:00:00,2950.0,0.0,0.21474774181842804
2025-10-20 02:00:00,2616.0,0.0,0.2038734257221222
2025-10-20 03:00:00,2250.01,0.0,0.19996678829193115
2025-10-20 04:00:00,2250.0,0.0,0.20199765264987946
2025-10-20 05:00:00,2527.34,0.0,0.20593547821044922
2025-10-20 06:00:00,2395.07,0.0,0.22857891023159027
2025-10-20 07:00:00,3350.0,0.39249599999999996,0.3836110532283783
2025-10-20 08:00:00,3400.0,1.167086,0.45662400126457214
2025-10-20 09:00:00,3400.0,1.793075,0.41626468300819397
2025-10-20 10:00:00,3240.0,2.232985,0.449553906917572
2025-10-20 11:00:00,3167.77,2.530493,0.4692368805408478
2025-10-20 12:00:00,2155.99,2.5030479999999997,0.43063023686408997
2025-10-20 13:00:00,2944.0,2.2531909999999997,0.4295588433742523
2025-10-20 14:00:00,3389.64,1.796844,0.4112197458744049
2025-10-20 15:00:00,3400.0,1.154193,0.3410564363002777
2025-10-20 16:00:00,3400.0,0.412275,0.42186811566352844
2025-10-20 17:00:00,3400.0,0.0,0.45815032720565796
2025-10-20 18:00:00,3400.0,0.0,0.523892879486084
2025-10-20 19:00:00,3400.0,0.0,0.532249391078949
2025-10-20 20:00:00,3400.0,0.0,0.5317426323890686
2025-10-20 21:00:00,3400.0,0.0,0.5049595236778259
2025-10-20 22:00:00,3400.0,0.0,0.5028773546218872
2025-10-20 23:00:00,3176.34,0.0,0.4380020201206207
2025-10-21 00:00:00,3168.7,0.0,0.26898396015167236
2025-10-21 01:00:00,2646.0,0.0,0.21534687280654907
2025-10-21 02:00:00,2900.01,0.0,0.21379391849040985
2025-10-21 03:00:00,2646.0,0.0,0.20465649664402008
2025-10-21 04:00:00,2605.0,0.0,0.20425055921077728
2025-10-21 05:00:00,2584.33,0.0,0.21004146337509155
2025-10-21 06:00:00,2999.99,0.0,0.23445755243301392
2025-10-21 07:00:00,2900.01,0.0,0.43851977586746216
2025-10-21 08:00:00,3400.0,1.3304369999999999,0.47530439496040344
2025-10-21 09:00:00,3390.0,1.1471559999999998,0.46466636657714844
2025-10-21 10:00:00,3174.33,1.738518,0.4668322801589966
2025-10-21 11:00:00,2615.99,1.576991,0.43675315380096436
2025-10-21 12:00:00,2584.34,1.905519,0.4225742220878601
2025-10-21 13:00:00,2998.0,2.3119099999999997,0.40564998984336853
2025-10-21 14:00:00,3389.99,1.837135,0.3984273076057434
2025-10-21 15:00:00,3380.01,0.230179,0.37230804562568665
2025-10-21 16:00:00,3400.0,0.040886000000000006,0.4352547824382782
2025-10-21 17:00:00,3400.0,0.0,0.5098194479942322
2025-10-21 18:00:00,3400.0,0.0,0.5327286124229431
2025-10-21 19:00:00,3400.0,0.0,0.5045793652534485
2025-10-21 20:00:00,3400.0,0.0,0.5285993218421936
2025-10-21 21:00:00,3400.0,0.0,0.49092501401901245
2025-10-21 22:00:00,3199.01,0.0,0.4755207896232605
2025-10-21 23:00:00,3180.01,0.0,0.4375992715358734
2025-10-22 00:00:00,3300.01,0.0,0.28789761662483215
2025-10-22 01:00:00,3076.48,0.0,0.2211482971906662
2025-10-22 02:00:00,2999.99,0.0,0.20719090104103088
2025-10-22 03:00:00,2451.0,0.0,0.21209537982940674
2025-10-22 04:00:00,2384.0,0.0,0.2062581330537796
2025-10-22 05:00:00,2351.0,0.0,0.2085028737783432
2025-10-22 06:00:00,2699.99,0.0,0.23414741456508636
2025-10-22 07:00:00,3094.0,0.55608,0.4042152762413025
2025-10-22 08:00:00,3400.0,0.34776,0.4724653661251068
2025-10-22 09:00:00,3400.0,2.0723949999999998,0.46995043754577637
2025-10-22 10:00:00,3145.01,2.499392,0.44747233390808105
2025-10-22 11:00:00,3097.01,2.656251,0.3987793028354645
2025-10-22 12:00:00,2300.0,2.638727,0.43380144238471985
2025-10-22 13:00:00,2584.24,2.4106,0.4306486248970032
2025-10-22 14:00:00,3129.99,1.940156,0.3828585743904114
2025-10-22 15:00:00,3100.0,1.267371,0.365852952003479
2025-10-22 16:00:00,3400.0,0.43542899999999995,0.42787912487983704
2025-10-22 17:00:00,3400.0,0.0,0.5035481452941895
2025-10-22 18:00:00,3400.0,0.0,0.5246390700340271
2025-10-22 19:00:00,3400.0,0.0,0.5287449955940247
2025-10-22 20:00:00,3400.0,0.0,0.5601099729537964
2025-10-22 21:00:00,3400.0,0.0,0.49061042070388794
2025-10-22 22:00:00,3057.17,0.0,0.48583635687828064
2025-10-22 23:00:00,3097.0,0.0,0.4646877348423004
2025-10-23 00:00:00,3150.0,0.0,0.3233714699745178
2025-10-23 01:00:00,3246.0,0.0,0.2219470739364624
2025-10-23 02:00:00,2401.01,0.0,0.20767591893672943
2025-10-23 03:00:00,2300.0,0.0,0.20831385254859924
2025-10-23 04:00:00,2401.0,0.0,0.20928141474723816
2025-10-23 05:00:00,2599.25,0.0,0.21512936055660248
2025-10-23 06:00:00,3093.01,0.0,0.23986577987670898
2025-10-23 07:00:00,3400.0,0.5352680000000001,0.40269044041633606
2025-10-23 08:00:00,3400.0,1.403319,0.4768279194831848
2025-10-23 09:00:00,3300.0,2.068549,0.482276976108551
2025-10-23 10:00:00,2999.99,2.517773,0.4584610164165497
2025-10-23 11:00:00,3047.77,2.724323,0.4317503273487091
2025-10-23 12:00:00,1750.0,2.697787,0.4098956882953644
2025-10-23 13:00:00,2827.25,1.0807529999999999,0.44226938486099243
2025-10-23 14:00:00,3350.24,1.955771,0.41760721802711487
2025-10-23 15:00:00,3400.0,1.270171,0.38245052099227905
2025-10-23 16:00:00,3400.0,0.424065,0.41222378611564636
2025-10-23 17:00:00,3400.0,0.0,0.47071555256843567
2025-10-23 18:00:00,3400.0,0.0,0.5106577277183533
2025-10-23 19:00:00,3400.0,0.0,0.5147078037261963
2025-10-23 20:00:00,3400.0,0.0,0.5588763356208801
2025-10-23 21:00:00,3400.0,0.0,0.47855299711227417
2025-10-23 22:00:00,2599.24,0.0,0.4688299596309662
2025-10-23 23:00:00,3047.77,0.0,0.41760510206222534
2025-10-24 00:00:00,3058.0,0.0,0.28805238008499146
2025-10-24 01:00:00,3047.78,0.0,0.22253291308879852
2025-10-24 02:00:00,2616.0,0.0,0.20791663229465485
2025-10-24 03:00:00,2599.96,0.0,0.20724274218082428
2025-10-24 04:00:00,2161.72,0.0,0.20562885701656342
2025-10-24 05:00:00,1899.98,0.0,0.21668247878551483
2025-10-24 06:00:00,3058.01,0.0,0.23746660351753235
2025-10-24 07:00:00,3199.99,0.5268010000000001,0.3812204897403717
2025-10-24 08:00:00,3400.0,1.387845,0.447581022977829
2025-10-24 09:00:00,2994.01,2.046768,0.42770659923553467
2025-10-24 10:00:00,1458.86,0.9530789999999999,0.4790603220462799
2025-10-24 11:00:00,1000.01,2.663999,0.41644302010536194
2025-10-24 12:00:00,130.01,0.589546,0.42568856477737427
2025-10-24 13:00:00,130.01,0.1656,0.4166909456253052
2025-10-24 14:00:00,1400.0,1.1366489999999998,0.4153825342655182
2025-10-24 15:00:00,1400.0,0.011487,0.32879820466041565
2025-10-24 16:00:00,3197.0,0.00189,0.3798695504665375
2025-10-24 17:00:00,3400.0,0.0,0.4357113540172577
2025-10-24 18:00:00,3400.0,0.0,0.49231138825416565
2025-10-24 19:00:00,3400.0,0.0,0.4847646653652191
2025-10-24 20:00:00,3400.0,0.0,0.5071137547492981
2025-10-24 21:00:00,3249.99,0.0,0.5001325607299805
2025-10-24 22:00:00,2900.01,0.0,0.4647517502307892
2025-10-24 23:00:00,2999.01,0.0,0.40848708152770996
2025-10-25 00:00:00,2999.01,0.0,0.29737749695777893
2025-10-25 01:00:00,3027.2,0.0,0.2316773533821106
2025-10-25 02:00:00,2910.1,0.0,0.21567264199256897
2025-10-25 03:00:00,2694.25,0.0,0.20551079511642456
2025-10-25 04:00:00,2950.01,0.0,0.2050059586763382
2025-10-25 05:00:00,3055.96,0.0,0.21040786802768707
2025-10-25 06:00:00,3400.0,0.0,0.22612938284873962
2025-10-25 07:00:00,3400.0,0.0,0.2823091745376587
2025-10-25 08:00:00,3400.0,0.18167,0.42178258299827576
2025-10-25 09:00:00,3400.0,0.17682,0.4553951323032379
2025-10-25 10:00:00,3129.99,0.212063,0.44666787981987
2025-10-25 11:00:00,2700.01,0.165426,0.4018254280090332
2025-10-25 12:00:00,1397.59,0.6368060000000001,0.39837777614593506
2025-10-25 13:00:00,1799.99,0.383795,0.3703742027282715
2025-10-25 14:00:00,2820.41,0.5572140000000001,0.39793363213539124
2025-10-25 15:00:00,2849.01,0.011614000000000001,0.3775829076766968
2025-10-25 16:00:00,3377.77,0.020728,0.4162933826446533
2025-10-25 17:00:00,3400.0,0.0,0.491467148065567
2025-10-25 18:00:00,3400.0,0.0,0.5203880071640015
2025-10-25 19:00:00,3400.0,0.0,0.5267828702926636
2025-10-25 20:00:00,3400.0,0.0,0.505111038684845
2025-10-25 21:00:00,3400.0,0.0,0.44993388652801514
2025-10-25 22:00:00,3400.0,0.0,0.43476182222366333
2025-10-25 23:00:00,3400.0,0.0,0.428544819355011
2025-10-26 00:00:00,3350.0,0.0,0.3002273440361023
2025-10-26 01:00:00,3250.01,0.0,0.24587346613407135
2025-10-26 02:00:00,3200.01,0.0,0.21505938470363617
2025-10-26 03:00:00,3334.43,0.0,0.20447741448879242
2025-10-26 04:00:00,3349.7,0.0,0.20320925116539001
2025-10-26 05:00:00,3155.0,0.0,0.21156972646713257
2025-10-26 06:00:00,3391.32,0.0,0.22153212130069733
2025-10-26 07:00:00,2936.0,0.040204000000000004,0.2766542434692383
2025-10-26 08:00:00,1606.97,0.032180999999999994,0.413380891084671
2025-10-26 09:00:00,850.0,0.020126,0.4363984763622284
2025-10-26 10:00:00,128.28,0.046017,0.45945441722869873
2025-10-26 11:00:00,10.01,0.12325,0.44951796531677246
2025-10-26 12:00:00,1.0,0.034095999999999994,0.4597824811935425
2025-10-26 13:00:00,1.01,0.32142200000000004,0.3615110218524933
2025-10-26 14:00:00,80.0,0.168031,0.3720608055591583
2025-10-26 15:00:00,395.1,0.011597,0.37848544120788574
2025-10-26 16:00:00,3233.07,0.0,0.4005674421787262
2025-10-26 17:00:00,3400.0,0.0,0.4754082262516022
2025-10-26 18:00:00,3400.0,0.0,0.4965813457965851
2025-10-26 19:00:00,3400.0,0.0,0.5290745496749878
2025-10-26 20:00:00,3400.0,0.0,0.4859519600868225
2025-10-26 21:00:00,3400.0,0.0,0.4433407187461853
2025-10-26 22:00:00,2807.77,0.0,0.4315629005432129
2025-10-26 23:00:00,1606.98,0.0,0.39556407928466797
2025-10-27 00:00:00,1899.99,0.0,0.25197142362594604
2025-10-27 01:00:00,1397.59,0.0,0.21474774181842804
2025-10-27 02:00:00,999.11,0.0,0.2038734257221222
2025-10-27 03:00:00,1500.01,0.0,0.19996678829193115
2025-10-27 04:00:00,1400.0,0.0,0.20199765264987946
2025-10-27 05:00:00,1606.97,0.0,0.20593547821044922
2025-10-27 06:00:00,1606.98,0.0,0.22857891023159027
2025-10-27 07:00:00,1999.0,0.344353,0.3836110532283783
2025-10-27 08:00:00,3400.0,0.0233,0.45662400126457214
2025-10-27 09:00:00,1740.1,0.229692,0.41626468300819397
2025-10-27 10:00:00,659.86,0.246422,0.449553906917572
2025-10-27 11:00:00,1549.98,0.39746699999999996,0.4692368805408478
2025-10-27 12:00:00,149.99,0.19946799999999998,0.43063023686408997
2025-10-27 13:00:00,449.99,0.046064999999999995,0.4295588433742523
2025-10-27 14:00:00,850.0,0.028844,0.4112197458744049
2025-10-27 15:00:00,1549.98,0.008707000000000001,0.3410564363002777
2025-10-27 16:00:00,3400.0,0.0,0.42186811566352844
2025-10-27 17:00:00,3400.0,0.0,0.45815032720565796
2025-10-27 18:00:00,3400.0,0.0,0.523892879486084
2025-10-27 19:00:00,3400.0,0.0,0.532249391078949
2025-10-27 20:00:00,3400.0,0.0,0.5317426323890686
2025-10-27 21:00:00,3400.0,0.0,0.5049595236778259
2025-10-27 22:00:00,3400.0,0.0,0.5028773546218872
2025-10-27 23:00:00,3400.0,0.0,0.4380020201206207
2025-10-28 00:00:00,3145.01,0.0,0.26898396015167236
2025-10-28 01:00:00,2605.0,0.0,0.21534687280654907
2025-10-28 02:00:00,2339.99,0.0,0.21379391849040985
2025-10-28 03:00:00,2274.99,0.0,0.20465649664402008
2025-10-28 04:00:00,1900.0,0.0,0.20425055921077728
2025-10-28 05:00:00,2280.94,0.0,0.21004146337509155
2025-10-28 06:00:00,3199.0,0.0,0.23445755243301392
2025-10-28 07:00:00,3000.01,0.386541,0.43851977586746216
2025-10-28 08:00:00,3400.0,1.214858,0.47530439496040344
2025-10-28 09:00:00,3400.0,1.86623,0.46466636657714844
2025-10-28 10:00:00,3230.0,2.308898,0.4668322801589966
2025-10-28 11:00:00,2900.0,0.339659,0.43675315380096436
2025-10-28 12:00:00,650.01,1.081138,0.4225742220878601
2025-10-28 13:00:00,1512.64,2.222086,0.40564998984336853
2025-10-28 14:00:00,2615.99,1.7359,0.3984273076057434
2025-10-28 15:00:00,3320.01,1.0741479999999999,0.37230804562568665
2025-10-28 16:00:00,3400.0,0.31718799999999997,0.4352547824382782
2025-10-28 17:00:00,3400.0,0.0,0.5098194479942322
2025-10-28 18:00:00,3400.0,0.0,0.5327286124229431
2025-10-28 19:00:00,3400.0,0.0,0.5045793652534485
2025-10-28 20:00:00,3400.0,0.0,0.5285993218421936
2025-10-28 21:00:00,3400.0,0.0,0.49092501401901245
2025-10-28 22:00:00,3100.0,0.0,0.4755207896232605
2025-10-28 23:00:00,2577.33,0.0,0.4375992715358734
2025-10-29 00:00:00,3100.0,0.0,0.28789761662483215
2025-10-29 01:00:00,2857.18,0.0,0.2211482971906662
2025-10-29 02:00:00,2645.99,0.0,0.20719090104103088
2025-10-29 03:00:00,2500.0,0.0,0.21209537982940674
2025-10-29 04:00:00,2773.73,0.0,0.2062581330537796
2025-10-29 05:00:00,2857.44,0.0,0.2085028737783432
2025-10-29 06:00:00,3380.0,0.0,0.23414741456508636
2025-10-29 07:00:00,3198.05,0.42710899999999996,0.4042152762413025
2025-10-29 08:00:00,3380.0,1.284467,0.4724653661251068
2025-10-29 09:00:00,1899.99,1.918622,0.46995043754577637
2025-10-29 10:00:00,1397.59,2.305058,0.44747233390808105
2025-10-29 11:00:00,1606.97,2.502599,0.3987793028354645
2025-10-29 12:00:00,500.01,2.464335,0.43380144238471985
2025-10-29 13:00:00,600.01,2.2269259999999997,0.4306486248970032
2025-10-29 14:00:00,834.79,1.802859,0.3828585743904114
2025-10-29 15:00:00,1606.97,1.15141,0.365852952003479
2025-10-29 16:00:00,3400.0,0.330009,0.42787912487983704
2025-10-29 17:00:00,3400.0,0.0,0.5035481452941895
2025-10-29 18:00:00,3400.0,0.0,0.5246390700340271
2025-10-29 19:00:00,3400.0,0.0,0.5287449955940247
2025-10-29 20:00:00,3400.0,0.0,0.5601099729537964
2025-10-29 21:00:00,3400.0,0.0,0.49061042070388794
2025-10-29 22:00:00,2950.01,0.0,0.48583635687828064
2025-10-29 23:00:00,3000.0,0.0,0.4646877348423004
2025-10-30 00:00:00,3250.0,0.0,0.3233714699745178
2025-10-30 01:00:00,3150.01,0.0,0.2219470739364624
2025-10-30 02:00:00,2950.01,0.0,0.20767591893672943
2025-10-30 03:00:00,2557.78,0.0,0.20831385254859924
2025-10-30 04:00:00,2557.77,0.0,0.20928141474723816
2025-10-30 05:00:00,2633.77,0.0,0.21512936055660248
2025-10-30 06:00:00,3400.0,0.0,0.23986577987670898
2025-10-30 07:00:00,3400.0,0.249632,0.40269044041633606
2025-10-30 08:00:00,3400.0,1.020862,0.4768279194831848
2025-10-30 09:00:00,3317.0,1.699828,0.482276976108551
2025-10-30 10:00:00,1937.27,2.183642,0.4584610164165497
2025-10-30 11:00:00,1899.99,2.489738,0.4317503273487091
2025-10-30 12:00:00,1000.01,2.451074,0.4098956882953644
2025-10-30 13:00:00,1606.98,2.182629,0.44226938486099243
2025-10-30 14:00:00,3288.01,0.741017,0.41760721802711487
2025-10-30 15:00:00,2946.0,0.5213690000000001,0.38245052099227905
2025-10-30 16:00:00,3400.0,0.064357,0.41222378611564636
2025-10-30 17:00:00,3400.0,0.0,0.47071555256843567
2025-10-30 18:00:00,3400.0,0.0,0.5106577277183533
2025-10-30 19:00:00,3400.0,0.0,0.5147078037261963
2025-10-30 20:00:00,3400.0,0.0,0.5588763356208801
2025-10-30 21:00:00,3400.0,0.0,0.47855299711227417
2025-10-30 22:00:00,3400.0,0.0,0.4688299596309662
2025-10-30 23:00:00,3299.27,0.0,0.41760510206222534
2025-10-31 00:00:00,3378.01,0.0,0.28805238008499146
2025-10-31 01:00:00,3300.0,0.0,0.22253291308879852
2025-10-31 02:00:00,3250.01,0.0,0.20791663229465485
2025-10-31 03:00:00,2733.78,0.0,0.20724274218082428
2025-10-31 04:00:00,2633.78,0.0,0.20562885701656342
2025-10-31 05:00:00,2945.99,0.0,0.21668247878551483
2025-10-31 06:00:00,3400.0,0.0,0.23746660351753235
2025-10-31 07:00:00,3400.0,0.042118,0.3812204897403717
2025-10-31 08:00:00,3400.0,0.09092499999999999,0.447581022977829
2025-10-31 09:00:00,2542.99,1.366241,0.42770659923553467
2025-10-31 10:00:00,2899.99,1.797546,0.4790603220462799
2025-10-31 11:00:00,2838.6,2.2637519999999998,0.41644302010536194
2025-10-31 12:00:00,1050.0,2.2543290000000002,0.42568856477737427
2025-10-31 13:00:00,1399.99,2.019933,0.4166909456253052
2025-10-31 14:00:00,3391.37,1.5777560000000002,0.4153825342655182
2025-10-31 15:00:00,3160.0,0.949317,0.32879820466041565
2025-10-31 16:00:00,3400.0,0.236269,0.3798695504665375
2025-10-31 17:00:00,3400.0,0.0,0.4357113540172577
2025-10-31 18:00:00,3400.0,0.0,0.49231138825416565
2025-10-31 19:00:00,3400.0,0.0,0.4847646653652191
2025-10-31 20:00:00,3400.0,0.0,0.5071137547492981
2025-10-31 21:00:00,3400.0,0.0,0.5001325607299805
2025-10-31 22:00:00,3400.0,0.0,0.4647517502307892
2025-10-31 23:00:00,3393.78,0.0,0.40848708152770996
2025-11-01 00:00:00,3275.01,0.0,0.29737749695777893
2025-11-01 01:00:00,3210.01,0.0,0.2316773533821106
2025-11-01 02:00:00,3200.0,0.0,0.21567264199256897
2025-11-01 03:00:00,3100.0,0.0,0.20551079511642456
2025-11-01 04:00:00,2894.01,0.0,0.2050059586763382
2025-11-01 05:00:00,2945.99,0.0,0.21040786802768707
2025-11-01 06:00:00,3400.0,0.0,0.22612938284873962
2025-11-01 07:00:00,3400.0,0.0,0.2823091745376587
2025-11-01 08:00:00,3399.45,0.0,0.42178258299827576
2025-11-01 09:00:00,2950.0,0.467988,0.4553951323032379
2025-11-01 10:00:00,2615.99,0.6614650000000001,0.44666787981987
2025-11-01 11:00:00,2880.01,0.49629500000000004,0.4018254280090332
2025-11-01 12:00:00,1400.0,0.932114,0.39837777614593506
2025-11-01 13:00:00,2410.0,0.504252,0.3703742027282715
2025-11-01 14:00:00,2828.0,0.282683,0.39793363213539124
2025-11-01 15:00:00,2894.0,0.152858,0.3775829076766968
2025-11-01 16:00:00,3300.0,0.001348,0.4162933826446533
2025-11-01 17:00:00,3400.0,0.0,0.491467148065567
2025-11-01 18:00:00,3400.0,0.0,0.5203880071640015
2025-11-01 19:00:00,3399.46,0.0,0.5267828702926636
2025-11-01 20:00:00,3399.46,0.0,0.505111038684845
2025-11-01 21:00:00,3399.45,0.0,0.44993388652801514
2025-11-01 22:00:00,3120.01,0.0,0.43476182222366333
2025-11-01 23:00:00,2543.0,0.0,0.428544819355011
2025-11-02 00:00:00,3150.01,0.0,0.3002273440361023
2025-11-02 01:00:00,2849.01,0.0,0.24587346613407135
2025-11-02 02:00:00,2853.0,0.0,0.21505938470363617
2025-11-02 03:00:00,2875.99,0.0,0.20447741448879242
2025-11-02 04:00:00,2719.0,0.0,0.20320925116539001
2025-11-02 05:00:00,2719.0,0.0,0.21156972646713257
2025-11-02 06:00:00,3350.0,0.0,0.22153212130069733
2025-11-02 07:00:00,3299.01,0.30816899999999997,0.2766542434692383
2025-11-02 08:00:00,1899.98,1.122712,0.413380891084671
2025-11-02 09:00:00,600.01,0.09723699999999999,0.4363984763622284
2025-11-02 10:00:00,499.99,1.3040740000000002,0.45945441722869873
2025-11-02 11:00:00,525.05,1.56539,0.44951796531677246
2025-11-02 12:00:00,360.35,2.457697,0.4597824811935425
2025-11-02 13:00:00,1355.01,2.167469,0.3615110218524933
2025-11-02 14:00:00,1606.98,0.737947,0.3720608055591583
2025-11-02 15:00:00,2420.0,0.41098700000000005,0.37848544120788574
2025-11-02 16:00:00,3275.0,0.0024460000000000003,0.4005674421787262
2025-11-02 17:00:00,3400.0,0.0,0.4754082262516022
2025-11-02 18:00:00,3400.0,0.0,0.4965813457965851
2025-11-02 19:00:00,3400.0,0.0,0.5290745496749878
2025-11-02 20:00:00,3399.46,0.0,0.4859519600868225
2025-11-02 21:00:00,3399.45,0.0,0.4433407187461853
2025-11-02 22:00:00,2898.25,0.0,0.4315629005432129
2025-11-02 23:00:00,3120.0,0.0,0.39556407928466797
2025-11-03 00:00:00,3135.56,0.0,0.25197142362594604
2025-11-03 01:00:00,2700.0,0.0,0.21474774181842804
2025-11-03 02:00:00,2607.01,0.0,0.2038734257221222
2025-11-03 03:00:00,2541.01,0.0,0.19996678829193115
2025-11-03 04:00:00,2541.01,0.0,0.20199765264987946
2025-11-03 05:00:00,2719.0,0.0,0.20593547821044922
2025-11-03 06:00:00,3399.45,0.0,0.22857891023159027
2025-11-03 07:00:00,3400.0,0.29915499999999995,0.3836110532283783
2025-11-03 08:00:00,3400.0,1.079758,0.45662400126457214
2025-11-03 09:00:00,3400.0,0.034186999999999995,0.41626468300819397
2025-11-03 10:00:00,2900.0,2.18113,0.449553906917572
2025-11-03 11:00:00,2950.0,1.288537,0.4692368805408478
2025-11-03 12:00:00,1607.0,1.456544,0.43063023686408997
2025-11-03 13:00:00,2950.0,1.547463,0.4295588433742523
2025-11-03 14:00:00,3400.0,0.729502,0.4112197458744049
2025-11-03 15:00:00,3400.0,0.926727,0.3410564363002777
2025-11-03 16:00:00,3400.0,0.175454,0.42186811566352844
2025-11-03 17:00:00,3400.0,0.0,0.45815032720565796
2025-11-03 18:00:00,3400.0,0.0,0.523892879486084
2025-11-03 19:00:00,3400.0,0.0,0.532249391078949
2025-11-03 20:00:00,3400.0,0.0,0.5317426323890686
2025-11-03 21:00:00,3399.46,0.0,0.5049595236778259
2025-11-03 22:00:00,3106.04,0.0,0.5028773546218872
2025-11-03 23:00:00,3130.01,0.0,0.4380020201206207
2025-11-04 00:00:00,3330.0,0.0,0.26898396015167236
2025-11-04 01:00:00,3100.0,0.0,0.21534687280654907
2025-11-04 02:00:00,2946.0,0.0,0.21379391849040985
2025-11-04 03:00:00,2994.0,0.0,0.20465649664402008
2025-11-04 04:00:00,2994.0,0.0,0.20425055921077728
2025-11-04 05:00:00,2802.01,0.0,0.21004146337509155
2025-11-04 06:00:00,3400.0,0.0,0.23445755243301392
2025-11-04 07:00:00,3400.0,0.332843,0.43851977586746216
2025-11-04 08:00:00,3400.0,1.165178,0.47530439496040344
2025-11-04 09:00:00,3400.0,1.808486,0.46466636657714844
2025-11-04 10:00:00,3348.7,2.2259740000000003,0.4668322801589966
2025-11-04 11:00:00,2945.99,2.43906,0.43675315380096436
2025-11-04 12:00:00,1501.01,2.408223,0.4225742220878601
2025-11-04 13:00:00,2235.01,2.1676159999999998,0.40564998984336853
2025-11-04 14:00:00,2601.78,1.720528,0.3984273076057434
2025-11-04 15:00:00,3150.0,1.042132,0.37230804562568665
2025-11-04 16:00:00,3400.0,0.170232,0.4352547824382782
2025-11-04 17:00:00,3400.0,0.0,0.5098194479942322
2025-11-04 18:00:00,3400.0,0.0,0.5327286124229431
2025-11-04 19:00:00,3400.0,0.0,0.5045793652534485
2025-11-04 20:00:00,3399.46,0.0,0.5285993218421936
2025-11-04 21:00:00,3399.45,0.0,0.49092501401901245
2025-11-04 22:00:00,2601.78,0.0,0.4755207896232605
2025-11-04 23:00:00,2844.0,0.0,0.4375992715358734
2025-11-05 00:00:00,3300.0,0.0,0.28789761662483215
2025-11-05 01:00:00,3097.01,0.0,0.2211482971906662
2025-11-05 02:00:00,2513.0,0.0,0.20719090104103088
2025-11-05 03:00:00,2694.0,0.0,0.21209537982940674
2025-11-05 04:00:00,2401.0,0.0,0.2062581330537796
2025-11-05 05:00:00,2250.0,0.0,0.2085028737783432
2025-11-05 06:00:00,2350.0,0.0,0.23414741456508636
2025-11-05 07:00:00,3349.99,0.37881099999999995,0.4042152762413025
2025-11-05 08:00:00,3399.46,1.22275,0.4724653661251068
2025-11-05 09:00:00,2567.49,1.850754,0.46995043754577637
2025-11-05 10:00:00,2351.0,2.261314,0.44747233390808105
2025-11-05 11:00:00,2744.0,2.460482,0.3987793028354645
2025-11-05 12:00:00,501.02,2.4222930000000003,0.43380144238471985
2025-11-05 13:00:00,1678.16,2.166432,0.4306486248970032
2025-11-05 14:00:00,2615.99,1.712567,0.3828585743904114
2025-11-05 15:00:00,2950.0,1.0280319999999998,0.365852952003479
2025-11-05 16:00:00,3400.0,0.158727,0.42787912487983704
2025-11-05 17:00:00,3400.0,0.0,0.5035481452941895
2025-11-05 18:00:00,3399.46,0.0,0.5246390700340271
2025-11-05 19:00:00,3399.45,0.0,0.5287449955940247
2025-11-05 20:00:00,3385.0,0.0,0.5601099729537964
2025-11-05 21:00:00,3059.99,0.0,0.49061042070388794
2025-11-05 22:00:00,2950.0,0.0,0.48583635687828064
2025-11-05 23:00:00,2984.34,0.0,0.4646877348423004
2025-11-06 00:00:00,2950.0,0.0,0.3233714699745178
2025-11-06 01:00:00,2610.0,0.0,0.2219470739364624
2025-11-06 02:00:00,2533.33,0.0,0.20767591893672943
2025-11-06 03:00:00,2533.33,0.0,0.20831385254859924
2025-11-06 04:00:00,2401.01,0.0,0.20928141474723816
2025-11-06 05:00:00,2533.33,0.0,0.21512936055660248
2025-11-06 06:00:00,2841.01,0.0,0.23986577987670898
2025-11-06 07:00:00,3193.64,0.21539,0.40269044041633606
2025-11-06 08:00:00,3400.0,0.9828,0.4768279194831848
2025-11-06 09:00:00,3400.0,1.608126,0.482276976108551
2025-11-06 10:00:00,3178.65,1.997017,0.4584610164165497
2025-11-06 11:00:00,3145.01,1.0081069999999999,0.4317503273487091
2025-11-06 12:00:00,1899.99,1.181632,0.4098956882953644
2025-11-06 13:00:00,2900.01,1.0909929999999999,0.44226938486099243
2025-11-06 14:00:00,3120.01,1.421462,0.41760721802711487
2025-11-06 15:00:00,3140.0,0.23610499999999998,0.38245052099227905
2025-11-06 16:00:00,3400.0,0.006063,0.41222378611564636
2025-11-06 17:00:00,3400.0,0.0,0.47071555256843567
2025-11-06 18:00:00,3400.0,0.0,0.5106577277183533
2025-11-06 19:00:00,3399.46,0.0,0.5147078037261963
2025-11-06 20:00:00,3399.45,0.0,0.5588763356208801
2025-11-06 21:00:00,3385.0,0.0,0.47855299711227417
2025-11-06 22:00:00,2950.01,0.0,0.4688299596309662
2025-11-06 23:00:00,3130.01,0.0,0.41760510206222534
2025-11-07 00:00:00,3000.01,0.0,0.28805238008499146
2025-11-07 01:00:00,2687.0,0.0,0.22253291308879852
2025-11-07 02:00:00,2604.99,0.0,0.20791663229465485
2025-11-07 03:00:00,2607.78,0.0,0.20724274218082428
2025-11-07 04:00:00,2559.78,0.0,0.20562885701656342
2025-11-07 05:00:00,2699.99,0.0,0.21668247878551483
2025-11-07 06:00:00,3399.46,0.0,0.23746660351753235
2025-11-07 07:00:00,3400.0,0.10394400000000001,0.3812204897403717
2025-11-07 08:00:00,3400.0,0.7968569999999999,0.447581022977829
2025-11-07 09:00:00,3399.99,0.020193000000000003,0.42770659923553467
2025-11-07 10:00:00,2840.78,0.163502,0.4790603220462799
2025-11-07 11:00:00,2607.78,0.193133,0.41644302010536194
2025-11-07 12:00:00,1450.0,2.079349,0.42568856477737427
2025-11-07 13:00:00,2559.78,1.839862,0.4166909456253052
2025-11-07 14:00:00,2995.0,1.42513,0.4153825342655182
2025-11-07 15:00:00,3299.99,0.078834,0.32879820466041565
2025-11-07 16:00:00,3400.0,0.0,0.3798695504665375
2025-11-07 17:00:00,3400.0,0.0,0.4357113540172577
2025-11-07 18:00:00,3400.0,0.0,0.49231138825416565
2025-11-07 19:00:00,3400.0,0.0,0.4847646653652191
2025-11-07 20:00:00,3400.0,0.0,0.5071137547492981
2025-11-07 21:00:00,3399.46,0.0,0.5001325607299805
2025-11-07 22:00:00,3299.18,0.0,0.4647517502307892
2025-11-07 23:00:00,3150.01,0.0,0.40848708152770996
2025-11-08 00:00:00,3210.0,0.0,0.29737749695777893
2025-11-08 01:00:00,3200.0,0.0,0.2316773533821106
2025-11-08 02:00:00,3155.09,0.0,0.21567264199256897
2025-11-08 03:00:00,2842.99,0.0,0.20551079511642456
2025-11-08 04:00:00,2699.99,0.0,0.2050059586763382
2025-11-08 05:00:00,2880.01,0.0,0.21040786802768707
2025-11-08 06:00:00,3250.0,0.0,0.22612938284873962
2025-11-08 07:00:00,3300.0,0.18717599999999998,0.2823091745376587
2025-11-08 08:00:00,3399.46,0.96373,0.42178258299827576
2025-11-08 09:00:00,2950.0,1.6045150000000001,0.4553951323032379
2025-11-08 10:00:00,2404.99,2.011103,0.44666787981987
2025-11-08 11:00:00,1719.99,2.134508,0.4018254280090332
2025-11-08 12:00:00,1000.0,2.1474830000000003,0.39837777614593506
2025-11-08 13:00:00,1719.99,1.951387,0.3703742027282715
2025-11-08 14:00:00,2838.01,1.507851,0.39793363213539124
2025-11-08 15:00:00,2451.0,0.371957,0.3775829076766968
2025-11-08 16:00:00,3400.0,0.126198,0.4162933826446533
2025-11-08 17:00:00,3400.0,0.0,0.491467148065567
2025-11-08 18:00:00,3400.0,0.0,0.5203880071640015
2025-11-08 19:00:00,3400.0,0.0,0.5267828702926636
2025-11-08 20:00:00,3400.0,0.0,0.505111038684845
2025-11-08 21:00:00,3399.46,0.0,0.44993388652801514
2025-11-08 22:00:00,3245.99,0.0,0.43476182222366333
2025-11-08 23:00:00,3120.01,0.0,0.428544819355011
2025-11-09 00:00:00,2947.77,0.0,0.3002273440361023
2025-11-09 01:00:00,2875.99,0.0,0.24587346613407135
2025-11-09 02:00:00,2737.78,0.0,0.21505938470363617
2025-11-09 03:00:00,2699.99,0.0,0.20447741448879242
2025-11-09 04:00:00,2873.78,0.0,0.20320925116539001
2025-11-09 05:00:00,2873.77,0.0,0.21156972646713257
2025-11-09 06:00:00,3380.0,0.0,0.22153212130069733
2025-11-09 07:00:00,3246.0,0.228883,0.2766542434692383
2025-11-09 08:00:00,2274.99,0.008814,0.413380891084671
2025-11-09 09:00:00,1001.0,0.058306,0.4363984763622284
2025-11-09 10:00:00,170.0,0.37342200000000003,0.45945441722869873
2025-11-09 11:00:00,130.01,2.285473,0.44951796531677246
2025-11-09 12:00:00,130.0,2.25929,0.4597824811935425
2025-11-09 13:00:00,250.01,0.720611,0.3615110218524933
2025-11-09 14:00:00,1327.4,0.608188,0.3720608055591583
2025-11-09 15:00:00,1957.64,0.09343000000000001,0.37848544120788574
2025-11-09 16:00:00,3389.33,0.0,0.4005674421787262
2025-11-09 17:00:00,3400.0,0.0,0.4754082262516022
2025-11-09 18:00:00,3400.0,0.0,0.4965813457965851
2025-11-09 19:00:00,3400.0,0.0,0.5290745496749878
2025-11-09 20:00:00,3400.0,0.0,0.4859519600868225
2025-11-09 21:00:00,3399.46,0.0,0.4433407187461853
2025-11-09 22:00:00,3120.01,0.0,0.4315629005432129
2025-11-09 23:00:00,3100.0,0.0,0.39556407928466797
2025-11-10 00:00:00,2994.01,0.0,0.25197142362594604
2025-11-10 01:00:00,2895.66,0.0,0.21474774181842804
2025-11-10 02:00:00,2617.33,0.0,0.2038734257221222
2025-11-10 03:00:00,2384.0,0.0,0.19996678829193115
2025-11-10 04:00:00,2546.33,0.0,0.20199765264987946
2025-11-10 05:00:00,2617.33,0.0,0.20593547821044922
2025-11-10 06:00:00,3094.01,0.0,0.22857891023159027
2025-11-10 07:00:00,3399.46,0.013491,0.3836110532283783
2025-11-10 08:00:00,3400.0,0.003362,0.45662400126457214
2025-11-10 09:00:00,3400.0,0.501869,0.41626468300819397
2025-11-10 10:00:00,3000.01,1.017631,0.449553906917572
2025-11-10 11:00:00,2950.0,0.9557640000000001,0.4692368805408478
2025-11-10 12:00:00,1399.99,1.428568,0.43063023686408997
2025-11-10 13:00:00,2645.99,2.305958,0.4295588433742523
2025-11-10 14:00:00,2970.31,1.8276210000000002,0.4112197458744049
2025-11-10 15:00:00,3130.0,0.312236,0.3410564363002777
2025-11-10 16:00:00,3400.0,0.078456,0.42186811566352844
2025-11-10 17:00:00,3400.0,0.0,0.45815032720565796
2025-11-10 18:00:00,3400.0,0.0,0.523892879486084
2025-11-10 19:00:00,3399.46,0.0,0.532249391078949
2025-11-10 20:00:00,3399.45,0.0,0.5317426323890686
2025-11-10 21:00:00,3283.33,0.0,0.5049595236778259
2025-11-10 22:00:00,2950.0,0.0,0.5028773546218872
2025-11-10 23:00:00,2994.0,0.0,0.4380020201206207
2025-11-11 00:00:00,3000.0,0.0,0.26898396015167236
2025-11-11 01:00:00,2573.28,0.0,0.21534687280654907
2025-11-11 02:00:00,2507.34,0.0,0.21379391849040985
2025-11-11 03:00:00,2274.99,0.0,0.20465649664402008
2025-11-11 04:00:00,1899.98,0.0,0.20425055921077728
2025-11-11 05:00:00,2275.0,0.0,0.21004146337509155
2025-11-11 06:00:00,2626.33,0.0,0.23445755243301392
2025-11-11 07:00:00,3275.0,0.347385,0.43851977586746216
2025-11-11 08:00:00,3400.0,1.270567,0.47530439496040344
2025-11-11 09:00:00,3399.45,0.881595,0.46466636657714844
2025-11-11 10:00:00,2600.0,2.430182,0.4668322801589966
2025-11-11 11:00:00,2413.64,2.648129,0.43675315380096436
2025-11-11 12:00:00,1719.99,2.6134090000000003,0.4225742220878601
2025-11-11 13:00:00,2933.33,2.341799,0.40564998984336853
2025-11-11 14:00:00,2880.01,1.836451,0.3984273076057434
2025-11-11 15:00:00,2946.0,1.09009,0.37230804562568665
2025-11-11 16:00:00,3400.0,0.075703,0.4352547824382782
2025-11-11 17:00:00,3400.0,0.0,0.5098194479942322
2025-11-11 18:00:00,3400.0,0.0,0.5327286124229431
2025-11-11 19:00:00,3399.46,0.0,0.5045793652534485
2025-11-11 20:00:00,3399.45,0.0,0.5285993218421936
2025-11-11 21:00:00,3300.0,0.0,0.49092501401901245
2025-11-11 22:00:00,3120.01,0.0,0.4755207896232605
2025-11-11 23:00:00,3130.0,0.0,0.4375992715358734
2025-11-12 00:00:00,3104.99,0.0,0.28789761662483215
2025-11-12 01:00:00,2744.34,0.0,0.2211482971906662
2025-11-12 02:00:00,2607.34,0.0,0.20719090104103088
2025-11-12 03:00:00,2607.33,0.0,0.21209537982940674
2025-11-12 04:00:00,2744.0,0.0,0.2062581330537796
2025-11-12 05:00:00,2875.99,0.0,0.2085028737783432
2025-11-12 06:00:00,3389.99,0.0,0.23414741456508636
2025-11-12 07:00:00,3400.0,0.302878,0.4042152762413025
2025-11-12 08:00:00,3400.0,1.2251079999999999,0.4724653661251068
2025-11-12 09:00:00,3400.0,0.856675,0.46995043754577637
2025-11-12 10:00:00,3299.99,1.069825,0.44747233390808105
2025-11-12 11:00:00,2744.33,2.6003060000000002,0.3987793028354645
2025-11-12 12:00:00,2250.0,2.567555,0.43380144238471985
2025-11-12 13:00:00,2687.34,2.2979439999999998,0.4306486248970032
2025-11-12 14:00:00,3130.0,1.794527,0.3828585743904114
2025-11-12 15:00:00,2775.92,1.058396,0.365852952003479
2025-11-12 16:00:00,3400.0,0.076614,0.42787912487983704
2025-11-12 17:00:00,3400.0,0.0,0.5035481452941895
2025-11-12 18:00:00,3400.0,0.0,0.5246390700340271
2025-11-12 19:00:00,3399.46,0.0,0.5287449955940247
2025-11-12 20:00:00,3399.45,0.0,0.5601099729537964
2025-11-12 21:00:00,3399.45,0.0,0.49061042070388794
2025-11-12 22:00:00,3130.0,0.0,0.48583635687828064
2025-11-12 23:00:00,3130.0,0.0,0.4646877348423004
2025-11-13 00:00:00,3200.0,0.0,0.3233714699745178
2025-11-13 01:00:00,2950.0,0.0,0.2219470739364624
2025-11-13 02:00:00,2736.0,0.0,0.20767591893672943
2025-11-13 03:00:00,2634.34,0.0,0.20831385254859924
2025-11-13 04:00:00,2634.33,0.0,0.20928141474723816
2025-11-13 05:00:00,2634.33,0.0,0.21512936055660248
2025-11-13 06:00:00,3193.63,0.0,0.23986577987670898
2025-11-13 07:00:00,3400.0,0.076012,0.40269044041633606
2025-11-13 08:00:00,3400.0,1.2309459999999999,0.4768279194831848
2025-11-13 09:00:00,3400.0,1.103559,0.482276976108551
2025-11-13 10:00:00,3399.45,1.73149,0.4584610164165497
2025-11-13 11:00:00,2842.99,1.5396020000000001,0.4317503273487091
2025-11-13 12:00:00,2600.0,2.375008,0.4098956882953644
2025-11-13 13:00:00,2917.78,2.1277579999999996,0.44226938486099243
2025-11-13 14:00:00,3170.01,1.676759,0.41760721802711487
2025-11-13 15:00:00,2950.0,0.997736,0.38245052099227905
2025-11-13 16:00:00,3400.0,0.12353499999999999,0.41222378611564636
2025-11-13 17:00:00,3400.0,0.0,0.47071555256843567
2025-11-13 18:00:00,3400.0,0.0,0.5106577277183533
2025-11-13 19:00:00,3400.0,0.0,0.5147078037261963
2025-11-13 20:00:00,3300.0,0.0,0.5588763356208801
2025-11-13 21:00:00,3266.63,0.0,0.47855299711227417
2025-11-13 22:00:00,2950.0,0.0,0.4688299596309662
2025-11-13 23:00:00,3120.01,0.0,0.41760510206222534
2025-11-14 00:00:00,3200.01,0.0,0.28805238008499146
2025-11-14 01:00:00,3200.0,0.0,0.22253291308879852
2025-11-14 02:00:00,2950.01,0.0,0.20791663229465485
2025-11-14 03:00:00,2629.25,0.0,0.20724274218082428
2025-11-14 04:00:00,2629.24,0.0,0.20562885701656342
2025-11-14 05:00:00,2301.0,0.0,0.21668247878551483
2025-11-14 06:00:00,2543.0,0.0,0.23746660351753235
2025-11-14 07:00:00,3349.99,0.052387,0.3812204897403717
2025-11-14 08:00:00,3400.0,0.313565,0.447581022977829
2025-11-14 09:00:00,3400.0,1.177143,0.42770659923553467
2025-11-14 10:00:00,3378.1,1.5615519999999998,0.4790603220462799
2025-11-14 11:00:00,2899.99,1.696382,0.41644302010536194
2025-11-14 12:00:00,2249.99,1.658984,0.42568856477737427
2025-11-14 13:00:00,2594.0,1.212153,0.4166909456253052
2025-11-14 14:00:00,3200.01,1.519949,0.4153825342655182
2025-11-14 15:00:00,3275.01,0.600842,0.32879820466041565
2025-11-14 16:00:00,3400.0,0.01632,0.3798695504665375
2025-11-14 17:00:00,3400.0,0.0,0.4357113540172577
2025-11-14 18:00:00,3400.0,0.0,0.49231138825416565
2025-11-14 19:00:00,3400.0,0.0,0.4847646653652191
2025-11-14 20:00:00,3400.0,0.0,0.5071137547492981
2025-11-14 21:00:00,3278.85,0.0,0.5001325607299805
2025-11-14 22:00:00,3041.16,0.0,0.4647517502307892
2025-11-14 23:00:00,2995.01,0.0,0.40848708152770996
2025-11-15 00:00:00,3193.64,0.0,0.29737749695777893
2025-11-15 01:00:00,2871.25,0.0,0.2316773533821106
2025-11-15 02:00:00,2401.0,0.0,0.21567264199256897
2025-11-15 03:00:00,2059.0,0.0,0.20551079511642456
2025-11-15 04:00:00,2600.0,0.0,0.2050059586763382
2025-11-15 05:00:00,2383.99,0.0,0.21040786802768707
2025-11-15 06:00:00,3099.99,0.0,0.22612938284873962
2025-11-15 07:00:00,2637.25,0.102036,0.2823091745376587
2025-11-15 08:00:00,3400.0,0.8450259999999999,0.42178258299827576
2025-11-15 09:00:00,3400.0,1.525995,0.4553951323032379
2025-11-15 10:00:00,3299.01,0.987602,0.44666787981987
2025-11-15 11:00:00,2900.0,1.553921,0.4018254280090332
2025-11-15 12:00:00,1719.99,1.368715,0.39837777614593506
2025-11-15 13:00:00,2224.56,1.9011790000000002,0.3703742027282715
2025-11-15 14:00:00,2398.0,1.4329459999999998,0.39793363213539124
2025-11-15 15:00:00,2876.0,0.7653920000000001,0.3775829076766968
2025-11-15 16:00:00,3400.0,0.033359,0.4162933826446533
2025-11-15 17:00:00,3400.0,0.0,0.491467148065567
2025-11-15 18:00:00,3400.0,0.0,0.5203880071640015
2025-11-15 19:00:00,3400.0,0.0,0.5267828702926636
2025-11-15 20:00:00,3400.0,0.0,0.505111038684845
2025-11-15 21:00:00,3400.0,0.0,0.44993388652801514
2025-11-15 22:00:00,2950.01,0.0,0.43476182222366333
2025-11-15 23:00:00,2947.25,0.0,0.428544819355011
2025-11-16 00:00:00,3079.0,0.0,0.3002273440361023
2025-11-16 01:00:00,2941.25,0.0,0.24587346613407135
2025-11-16 02:00:00,2699.99,0.0,0.21505938470363617
2025-11-16 03:00:00,2800.0,0.0,0.20447741448879242
2025-11-16 04:00:00,2838.01,0.0,0.20320925116539001
2025-11-16 05:00:00,2784.0,0.0,0.21156972646713257
2025-11-16 06:00:00,3400.0,0.0,0.22153212130069733
2025-11-16 07:00:00,2997.04,0.0,0.2766542434692383
2025-11-16 08:00:00,3299.0,0.00038700000000000003,0.413380891084671
2025-11-16 09:00:00,1899.99,0.16076,0.4363984763622284
2025-11-16 10:00:00,1719.98,0.365815,0.45945441722869873
2025-11-16 11:00:00,1000.0,0.965288,0.44951796531677246
2025-11-16 12:00:00,717.01,0.870054,0.4597824811935425
2025-11-16 13:00:00,1400.0,0.850705,0.3615110218524933
2025-11-16 14:00:00,1327.39,1.437427,0.3720608055591583
2025-11-16 15:00:00,1327.39,0.764688,0.37848544120788574
2025-11-16 16:00:00,3299.01,0.059359,0.4005674421787262
2025-11-16 17:00:00,3400.0,0.0,0.4754082262516022
2025-11-16 18:00:00,3400.0,0.0,0.4965813457965851
2025-11-16 19:00:00,3400.0,0.0,0.5290745496749878
2025-11-16 20:00:00,3400.0,0.0,0.4859519600868225
2025-11-16 21:00:00,3400.0,0.0,0.4433407187461853
2025-11-16 22:00:00,2346.7,0.0,0.4315629005432129
2025-11-16 23:00:00,2300.0,0.0,0.39556407928466797
2025-11-17 00:00:00,2855.23,0.0,0.25197142362594604
2025-11-17 01:00:00,2153.64,0.0,0.21474774181842804
2025-11-17 02:00:00,1394.67,0.0,0.2038734257221222
2025-11-17 03:00:00,1899.98,0.0,0.19996678829193115
2025-11-17 04:00:00,1719.99,0.0,0.20199765264987946
2025-11-17 05:00:00,1899.99,0.0,0.20593547821044922
2025-11-17 06:00:00,3379.01,0.0,0.22857891023159027
2025-11-17 07:00:00,3400.0,0.0,0.3836110532283783
2025-11-17 08:00:00,3400.0,0.000532,0.45662400126457214
2025-11-17 09:00:00,3349.86,0.093644,0.41626468300819397
2025-11-17 10:00:00,1500.01,0.289685,0.449553906917572
2025-11-17 11:00:00,1399.99,0.36519799999999997,0.4692368805408478
2025-11-17 12:00:00,780.0,0.5960599999999999,0.43063023686408997
2025-11-17 13:00:00,1621.65,0.236785,0.4295588433742523
2025-11-17 14:00:00,1500.0,0.11827299999999999,0.4112197458744049
2025-11-17 15:00:00,1399.99,0.056138,0.3410564363002777
2025-11-17 16:00:00,3400.0,0.0,0.42186811566352844
2025-11-17 17:00:00,3400.0,0.0,0.45815032720565796
2025-11-17 18:00:00,3400.0,0.0,0.523892879486084
2025-11-17 19:00:00,3400.0,0.0,0.532249391078949
2025-11-17 20:00:00,3400.0,0.0,0.5317426323890686
2025-11-17 21:00:00,2995.01,0.0,0.5049595236778259
2025-11-17 22:00:00,1719.99,0.0,0.5028773546218872
2025-11-17 23:00:00,1554.1,0.0,0.4380020201206207
2025-11-18 00:00:00,1719.99,0.0,0.26898396015167236
2025-11-18 01:00:00,1639.98,0.0,0.21534687280654907
2025-11-18 02:00:00,1449.99,0.0,0.21379391849040985
2025-11-18 03:00:00,1499.99,0.0,0.20465649664402008
2025-11-18 04:00:00,1639.98,0.0,0.20425055921077728
2025-11-18 05:00:00,1639.98,0.0,0.21004146337509155
2025-11-18 06:00:00,2950.0,0.0,0.23445755243301392
2025-11-18 07:00:00,3400.0,0.016153999999999998,0.43851977586746216
2025-11-18 08:00:00,3400.0,0.000505,0.47530439496040344
2025-11-18 09:00:00,3129.99,0.023830999999999998,0.46466636657714844
2025-11-18 10:00:00,1639.98,0.16972700000000002,0.4668322801589966
2025-11-18 11:00:00,1719.98,0.175084,0.43675315380096436
2025-11-18 12:00:00,779.99,0.279709,0.4225742220878601
2025-11-18 13:00:00,1639.98,0.252231,0.40564998984336853
2025-11-18 14:00:00,1899.99,0.050509,0.3984273076057434
2025-11-18 15:00:00,3353.42,0.000245,0.37230804562568665
2025-11-18 16:00:00,3400.0,0.0,0.4352547824382782
2025-11-18 17:00:00,3400.0,0.0,0.5098194479942322
2025-11-18 18:00:00,3400.0,0.0,0.5327286124229431
2025-11-18 19:00:00,3371.11,0.0,0.5045793652534485
2025-11-18 20:00:00,3033.32,0.0,0.5285993218421936
2025-11-18 21:00:00,2950.0,0.0,0.49092501401901245
2025-11-18 22:00:00,2451.0,0.0,0.4755207896232605
2025-11-18 23:00:00,2274.99,0.0,0.4375992715358734
2025-11-19 00:00:00,2850.01,0.0,0.28789761662483215
2025-11-19 01:00:00,2850.0,0.0,0.2211482971906662
2025-11-19 02:00:00,2500.99,0.0,0.20719090104103088
2025-11-19 03:00:00,1899.98,0.0,0.21209537982940674
2025-11-19 04:00:00,2113.0,0.0,0.2062581330537796
2025-11-19 05:00:00,2599.99,0.0,0.2085028737783432
2025-11-19 06:00:00,2999.99,0.0,0.23414741456508636
2025-11-19 07:00:00,3357.15,0.007917,0.4042152762413025
2025-11-19 08:00:00,3400.0,0.15731299999999998,0.4724653661251068
2025-11-19 09:00:00,3400.0,0.16450700000000001,0.46995043754577637
2025-11-19 10:00:00,2469.99,0.032595,0.44747233390808105
2025-11-19 11:00:00,2450.99,0.047334,0.3987793028354645
2025-11-19 12:00:00,1000.01,0.15755000000000002,0.43380144238471985
2025-11-19 13:00:00,2451.0,0.145809,0.4306486248970032
2025-11-19 14:00:00,3000.0,0.084563,0.3828585743904114
2025-11-19 15:00:00,2769.0,0.00034100000000000005,0.365852952003479
2025-11-19 16:00:00,3400.0,0.077997,0.42787912487983704
2025-11-19 17:00:00,3400.0,0.0,0.5035481452941895
2025-11-19 18:00:00,3400.0,0.0,0.5246390700340271
2025-11-19 19:00:00,3400.0,0.0,0.5287449955940247
2025-11-19 20:00:00,3300.0,0.0,0.5601099729537964
2025-11-19 21:00:00,3068.01,0.0,0.49061042070388794
2025-11-19 22:00:00,2757.18,0.0,0.48583635687828064
2025-11-19 23:00:00,2616.0,0.0,0.4646877348423004
2025-11-20 00:00:00,2517.01,0.0,0.3233714699745178
2025-11-20 01:00:00,1733.0,0.0,0.2219470739364624
2025-11-20 02:00:00,1719.98,0.0,0.20767591893672943
2025-11-20 03:00:00,2000.0,0.0,0.20831385254859924
2025-11-20 04:00:00,2000.01,0.0,0.20928141474723816
2025-11-20 05:00:00,1810.0,0.0,0.21512936055660248
2025-11-20 06:00:00,3245.99,0.0,0.23986577987670898
2025-11-20 07:00:00,3400.0,0.002509,0.40269044041633606
2025-11-20 08:00:00,3400.0,0.006495,0.4768279194831848
2025-11-20 09:00:00,3400.0,0.563723,0.482276976108551
2025-11-20 10:00:00,1719.99,2.091393,0.4584610164165497
2025-11-20 11:00:00,1899.98,2.291723,0.4317503273487091
2025-11-20 12:00:00,512.0,1.161991,0.4098956882953644
2025-11-20 13:00:00,1719.98,1.072137,0.44226938486099243
2025-11-20 14:00:00,2299.99,0.682207,0.41760721802711487
2025-11-20 15:00:00,2736.0,0.210332,0.38245052099227905
2025-11-20 16:00:00,3400.0,0.001735,0.41222378611564636
2025-11-20 17:00:00,3400.0,0.0,0.47071555256843567
2025-11-20 18:00:00,3400.0,0.0,0.5106577277183533
2025-11-20 19:00:00,3400.0,0.0,0.5147078037261963
2025-11-20 20:00:00,3128.68,0.0,0.5588763356208801
2025-11-20 21:00:00,3250.0,0.0,0.47855299711227417
2025-11-20 22:00:00,2787.18,0.0,0.4688299596309662
2025-11-20 23:00:00,2000.01,0.0,0.41760510206222534
2025-11-21 00:00:00,2616.0,0.0,0.28805238008499146
2025-11-21 01:00:00,2451.0,0.0,0.22253291308879852
2025-11-21 02:00:00,2000.0,0.0,0.20791663229465485
2025-11-21 03:00:00,1899.99,0.0,0.20724274218082428
2025-11-21 04:00:00,2450.99,0.0,0.20562885701656342
2025-11-21 05:00:00,2839.04,0.0,0.21668247878551483
2025-11-21 06:00:00,3380.0,0.0,0.23746660351753235
2025-11-21 07:00:00,3400.0,0.161778,0.3812204897403717
2025-11-21 08:00:00,3400.0,1.064586,0.447581022977829
2025-11-21 09:00:00,3350.0,0.6561269999999999,0.42770659923553467
2025-11-21 10:00:00,1382.66,2.217975,0.4790603220462799
2025-11-21 11:00:00,1134.13,2.42,0.41644302010536194
2025-11-21 12:00:00,251.01,2.396444,0.42568856477737427
2025-11-21 13:00:00,850.0,2.142396,0.4166909456253052
2025-11-21 14:00:00,2700.0,1.664757,0.4153825342655182
2025-11-21 15:00:00,2432.91,0.957743,0.32879820466041565
2025-11-21 16:00:00,3390.0,0.105042,0.3798695504665375
2025-11-21 17:00:00,3400.0,0.0,0.4357113540172577
2025-11-21 18:00:00,3400.0,0.0,0.49231138825416565
2025-11-21 19:00:00,3400.0,0.0,0.4847646653652191
2025-11-21 20:00:00,3300.01,0.0,0.5071137547492981
2025-11-21 21:00:00,3275.0,0.0,0.5001325607299805
2025-11-21 22:00:00,2710.11,0.0,0.4647517502307892
2025-11-21 23:00:00,1899.98,0.0,0.40848708152770996
2025-11-22 00:00:00,3194.99,0.0,0.29737749695777893
2025-11-22 01:00:00,2799.69,0.0,0.2316773533821106
2025-11-22 02:00:00,1810.0,0.0,0.21567264199256897
2025-11-22 03:00:00,1719.98,0.0,0.20551079511642456
2025-11-22 04:00:00,1719.98,0.0,0.2050059586763382
2025-11-22 05:00:00,1899.98,0.0,0.21040786802768707
2025-11-22 06:00:00,3068.01,0.0,0.22612938284873962
2025-11-22 07:00:00,3400.0,0.123563,0.2823091745376587
2025-11-22 08:00:00,3400.0,1.019737,0.42178258299827576
2025-11-22 09:00:00,1649.99,1.732,0.4553951323032379
2025-11-22 10:00:00,1001.01,2.196549,0.44666787981987
2025-11-22 11:00:00,537.0,2.397344,0.4018254280090332
2025-11-22 12:00:00,151.01,2.372429,0.39837777614593506
2025-11-22 13:00:00,553.06,2.098748,0.3703742027282715
2025-11-22 14:00:00,1500.01,1.624048,0.39793363213539124
2025-11-22 15:00:00,1399.99,0.895639,0.3775829076766968
2025-11-22 16:00:00,3068.01,0.081911,0.4162933826446533
2025-11-22 17:00:00,3400.0,0.0,0.491467148065567
2025-11-22 18:00:00,3400.0,0.0,0.5203880071640015
2025-11-22 19:00:00,3400.0,0.0,0.5267828702926636
2025-11-22 20:00:00,3299.99,0.0,0.505111038684845
2025-11-22 21:00:00,3380.0,0.0,0.44993388652801514
2025-11-22 22:00:00,2661.49,0.0,0.43476182222366333
2025-11-22 23:00:00,1719.99,0.0,0.428544819355011
2025-11-23 00:00:00,3048.99,0.0,0.3002273440361023
2025-11-23 01:00:00,1719.99,0.0,0.24587346613407135
2025-11-23 02:00:00,1719.98,0.0,0.21505938470363617
2025-11-23 03:00:00,1719.98,0.0,0.20447741448879242
2025-11-23 04:00:00,1599.99,0.0,0.20320925116539001
2025-11-23 05:00:00,1719.98,0.0,0.21156972646713257
2025-11-23 06:00:00,1899.98,0.0,0.22153212130069733
2025-11-23 07:00:00,1719.99,0.0,0.2766542434692383
2025-11-23 08:00:00,1001.01,0.0,0.413380891084671
2025-11-23 09:00:00,395.11,0.029411,0.4363984763622284
2025-11-23 10:00:00,129.0,0.076938,0.45945441722869873
2025-11-23 11:00:00,50.01,0.034819,0.44951796531677246
2025-11-23 12:00:00,35.0,0.14037200000000002,0.4597824811935425
2025-11-23 13:00:00,128.28,0.061799,0.3615110218524933
2025-11-23 14:00:00,501.01,0.020492999999999997,0.3720608055591583
2025-11-23 15:00:00,1719.99,8.400000000000001e-05,0.37848544120788574
2025-11-23 16:00:00,2299.98,0.0,0.4005674421787262
2025-11-23 17:00:00,3140.01,0.0,0.4754082262516022
2025-11-23 18:00:00,3400.0,0.0,0.4965813457965851
2025-11-23 19:00:00,3317.0,0.0,0.5290745496749878
2025-11-23 20:00:00,3078.0,0.0,0.4859519600868225
2025-11-23 21:00:00,3078.01,0.0,0.4433407187461853
2025-11-23 22:00:00,2874.75,0.0,0.4315629005432129
2025-11-23 23:00:00,1940.1,0.0,0.39556407928466797
2025-11-24 00:00:00,2500.99,0.0,0.25197142362594604
2025-11-24 01:00:00,2500.1,0.0,0.21474774181842804
2025-11-24 02:00:00,2112.99,0.0,0.2038734257221222
2025-11-24 03:00:00,1719.99,0.0,0.19996678829193115
2025-11-24 04:00:00,2605.0,0.0,0.20199765264987946
2025-11-24 05:00:00,2500.0,0.0,0.20593547821044922
2025-11-24 06:00:00,2616.0,0.0,0.22857891023159027
2025-11-24 07:00:00,3400.0,0.0,0.3836110532283783
2025-11-24 08:00:00,3400.0,0.0,0.45662400126457214
2025-11-24 09:00:00,3400.0,0.0,0.41626468300819397
2025-11-24 10:00:00,3330.0,0.127781,0.449553906917572
2025-11-24 11:00:00,2650.01,0.477142,0.4692368805408478
2025-11-24 12:00:00,1396.85,0.6239410000000001,0.43063023686408997
2025-11-24 13:00:00,2597.24,0.42971800000000004,0.4295588433742523
2025-11-24 14:00:00,3298.01,0.331464,0.4112197458744049
2025-11-24 15:00:00,3400.0,0.086427,0.3410564363002777
2025-11-24 16:00:00,3400.0,0.013042,0.42186811566352844
2025-11-24 17:00:00,3400.0,0.0,0.45815032720565796
2025-11-24 18:00:00,3400.0,0.0,0.523892879486084
2025-11-24 19:00:00,3400.0,0.0,0.532249391078949
2025-11-24 20:00:00,3400.0,0.0,0.5317426323890686
2025-11-24 21:00:00,3400.0,0.0,0.5049595236778259
2025-11-24 22:00:00,3150.0,0.0,0.5028773546218872
2025-11-24 23:00:00,3130.01,0.0,0.4380020201206207
2025-11-25 00:00:00,3145.01,0.0,0.26898396015167236
2025-11-25 01:00:00,3249.0,0.0,0.21534687280654907
2025-11-25 02:00:00,2999.99,0.0,0.21379391849040985
2025-11-25 03:00:00,2578.34,0.0,0.20465649664402008
2025-11-25 04:00:00,2250.0,0.0,0.20425055921077728
2025-11-25 05:00:00,2666.47,0.0,0.21004146337509155
2025-11-25 06:00:00,3400.0,0.0,0.23445755243301392
2025-11-25 07:00:00,3400.0,0.0,0.43851977586746216
2025-11-25 08:00:00,3400.0,0.0,0.47530439496040344
2025-11-25 09:00:00,3400.0,0.012115,0.46466636657714844
2025-11-25 10:00:00,3390.0,0.029561,0.4668322801589966
2025-11-25 11:00:00,2897.18,0.132545,0.43675315380096436
2025-11-25 12:00:00,2600.0,0.883838,0.4225742220878601
2025-11-25 13:00:00,2874.01,0.5915410000000001,0.40564998984336853
2025-11-25 14:00:00,2880.01,0.460687,0.3984273076057434
2025-11-25 15:00:00,3380.01,0.118395,0.37230804562568665
2025-11-25 16:00:00,3400.0,0.012990999999999999,0.4352547824382782
2025-11-25 17:00:00,3400.0,0.0,0.5098194479942322
2025-11-25 18:00:00,3400.0,0.0,0.5327286124229431
2025-11-25 19:00:00,3400.0,0.0,0.5045793652534485
2025-11-25 20:00:00,3400.0,0.0,0.5285993218421936
2025-11-25 21:00:00,2999.99,0.0,0.49092501401901245
2025-11-25 22:00:00,2944.01,0.0,0.4755207896232605
2025-11-25 23:00:00,2874.01,0.0,0.4375992715358734
2025-11-26 00:00:00,2899.99,0.0,0.28789761662483215
2025-11-26 01:00:00,2945.99,0.0,0.2211482971906662
2025-11-26 02:00:00,2155.99,0.0,0.20719090104103088
2025-11-26 03:00:00,2399.98,0.0,0.21209537982940674
2025-11-26 04:00:00,2210.1,0.0,0.2062581330537796
2025-11-26 05:00:00,2210.11,0.0,0.2085028737783432
2025-11-26 06:00:00,3099.01,0.0,0.23414741456508636
2025-11-26 07:00:00,3400.0,0.0,0.4042152762413025
2025-11-26 08:00:00,3400.0,0.0,0.4724653661251068
2025-11-26 09:00:00,3400.0,0.48268900000000003,0.46995043754577637
2025-11-26 10:00:00,2710.1,1.394751,0.44747233390808105
2025-11-26 11:00:00,2510.1,1.125194,0.3987793028354645
2025-11-26 12:00:00,912.01,1.551949,0.43380144238471985
2025-11-26 13:00:00,1719.99,0.7462759999999999,0.4306486248970032
2025-11-26 14:00:00,2400.0,0.122836,0.3828585743904114
2025-11-26 15:00:00,2700.01,0.016995999999999997,0.365852952003479
2025-11-26 16:00:00,3400.0,0.0,0.42787912487983704
2025-11-26 17:00:00,3400.0,0.0,0.5035481452941895
2025-11-26 18:00:00,3400.0,0.0,0.5246390700340271
2025-11-26 19:00:00,3400.0,0.0,0.5287449955940247
2025-11-26 20:00:00,3369.02,0.0,0.5601099729537964
2025-11-26 21:00:00,3400.0,0.0,0.49061042070388794
2025-11-26 22:00:00,2884.33,0.0,0.48583635687828064
2025-11-26 23:00:00,2410.11,0.0,0.4646877348423004
2025-11-27 00:00:00,3090.0,0.0,0.3233714699745178
2025-11-27 01:00:00,2842.99,0.0,0.2219470739364624
2025-11-27 02:00:00,2299.98,0.0,0.20767591893672943
2025-11-27 03:00:00,1899.99,0.0,0.20831385254859924
2025-11-27 04:00:00,1899.99,0.0,0.20928141474723816
2025-11-27 05:00:00,2450.99,0.0,0.21512936055660248
2025-11-27 06:00:00,3090.01,0.0,0.23986577987670898
2025-11-27 07:00:00,3400.0,0.0,0.40269044041633606
2025-11-27 08:00:00,3400.0,0.055534999999999994,0.4768279194831848
2025-11-27 09:00:00,3400.0,0.5878110000000001,0.482276976108551
2025-11-27 10:00:00,2880.0,0.47795800000000005,0.4584610164165497
2025-11-27 11:00:00,2400.0,0.952399,0.4317503273487091
2025-11-27 12:00:00,605.0,1.1590209999999999,0.4098956882953644
2025-11-27 13:00:00,1719.98,2.022615,0.44226938486099243
2025-11-27 14:00:00,2410.1,0.6026889999999999,0.41760721802711487
2025-11-27 15:00:00,3000.01,0.010895,0.38245052099227905
2025-11-27 16:00:00,3400.0,0.0,0.41222378611564636
2025-11-27 17:00:00,3400.0,0.0,0.47071555256843567
2025-11-27 18:00:00,3400.0,0.0,0.5106577277183533
2025-11-27 19:00:00,3400.0,0.0,0.5147078037261963
2025-11-27 20:00:00,3349.01,0.0,0.5588763356208801
2025-11-27 21:00:00,3186.45,0.0,0.47855299711227417
2025-11-27 22:00:00,2872.01,0.0,0.4688299596309662
2025-11-27 23:00:00,2887.78,0.0,0.41760510206222534
2025-11-28 00:00:00,2516.99,0.0,0.28805238008499146
2025-11-28 01:00:00,2600.61,0.0,0.22253291308879852
2025-11-28 02:00:00,2500.0,0.0,0.20791663229465485
2025-11-28 03:00:00,2769.25,0.0,0.20724274218082428
2025-11-28 04:00:00,2869.01,0.0,0.20562885701656342
2025-11-28 05:00:00,2695.01,0.0,0.21668247878551483
2025-11-28 06:00:00,3145.01,0.0,0.23746660351753235
2025-11-28 07:00:00,3400.0,0.0,0.3812204897403717
2025-11-28 08:00:00,3400.0,0.702253,0.447581022977829
2025-11-28 09:00:00,3400.0,0.42238600000000004,0.42770659923553467
2025-11-28 10:00:00,3089.01,0.521592,0.4790603220462799
2025-11-28 11:00:00,2913.63,1.256996,0.41644302010536194
2025-11-28 12:00:00,1719.98,0.9032749999999999,0.42568856477737427
2025-11-28 13:00:00,2153.63,1.1422860000000001,0.4166909456253052
2025-11-28 14:00:00,3089.01,0.646846,0.4153825342655182
2025-11-28 15:00:00,3308.17,0.866684,0.32879820466041565
2025-11-28 16:00:00,3400.0,0.019744,0.3798695504665375
2025-11-28 17:00:00,3400.0,0.0,0.4357113540172577
2025-11-28 18:00:00,3400.0,0.0,0.49231138825416565
2025-11-28 19:00:00,3400.0,0.0,0.4847646653652191
2025-11-28 20:00:00,3400.0,0.0,0.5071137547492981
2025-11-28 21:00:00,3380.48,0.0,0.5001325607299805
2025-11-28 22:00:00,2877.78,0.0,0.4647517502307892
2025-11-28 23:00:00,2879.24,0.0,0.40848708152770996
2025-11-29 00:00:00,3088.0,0.0,0.29737749695777893
2025-11-29 01:00:00,2384.0,0.0,0.2316773533821106
2025-11-29 02:00:00,2599.99,0.0,0.21567264199256897
2025-11-29 03:00:00,2700.0,0.0,0.20551079511642456
2025-11-29 04:00:00,2621.99,0.0,0.2050059586763382
2025-11-29 05:00:00,2650.01,0.0,0.21040786802768707
2025-11-29 06:00:00,2945.99,0.0,0.22612938284873962
2025-11-29 07:00:00,3198.11,0.0,0.2823091745376587
2025-11-29 08:00:00,3400.0,0.0,0.42178258299827576
2025-11-29 09:00:00,3145.01,0.0,0.4553951323032379
2025-11-29 10:00:00,2615.99,0.090129,0.44666787981987
2025-11-29 11:00:00,2874.0,0.039723999999999995,0.4018254280090332
2025-11-29 12:00:00,2500.03,0.04865,0.39837777614593506
2025-11-29 13:00:00,2769.25,0.005596,0.3703742027282715
2025-11-29 14:00:00,2599.99,0.011337999999999999,0.39793363213539124
2025-11-29 15:00:00,2874.0,0.0,0.3775829076766968
2025-11-29 16:00:00,3399.46,0.0,0.4162933826446533
2025-11-29 17:00:00,3400.0,0.0,0.491467148065567
2025-11-29 18:00:00,3400.0,0.0,0.5203880071640015
2025-11-29 19:00:00,3400.0,0.0,0.5267828702926636
2025-11-29 20:00:00,3400.0,0.0,0.505111038684845
2025-11-29 21:00:00,3250.0,0.0,0.44993388652801514
2025-11-29 22:00:00,2897.24,0.0,0.43476182222366333
2025-11-29 23:00:00,2621.99,0.0,0.428544819355011
2025-11-30 00:00:00,2880.0,0.0,0.3002273440361023
2025-11-30 01:00:00,2780.01,0.0,0.24587346613407135
2025-11-30 02:00:00,2876.0,0.0,0.21505938470363617
2025-11-30 03:00:00,3049.0,0.0,0.20447741448879242
2025-11-30 04:00:00,2842.99,0.0,0.20320925116539001
2025-11-30 05:00:00,2975.14,0.0,0.21156972646713257
2025-11-30 06:00:00,3389.99,0.0,0.22153212130069733
2025-11-30 07:00:00,3275.01,0.0,0.2766542434692383
2025-11-30 08:00:00,2946.0,0.0,0.413380891084671
2025-11-30 09:00:00,2900.01,0.0,0.4363984763622284
2025-11-30 10:00:00,3049.0,0.201792,0.45945441722869873
2025-11-30 11:00:00,2500.01,0.856292,0.44951796531677246
2025-11-30 12:00:00,2274.99,2.196161,0.4597824811935425
2025-11-30 13:00:00,3049.0,0.46522,0.3615110218524933
2025-11-30 14:00:00,2500.99,0.13394999999999999,0.3720608055591583
2025-11-30 15:00:00,2710.98,0.029071000000000003,0.37848544120788574
2025-11-30 16:00:00,3294.0,0.0,0.4005674421787262
2025-11-30 17:00:00,3400.0,0.0,0.4754082262516022
2025-11-30 18:00:00,3400.0,0.0,0.4965813457965851
2025-11-30 19:00:00,3400.0,0.0,0.5290745496749878
2025-11-30 20:00:00,3400.0,0.0,0.4859519600868225
2025-11-30 21:00:00,3400.0,0.0,0.4433407187461853
2025-11-30 22:00:00,2992.0,0.0,0.4315629005432129
2025-11-30 23:00:00,2896.0,0.0,0.39556407928466797
2025-12-01 00:00:00,2934.24,0.0,0.25197142362594604
2025-12-01 01:00:00,2597.25,0.0,0.21474774181842804
2025-12-01 02:00:00,2250.01,0.0,0.2038734257221222
2025-12-01 03:00:00,2155.24,0.0,0.19996678829193115
2025-12-01 04:00:00,2155.25,0.0,0.20199765264987946
2025-12-01 05:00:00,2470.32,0.0,0.20593547821044922
2025-12-01 06:00:00,3145.01,0.0,0.22857891023159027
2025-12-01 07:00:00,3374.99,0.0,0.3836110532283783
2025-12-01 08:00:00,3400.0,0.739468,0.45662400126457214
2025-12-01 09:00:00,3400.0,0.509541,0.41626468300819397
2025-12-01 10:00:00,3312.4,0.913716,0.449553906917572
2025-12-01 11:00:00,3072.01,1.4088219999999998,0.4692368805408478
2025-12-01 12:00:00,2875.0,1.538762,0.43063023686408997
2025-12-01 13:00:00,2900.01,1.2522550000000001,0.4295588433742523
2025-12-01 14:00:00,3130.0,0.992259,0.4112197458744049
2025-12-01 15:00:00,3299.01,0.472136,0.3410564363002777
2025-12-01 16:00:00,3400.0,0.016252,0.42186811566352844
2025-12-01 17:00:00,3400.0,0.0,0.45815032720565796
2025-12-01 18:00:00,3400.0,0.0,0.523892879486084
2025-12-01 19:00:00,3400.0,0.0,0.532249391078949
2025-12-01 20:00:00,3400.0,0.0,0.5317426323890686
2025-12-01 21:00:00,3400.0,0.0,0.5049595236778259
2025-12-01 22:00:00,3332.74,0.0,0.5028773546218872
2025-12-01 23:00:00,3200.0,0.0,0.4380020201206207
2025-12-02 00:00:00,3350.01,0.0,0.26898396015167236
2025-12-02 01:00:00,3145.0,0.0,0.21534687280654907
2025-12-02 02:00:00,2695.0,0.0,0.21379391849040985
2025-12-02 03:00:00,2849.01,0.0,0.20465649664402008
2025-12-02 04:00:00,2599.0,0.0,0.20425055921077728
2025-12-02 05:00:00,2816.78,0.0,0.21004146337509155
2025-12-02 06:00:00,3399.45,0.0,0.23445755243301392
2025-12-02 07:00:00,3400.0,0.0,0.43851977586746216
2025-12-02 08:00:00,3400.0,0.5612910000000001,0.47530439496040344
2025-12-02 09:00:00,3400.0,1.276279,0.46466636657714844
2025-12-02 10:00:00,3400.0,1.738191,0.4668322801589966
2025-12-02 11:00:00,2993.0,2.020376,0.43675315380096436
2025-12-02 12:00:00,2500.01,2.026236,0.4225742220878601
2025-12-02 13:00:00,2900.01,1.374413,0.40564998984336853
2025-12-02 14:00:00,2993.0,0.344935,0.3984273076057434
2025-12-02 15:00:00,3062.0,0.065714,0.37230804562568665
2025-12-02 16:00:00,3400.0,0.0,0.4352547824382782
2025-12-02 17:00:00,3400.0,0.0,0.5098194479942322
2025-12-02 18:00:00,3400.0,0.0,0.5327286124229431
2025-12-02 19:00:00,3400.0,0.0,0.5045793652534485
2025-12-02 20:00:00,3400.0,0.0,0.5285993218421936
2025-12-02 21:00:00,3400.0,0.0,0.49092501401901245
2025-12-02 22:00:00,3390.0,0.0,0.4755207896232605
2025-12-02 23:00:00,3350.0,0.0,0.4375992715358734
2025-12-03 00:00:00,3300.0,0.0,0.28789761662483215
2025-12-03 01:00:00,3200.0,0.0,0.2211482971906662
2025-12-03 02:00:00,2945.99,0.0,0.20719090104103088
2025-12-03 03:00:00,2889.01,0.0,0.21209537982940674
2025-12-03 04:00:00,2877.33,0.0,0.2062581330537796
2025-12-03 05:00:00,2889.0,0.0,0.2085028737783432
2025-12-03 06:00:00,3399.46,0.0,0.23414741456508636
2025-12-03 07:00:00,3400.0,0.0,0.4042152762413025
2025-12-03 08:00:00,3400.0,0.451656,0.4724653661251068
2025-12-03 09:00:00,3400.0,0.721386,0.46995043754577637
2025-12-03 10:00:00,3298.0,1.061709,0.44747233390808105
2025-12-03 11:00:00,2945.99,1.357086,0.3987793028354645
2025-12-03 12:00:00,2400.0,2.050254,0.43380144238471985
2025-12-03 13:00:00,2842.99,1.542204,0.4306486248970032
2025-12-03 14:00:00,3018.0,0.866796,0.3828585743904114
2025-12-03 15:00:00,3193.48,0.340884,0.365852952003479
2025-12-03 16:00:00,3400.0,0.010369,0.42787912487983704
2025-12-03 17:00:00,3400.0,0.0,0.5035481452941895
2025-12-03 18:00:00,3400.0,0.0,0.5246390700340271
2025-12-03 19:00:00,3400.0,0.0,0.5287449955940247
2025-12-03 20:00:00,3400.0,0.0,0.5601099729537964
2025-12-03 21:00:00,3400.0,0.0,0.49061042070388794
2025-12-03 22:00:00,3018.01,0.0,0.48583635687828064
2025-12-03 23:00:00,3200.0,0.0,0.4646877348423004
2025-12-04 00:00:00,3150.01,0.0,0.3233714699745178
2025-12-04 01:00:00,3200.0,0.0,0.2219470739364624
2025-12-04 02:00:00,2874.33,0.0,0.20767591893672943
2025-12-04 03:00:00,2687.33,0.0,0.20831385254859924
2025-12-04 04:00:00,2687.33,0.0,0.20928141474723816
2025-12-04 05:00:00,2699.99,0.0,0.21512936055660248
2025-12-04 06:00:00,3245.99,0.0,0.23986577987670898
2025-12-04 07:00:00,3400.0,0.0,0.40269044041633606
2025-12-04 08:00:00,3400.0,0.13064699999999999,0.4768279194831848
2025-12-04 09:00:00,3400.0,0.297423,0.482276976108551
2025-12-04 10:00:00,3378.1,0.38679399999999997,0.4584610164165497
2025-12-04 11:00:00,3150.0,0.48906299999999997,0.4317503273487091
2025-12-04 12:00:00,2769.0,0.82739,0.4098956882953644
2025-12-04 13:00:00,2937.18,1.208941,0.44226938486099243
2025-12-04 14:00:00,3304.73,1.1023859999999999,0.41760721802711487
2025-12-04 15:00:00,3400.0,0.531606,0.38245052099227905
2025-12-04 16:00:00,3400.0,0.018388,0.41222378611564636
2025-12-04 17:00:00,3400.0,0.0,0.47071555256843567
2025-12-04 18:00:00,3400.0,0.0,0.5106577277183533
2025-12-04 19:00:00,3399.45,0.0,0.5147078037261963
2025-12-04 20:00:00,3098.01,0.0,0.5588763356208801
2025-12-04 21:00:00,3349.99,0.0,0.47855299711227417
2025-12-04 22:00:00,3098.01,0.0,0.4688299596309662
2025-12-04 23:00:00,3050.01,0.0,0.41760510206222534
2025-12-05 00:00:00,3192.01,0.0,0.28805238008499146
2025-12-05 01:00:00,3044.23,0.0,0.22253291308879852
2025-12-05 02:00:00,2874.24,0.0,0.20791663229465485
2025-12-05 03:00:00,2500.99,0.0,0.20724274218082428
2025-12-05 04:00:00,2451.0,0.0,0.20562885701656342
2025-12-05 05:00:00,2501.0,0.0,0.21668247878551483
2025-12-05 06:00:00,2874.24,0.0,0.23746660351753235
2025-12-05 07:00:00,3385.0,0.0,0.3812204897403717
2025-12-05 08:00:00,3400.0,0.083485,0.447581022977829
2025-12-05 09:00:00,3400.0,0.411763,0.42770659923553467
2025-12-05 10:00:00,3184.06,0.594817,0.4790603220462799
2025-12-05 11:00:00,3192.0,0.41724700000000003,0.41644302010536194
2025-12-05 12:00:00,2250.0,0.215879,0.42568856477737427
2025-12-05 13:00:00,2386.24,0.13078399999999998,0.4166909456253052
2025-12-05 14:00:00,2948.74,0.235595,0.4153825342655182
2025-12-05 15:00:00,3316.99,0.224669,0.32879820466041565
2025-12-05 16:00:00,3400.0,0.021979,0.3798695504665375
2025-12-05 17:00:00,3400.0,0.0,0.4357113540172577
2025-12-05 18:00:00,3399.46,0.0,0.49231138825416565
2025-12-05 19:00:00,3399.45,0.0,0.4847646653652191
2025-12-05 20:00:00,3192.01,0.0,0.5071137547492981
2025-12-05 21:00:00,2874.25,0.0,0.5001325607299805
2025-12-05 22:00:00,2210.1,0.0,0.4647517502307892
2025-12-05 23:00:00,1719.98,0.0,0.40848708152770996
2025-12-06 00:00:00,1719.99,0.0,0.29737749695777893
2025-12-06 01:00:00,1719.99,0.0,0.2316773533821106
2025-12-06 02:00:00,1719.99,0.0,0.21567264199256897
2025-12-06 03:00:00,1719.99,0.0,0.20551079511642456
2025-12-06 04:00:00,1719.99,0.0,0.2050059586763382
2025-12-06 05:00:00,2393.24,0.0,0.21040786802768707
2025-12-06 06:00:00,2393.24,0.0,0.22612938284873962
2025-12-06 07:00:00,2269.99,0.0,0.2823091745376587
2025-12-06 08:00:00,3399.45,0.205579,0.42178258299827576
2025-12-06 09:00:00,3399.45,0.605701,0.4553951323032379
2025-12-06 10:00:00,3385.0,0.619918,0.44666787981987
2025-12-06 11:00:00,3092.0,0.460111,0.4018254280090332
2025-12-06 12:00:00,2927.77,0.5203490000000001,0.39837777614593506
2025-12-06 13:00:00,3309.24,0.82211,0.3703742027282715
2025-12-06 14:00:00,3390.0,0.460426,0.39793363213539124
2025-12-06 15:00:00,3300.0,0.109923,0.3775829076766968
2025-12-06 16:00:00,3399.45,0.0,0.4162933826446533
2025-12-06 17:00:00,3400.0,0.0,0.491467148065567
2025-12-06 18:00:00,3399.46,0.0,0.5203880071640015
2025-12-06 19:00:00,3399.45,0.0,0.5267828702926636
2025-12-06 20:00:00,3150.0,0.0,0.505111038684845
2025-12-06 21:00:00,3221.7,0.0,0.44993388652801514
2025-12-06 22:00:00,2998.0,0.0,0.43476182222366333
2025-12-06 23:00:00,2393.25,0.0,0.428544819355011
2025-12-07 00:00:00,2998.0,0.0,0.3002273440361023
2025-12-07 01:00:00,2995.01,0.0,0.24587346613407135
2025-12-07 02:00:00,2377.0,0.0,0.21505938470363617
2025-12-07 03:00:00,1999.99,0.0,0.20447741448879242
2025-12-07 04:00:00,1899.99,0.0,0.20320925116539001
2025-12-07 05:00:00,1899.99,0.0,0.21156972646713257
2025-12-07 06:00:00,3080.0,0.0,0.22153212130069733
2025-12-07 07:00:00,2998.0,0.0,0.2766542434692383
2025-12-07 08:00:00,2998.01,0.037615,0.413380891084671
2025-12-07 09:00:00,2780.0,0.104762,0.4363984763622284
2025-12-07 10:00:00,2998.01,0.153292,0.45945441722869873
2025-12-07 11:00:00,2903.73,0.152668,0.44951796531677246
2025-12-07 12:00:00,2780.0,0.17741300000000002,0.4597824811935425
2025-12-07 13:00:00,3250.01,0.134752,0.3615110218524933
2025-12-07 14:00:00,2998.01,0.047012,0.3720608055591583
2025-12-07 15:00:00,2300.0,0.014002,0.37848544120788574
2025-12-07 16:00:00,3380.47,0.0,0.4005674421787262
2025-12-07 17:00:00,3399.45,0.0,0.4754082262516022
2025-12-07 18:00:00,3395.0,0.0,0.4965813457965851
2025-12-07 19:00:00,3325.02,0.0,0.5290745496749878
2025-12-07 20:00:00,2996.24,0.0,0.4859519600868225
2025-12-07 21:00:00,3182.0,0.0,0.4433407187461853
2025-12-07 22:00:00,2299.99,0.0,0.4315629005432129
2025-12-07 23:00:00,2323.0,0.0,0.39556407928466797
2025-12-08 00:00:00,3298.0,0.0,0.25197142362594604
2025-12-08 01:00:00,2999.99,0.0,0.21474774181842804
2025-12-08 02:00:00,2289.24,0.0,0.2038734257221222
2025-12-08 03:00:00,2289.24,0.0,0.19996678829193115
2025-12-08 04:00:00,2289.25,0.0,0.20199765264987946
2025-12-08 05:00:00,2600.0,0.0,0.20593547821044922
2025-12-08 06:00:00,3050.0,0.0,0.22857891023159027
2025-12-08 07:00:00,3100.01,0.0,0.3836110532283783
2025-12-08 08:00:00,3400.0,0.165958,0.45662400126457214
2025-12-08 09:00:00,3400.0,0.7373930000000001,0.41626468300819397
2025-12-08 10:00:00,3400.0,1.0699349999999999,0.449553906917572
2025-12-08 11:00:00,3400.0,0.767221,0.4692368805408478
2025-12-08 12:00:00,2872.24,0.331013,0.43063023686408997
2025-12-08 13:00:00,3298.01,0.168873,0.4295588433742523
2025-12-08 14:00:00,3400.0,0.097388,0.4112197458744049
2025-12-08 15:00:00,3400.0,0.035085,0.3410564363002777
2025-12-08 16:00:00,3400.0,0.0,0.42186811566352844
2025-12-08 17:00:00,3400.0,0.0,0.45815032720565796
2025-12-08 18:00:00,3399.45,0.0,0.523892879486084
2025-12-08 19:00:00,3299.28,0.0,0.532249391078949
2025-12-08 20:00:00,2800.0,0.0,0.5317426323890686
2025-12-08 21:00:00,3150.0,0.0,0.5049595236778259
2025-12-08 22:00:00,2900.01,0.0,0.5028773546218872
2025-12-08 23:00:00,2596.25,0.0,0.4380020201206207
2025-12-09 00:00:00,2444.34,0.0,0.26898396015167236
2025-12-09 01:00:00,2278.34,0.0,0.21534687280654907
2025-12-09 02:00:00,1999.99,0.0,0.21379391849040985
2025-12-09 03:00:00,1733.0,0.0,0.20465649664402008
2025-12-09 04:00:00,1899.98,0.0,0.20425055921077728
2025-12-09 05:00:00,2199.99,0.0,0.21004146337509155
2025-12-09 06:00:00,2299.99,0.0,0.23445755243301392
2025-12-09 07:00:00,2647.34,0.0,0.43851977586746216
2025-12-09 08:00:00,3399.45,0.045348999999999993,0.47530439496040344
2025-12-09 09:00:00,3399.46,0.139316,0.46466636657714844
2025-12-09 10:00:00,3399.45,0.27242500000000003,0.4668322801589966
2025-12-09 11:00:00,3135.74,0.386295,0.43675315380096436
2025-12-09 12:00:00,2594.01,0.42359399999999997,0.4225742220878601
2025-12-09 13:00:00,2777.33,0.346992,0.40564998984336853
2025-12-09 14:00:00,3090.01,0.340371,0.3984273076057434
2025-12-09 15:00:00,2950.0,0.006315,0.37230804562568665
2025-12-09 16:00:00,3399.46,0.0,0.4352547824382782
2025-12-09 17:00:00,3400.0,0.0,0.5098194479942322
2025-12-09 18:00:00,3390.0,0.0,0.5327286124229431
2025-12-09 19:00:00,3299.0,0.0,0.5045793652534485
2025-12-09 20:00:00,2875.99,0.0,0.5285993218421936
2025-12-09 21:00:00,3150.01,0.0,0.49092501401901245
2025-12-09 22:00:00,3090.0,0.0,0.4755207896232605
2025-12-09 23:00:00,2950.0,0.0,0.4375992715358734
2025-12-10 00:00:00,2800.01,0.0,0.28789761662483215
2025-12-10 01:00:00,2449.01,0.0,0.2211482971906662
2025-12-10 02:00:00,2272.34,0.0,0.20719090104103088
2025-12-10 03:00:00,2449.0,0.0,0.21209537982940674
2025-12-10 04:00:00,2449.0,0.0,0.2062581330537796
2025-12-10 05:00:00,2577.34,0.0,0.2085028737783432
2025-12-10 06:00:00,3050.0,0.0,0.23414741456508636
2025-12-10 07:00:00,3150.01,0.0,0.4042152762413025
2025-12-10 08:00:00,3400.0,0.0,0.4724653661251068
2025-12-10 09:00:00,3400.0,0.00666,0.46995043754577637
2025-12-10 10:00:00,3399.46,0.021357,0.44747233390808105
2025-12-10 11:00:00,3090.01,2.31243,0.3987793028354645
2025-12-10 12:00:00,2577.33,2.31698,0.43380144238471985
2025-12-10 13:00:00,2644.01,2.100357,0.4306486248970032
2025-12-10 14:00:00,3397.01,1.6412470000000001,0.3828585743904114
2025-12-10 15:00:00,3400.0,0.914939,0.365852952003479
2025-12-10 16:00:00,3400.0,0.084566,0.42787912487983704
2025-12-10 17:00:00,3400.0,0.0,0.5035481452941895
2025-12-10 18:00:00,3400.0,0.0,0.5246390700340271
2025-12-10 19:00:00,3400.0,0.0,0.5287449955940247
2025-12-10 20:00:00,3400.0,0.0,0.5601099729537964
2025-12-10 21:00:00,3400.0,0.0,0.49061042070388794
2025-12-10 22:00:00,3250.0,0.0,0.48583635687828064
2025-12-10 23:00:00,3100.0,0.0,0.4646877348423004
2025-12-11 00:00:00,3198.1,0.0,0.3233714699745178
2025-12-11 01:00:00,3249.0,0.0,0.2219470739364624
2025-12-11 02:00:00,2695.0,0.0,0.20767591893672943
2025-12-11 03:00:00,2563.34,0.0,0.20831385254859924
2025-12-11 04:00:00,2500.0,0.0,0.20928141474723816
2025-12-11 05:00:00,1721.01,0.0,0.21512936055660248
2025-12-11 06:00:00,1899.98,0.0,0.23986577987670898
2025-12-11 07:00:00,2873.33,0.0,0.40269044041633606
2025-12-11 08:00:00,3400.0,0.247952,0.4768279194831848
2025-12-11 09:00:00,3400.0,0.517159,0.482276976108551
2025-12-11 10:00:00,3350.0,1.037029,0.4584610164165497
2025-12-11 11:00:00,3089.0,2.36271,0.4317503273487091
2025-12-11 12:00:00,2649.0,2.3714609999999996,0.4098956882953644
2025-12-11 13:00:00,2857.18,1.248391,0.44226938486099243
2025-12-11 14:00:00,3100.0,1.680506,0.41760721802711487
2025-12-11 15:00:00,3248.99,0.19927099999999998,0.38245052099227905
2025-12-11 16:00:00,3400.0,0.098148,0.41222378611564636
2025-12-11 17:00:00,3400.0,0.0,0.47071555256843567
2025-12-11 18:00:00,3400.0,0.0,0.5106577277183533
2025-12-11 19:00:00,3390.47,0.0,0.5147078037261963
2025-12-11 20:00:00,3299.99,0.0,0.5588763356208801
2025-12-11 21:00:00,3400.0,0.0,0.47855299711227417
2025-12-11 22:00:00,3143.72,0.0,0.4688299596309662
2025-12-11 23:00:00,3140.01,0.0,0.41760510206222534
2025-12-12 00:00:00,2999.99,0.0,0.28805238008499146
2025-12-12 01:00:00,2875.0,0.0,0.22253291308879852
2025-12-12 02:00:00,2641.0,0.0,0.20791663229465485
2025-12-12 03:00:00,2487.0,0.0,0.20724274218082428
2025-12-12 04:00:00,2250.0,0.0,0.20562885701656342
2025-12-12 05:00:00,2777.77,0.0,0.21668247878551483
2025-12-12 06:00:00,3100.01,0.0,0.23746660351753235
2025-12-12 07:00:00,3150.01,0.0,0.3812204897403717
2025-12-12 08:00:00,3400.0,0.088328,0.447581022977829
2025-12-12 09:00:00,3400.0,0.31044499999999997,0.42770659923553467
2025-12-12 10:00:00,3378.1,1.148929,0.4790603220462799
2025-12-12 11:00:00,2450.99,0.7362519999999999,0.41644302010536194
2025-12-12 12:00:00,2541.77,0.03875,0.42568856477737427
2025-12-12 13:00:00,2450.99,0.118214,0.4166909456253052
2025-12-12 14:00:00,2777.78,0.179292,0.4153825342655182
2025-12-12 15:00:00,3334.68,0.233279,0.32879820466041565
2025-12-12 16:00:00,3400.0,0.013026,0.3798695504665375
2025-12-12 17:00:00,3400.0,0.0,0.4357113540172577
2025-12-12 18:00:00,3400.0,0.0,0.49231138825416565
2025-12-12 19:00:00,3400.0,0.0,0.4847646653652191
2025-12-12 20:00:00,3400.0,0.0,0.5071137547492981
2025-12-12 21:00:00,3390.0,0.0,0.5001325607299805
2025-12-12 22:00:00,3140.01,0.0,0.4647517502307892
2025-12-12 23:00:00,3100.0,0.0,0.40848708152770996
2025-12-13 00:00:00,2989.01,0.0,0.29737749695777893
2025-12-13 01:00:00,2639.77,0.0,0.2316773533821106
2025-12-13 02:00:00,2641.0,0.0,0.21567264199256897
2025-12-13 03:00:00,2777.0,0.0,0.20551079511642456
2025-12-13 04:00:00,2599.99,0.0,0.2050059586763382
2025-12-13 05:00:00,2441.78,0.0,0.21040786802768707
2025-12-13 06:00:00,2755.39,0.0,0.22612938284873962
2025-12-13 07:00:00,3117.06,0.0,0.2823091745376587
2025-12-13 08:00:00,3400.0,0.014763,0.42178258299827576
2025-12-13 09:00:00,3368.47,0.012301,0.4553951323032379
2025-12-13 10:00:00,3077.0,0.018078,0.44666787981987
2025-12-13 11:00:00,3277.99,0.026777000000000002,0.4018254280090332
2025-12-13 12:00:00,1621.2,0.507051,0.39837777614593506
2025-12-13 13:00:00,1719.99,0.792347,0.3703742027282715
2025-12-13 14:00:00,2125.0,0.31308400000000003,0.39793363213539124
2025-12-13 15:00:00,1719.98,0.0,0.3775829076766968
2025-12-13 16:00:00,2622.0,0.028449000000000002,0.4162933826446533
2025-12-13 17:00:00,3400.0,0.0,0.491467148065567
2025-12-13 18:00:00,3349.0,0.0,0.5203880071640015
2025-12-13 19:00:00,3199.99,0.0,0.5267828702926636
2025-12-13 20:00:00,2699.99,0.0,0.505111038684845
2025-12-13 21:00:00,3350.01,0.0,0.44993388652801514
2025-12-13 22:00:00,2881.17,0.0,0.43476182222366333
2025-12-13 23:00:00,2639.77,0.0,0.428544819355011
2025-12-14 00:00:00,2210.11,0.0,0.3002273440361023
2025-12-14 01:00:00,2125.0,0.0,0.24587346613407135
2025-12-14 02:00:00,1999.99,0.0,0.21505938470363617
2025-12-14 03:00:00,2257.0,0.0,0.20447741448879242
2025-12-14 04:00:00,2156.0,0.0,0.20320925116539001
2025-12-14 05:00:00,2884.42,0.0,0.21156972646713257
2025-12-14 06:00:00,3299.0,0.0,0.22153212130069733
2025-12-14 07:00:00,3299.0,0.0,0.2766542434692383
2025-12-14 08:00:00,3300.07,0.525087,0.413380891084671
2025-12-14 09:00:00,2699.99,1.260268,0.4363984763622284
2025-12-14 10:00:00,1599.98,1.760979,0.45945441722869873
2025-12-14 11:00:00,1599.98,2.081452,0.44951796531677246
2025-12-14 12:00:00,1327.4,1.3428989999999998,0.4597824811935425
2025-12-14 13:00:00,1740.11,1.159141,0.3615110218524933
2025-12-14 14:00:00,1719.99,0.82478,0.3720608055591583
2025-12-14 15:00:00,2605.0,0.209394,0.37848544120788574
2025-12-14 16:00:00,3389.99,0.0,0.4005674421787262
2025-12-14 17:00:00,3400.0,0.0,0.4754082262516022
2025-12-14 18:00:00,3400.0,0.0,0.4965813457965851
2025-12-14 19:00:00,3390.0,0.0,0.5290745496749878
2025-12-14 20:00:00,3099.97,0.0,0.4859519600868225
2025-12-14 21:00:00,3246.0,0.0,0.4433407187461853
2025-12-14 22:00:00,2499.01,0.0,0.4315629005432129
2025-12-14 23:00:00,2542.04,0.0,0.39556407928466797
2025-12-15 00:00:00,3280.0,0.0,0.25197142362594604
2025-12-15 01:00:00,3118.0,0.0,0.21474774181842804
2025-12-15 02:00:00,2699.01,0.0,0.2038734257221222
2025-12-15 03:00:00,2274.78,0.0,0.19996678829193115
2025-12-15 04:00:00,1719.99,0.0,0.20199765264987946
2025-12-15 05:00:00,1732.99,0.0,0.20593547821044922
2025-12-15 06:00:00,2516.99,0.0,0.22857891023159027
2025-12-15 07:00:00,2510.11,0.0,0.3836110532283783
2025-12-15 08:00:00,3400.0,0.020517,0.45662400126457214
2025-12-15 09:00:00,3400.0,1.225592,0.41626468300819397
2025-12-15 10:00:00,3390.0,1.747424,0.449553906917572
2025-12-15 11:00:00,3199.0,0.658691,0.4692368805408478
2025-12-15 12:00:00,2577.77,0.496338,0.43063023686408997
2025-12-15 13:00:00,2636.01,0.158589,0.4295588433742523
2025-12-15 14:00:00,2736.01,0.115479,0.4112197458744049
2025-12-15 15:00:00,3041.02,0.000217,0.3410564363002777
2025-12-15 16:00:00,3400.0,0.003705,0.42186811566352844
2025-12-15 17:00:00,3400.0,0.0,0.45815032720565796
2025-12-15 18:00:00,3400.0,0.0,0.523892879486084
2025-12-15 19:00:00,3299.99,0.0,0.532249391078949
2025-12-15 20:00:00,2945.99,0.0,0.5317426323890686
2025-12-15 21:00:00,3090.0,0.0,0.5049595236778259
2025-12-15 22:00:00,2699.01,0.0,0.5028773546218872
2025-12-15 23:00:00,2599.98,0.0,0.4380020201206207
2025-12-16 00:00:00,3299.98,0.0,0.26898396015167236
2025-12-16 01:00:00,3118.4,0.0,0.21534687280654907
2025-12-16 02:00:00,2818.33,0.0,0.21379391849040985
2025-12-16 03:00:00,2451.0,0.0,0.20465649664402008
2025-12-16 04:00:00,2336.33,0.0,0.20425055921077728
2025-12-16 05:00:00,2275.0,0.0,0.21004146337509155
2025-12-16 06:00:00,3250.0,0.0,0.23445755243301392
2025-12-16 07:00:00,3140.0,0.0,0.43851977586746216
2025-12-16 08:00:00,3400.0,0.014735,0.47530439496040344
2025-12-16 09:00:00,3400.0,0.05149,0.46466636657714844
2025-12-16 10:00:00,3400.0,1.892451,0.4668322801589966
2025-12-16 11:00:00,3300.0,0.782972,0.43675315380096436
2025-12-16 12:00:00,2821.46,0.45182799999999995,0.4225742220878601
2025-12-16 13:00:00,2917.77,0.817924,0.40564998984336853
2025-12-16 14:00:00,2599.99,0.640692,0.3984273076057434
2025-12-16 15:00:00,3199.0,0.134799,0.37230804562568665
2025-12-16 16:00:00,3400.0,0.0,0.4352547824382782
2025-12-16 17:00:00,3400.0,0.0,0.5098194479942322
2025-12-16 18:00:00,3400.0,0.0,0.5327286124229431
2025-12-16 19:00:00,3200.0,0.0,0.5045793652534485
2025-12-16 20:00:00,2769.0,0.0,0.5285993218421936
2025-12-16 21:00:00,2843.0,0.0,0.49092501401901245
2025-12-16 22:00:00,2427.33,0.0,0.4755207896232605
2025-12-16 23:00:00,2275.0,0.0,0.4375992715358734
2025-12-17 00:00:00,2450.99,0.0,0.28789761662483215
2025-12-17 01:00:00,2000.0,0.0,0.2211482971906662
2025-12-17 02:00:00,1999.99,0.0,0.20719090104103088
2025-12-17 03:00:00,2275.0,0.0,0.21209537982940674
2025-12-17 04:00:00,2500.0,0.0,0.2062581330537796
2025-12-17 05:00:00,2754.34,0.0,0.2085028737783432
2025-12-17 06:00:00,3050.01,0.0,0.23414741456508636
2025-12-17 07:00:00,3194.99,0.0,0.4042152762413025
2025-12-17 08:00:00,3400.0,0.014820999999999999,0.4724653661251068
2025-12-17 09:00:00,3400.0,0.29024500000000003,0.46995043754577637
2025-12-17 10:00:00,3129.01,0.876653,0.44747233390808105
2025-12-17 11:00:00,2754.33,0.695584,0.3987793028354645
2025-12-17 12:00:00,1899.99,1.8861210000000002,0.43380144238471985
2025-12-17 13:00:00,2684.34,0.744659,0.4306486248970032
2025-12-17 14:00:00,2945.99,0.364062,0.3828585743904114
2025-12-17 15:00:00,3245.99,0.38367,0.365852952003479
2025-12-17 16:00:00,3400.0,0.017556000000000002,0.42787912487983704
2025-12-17 17:00:00,3400.0,0.0,0.5035481452941895
2025-12-17 18:00:00,3400.0,0.0,0.5246390700340271
2025-12-17 19:00:00,3400.0,0.0,0.5287449955940247
2025-12-17 20:00:00,3400.0,0.0,0.5601099729537964
2025-12-17 21:00:00,3400.0,0.0,0.49061042070388794
2025-12-17 22:00:00,3316.33,0.0,0.48583635687828064
2025-12-17 23:00:00,3140.01,0.0,0.4646877348423004
2025-12-18 00:00:00,3096.94,0.0,0.3233714699745178
2025-12-18 01:00:00,2924.24,0.0,0.2219470739364624
2025-12-18 02:00:00,2749.98,0.0,0.20767591893672943
2025-12-18 03:00:00,2749.24,0.0,0.20831385254859924
2025-12-18 04:00:00,2683.01,0.0,0.20928141474723816
2025-12-18 05:00:00,2749.24,0.0,0.21512936055660248
2025-12-18 06:00:00,3330.0,0.0,0.23986577987670898
2025-12-18 07:00:00,3400.0,0.0,0.40269044041633606
2025-12-18 08:00:00,3400.0,0.0,0.4768279194831848
2025-12-18 09:00:00,3400.0,0.054384999999999996,0.482276976108551
2025-12-18 10:00:00,3130.0,0.027046,0.4584610164165497
2025-12-18 11:00:00,2780.0,0.5194690000000001,0.4317503273487091
2025-12-18 12:00:00,2250.01,0.006256,0.4098956882953644
2025-12-18 13:00:00,2400.01,0.121093,0.44226938486099243
2025-12-18 14:00:00,2450.01,0.015054999999999999,0.41760721802711487
2025-12-18 15:00:00,2499.01,0.0,0.38245052099227905
2025-12-18 16:00:00,3400.0,0.0,0.41222378611564636
2025-12-18 17:00:00,3400.0,0.0,0.47071555256843567
2025-12-18 18:00:00,3400.0,0.0,0.5106577277183533
2025-12-18 19:00:00,3400.0,0.0,0.5147078037261963
2025-12-18 20:00:00,3400.0,0.0,0.5588763356208801
2025-12-18 21:00:00,3400.0,0.0,0.47855299711227417
2025-12-18 22:00:00,3350.01,0.0,0.4688299596309662
2025-12-18 23:00:00,3160.0,0.0,0.41760510206222534
2025-12-19 00:00:00,3200.0,0.0,0.28805238008499146
2025-12-19 01:00:00,3097.01,0.0,0.22253291308879852
2025-12-19 02:00:00,2880.64,0.0,0.20791663229465485
2025-12-19 03:00:00,2830.33,0.0,0.20724274218082428
2025-12-19 04:00:00,2799.01,0.0,0.20562885701656342
2025-12-19 05:00:00,2900.0,0.0,0.21668247878551483
2025-12-19 06:00:00,3363.92,0.0,0.23746660351753235
2025-12-19 07:00:00,3400.0,0.0,0.3812204897403717
2025-12-19 08:00:00,3400.0,0.017213000000000003,0.447581022977829
2025-12-19 09:00:00,3400.0,0.15392599999999998,0.42770659923553467
2025-12-19 10:00:00,3349.02,0.701173,0.4790603220462799
2025-12-19 11:00:00,2945.78,1.413084,0.41644302010536194
2025-12-19 12:00:00,1899.99,1.530293,0.42568856477737427
2025-12-19 13:00:00,1719.99,1.22152,0.4166909456253052
2025-12-19 14:00:00,2633.78,0.628067,0.4153825342655182
2025-12-19 15:00:00,3012.0,0.186748,0.32879820466041565
2025-12-19 16:00:00,3400.0,0.0,0.3798695504665375
2025-12-19 17:00:00,3400.0,0.0,0.4357113540172577
2025-12-19 18:00:00,3400.0,0.0,0.49231138825416565
2025-12-19 19:00:00,3400.0,0.0,0.4847646653652191
2025-12-19 20:00:00,3400.0,0.0,0.5071137547492981
2025-12-19 21:00:00,3399.99,0.0,0.5001325607299805
2025-12-19 22:00:00,2997.0,0.0,0.4647517502307892
2025-12-19 23:00:00,2897.35,0.0,0.40848708152770996
2025-12-20 00:00:00,3012.01,0.0,0.29737749695777893
2025-12-20 01:00:00,2847.78,0.0,0.2316773533821106
2025-12-20 02:00:00,2696.78,0.0,0.21567264199256897
2025-12-20 03:00:00,2600.0,0.0,0.20551079511642456
2025-12-20 04:00:00,2599.98,0.0,0.2050059586763382
2025-12-20 05:00:00,2599.99,0.0,0.21040786802768707
2025-12-20 06:00:00,3012.0,0.0,0.22612938284873962
2025-12-20 07:00:00,3130.0,0.0,0.2823091745376587
2025-12-20 08:00:00,3400.0,0.0,0.42178258299827576
2025-12-20 09:00:00,2892.0,0.0,0.4553951323032379
2025-12-20 10:00:00,2469.99,0.0005669999999999999,0.44666787981987
2025-12-20 11:00:00,2604.99,0.006293999999999999,0.4018254280090332
2025-12-20 12:00:00,2297.18,0.214983,0.39837777614593506
2025-12-20 13:00:00,2575.78,0.060402000000000004,0.3703742027282715
2025-12-20 14:00:00,2696.78,0.0035960000000000002,0.39793363213539124
2025-12-20 15:00:00,2950.01,0.0,0.3775829076766968
2025-12-20 16:00:00,3393.44,0.0,0.4162933826446533
2025-12-20 17:00:00,3400.0,0.0,0.491467148065567
2025-12-20 18:00:00,3400.0,0.0,0.5203880071640015
2025-12-20 19:00:00,3252.93,0.0,0.5267828702926636
2025-12-20 20:00:00,2950.0,0.0,0.505111038684845
2025-12-20 21:00:00,3400.0,0.0,0.44993388652801514
2025-12-20 22:00:00,3077.77,0.0,0.43476182222366333
2025-12-20 23:00:00,2946.0,0.0,0.428544819355011
2025-12-21 00:00:00,3009.0,0.0,0.3002273440361023
2025-12-21 01:00:00,2800.0,0.0,0.24587346613407135
2025-12-21 02:00:00,2501.0,0.0,0.21505938470363617
2025-12-21 03:00:00,2500.99,0.0,0.20447741448879242
2025-12-21 04:00:00,2694.01,0.0,0.20320925116539001
2025-12-21 05:00:00,2694.01,0.0,0.21156972646713257
2025-12-21 06:00:00,3290.0,0.0,0.22153212130069733
2025-12-21 07:00:00,3316.99,0.0,0.2766542434692383
2025-12-21 08:00:00,2800.01,0.0,0.413380891084671
2025-12-21 09:00:00,2600.01,0.0,0.4363984763622284
2025-12-21 10:00:00,3009.0,0.070677,0.45945441722869873
2025-12-21 11:00:00,2844.0,0.027585000000000002,0.44951796531677246
2025-12-21 12:00:00,2275.0,0.003751,0.4597824811935425
2025-12-21 13:00:00,2847.75,0.000864,0.3615110218524933
2025-12-21 14:00:00,3001.96,0.058351999999999994,0.3720608055591583
2025-12-21 15:00:00,3100.01,0.0,0.37848544120788574
2025-12-21 16:00:00,3249.99,0.0,0.4005674421787262
2025-12-21 17:00:00,3400.0,0.0,0.4754082262516022
2025-12-21 18:00:00,3389.99,0.0,0.4965813457965851
2025-12-21 19:00:00,3287.0,0.0,0.5290745496749878
2025-12-21 20:00:00,2853.0,0.0,0.4859519600868225
2025-12-21 21:00:00,3249.01,0.0,0.4433407187461853
2025-12-21 22:00:00,2939.77,0.0,0.4315629005432129
2025-12-21 23:00:00,2844.01,0.0,0.39556407928466797
2025-12-22 00:00:00,2600.01,0.0,0.25197142362594604
2025-12-22 01:00:00,2595.78,0.0,0.21474774181842804
2025-12-22 02:00:00,2125.0,0.0,0.2038734257221222
2025-12-22 03:00:00,2250.01,0.0,0.19996678829193115
2025-12-22 04:00:00,2125.0,0.0,0.20199765264987946
2025-12-22 05:00:00,2404.77,0.0,0.20593547821044922
2025-12-22 06:00:00,2871.96,0.0,0.22857891023159027
2025-12-22 07:00:00,2874.78,0.0,0.3836110532283783
2025-12-22 08:00:00,3400.0,0.003262,0.45662400126457214
2025-12-22 09:00:00,3400.0,0.012595,0.41626468300819397
2025-12-22 10:00:00,3390.0,0.036613999999999994,0.449553906917572
2025-12-22 11:00:00,3379.01,0.06711,0.4692368805408478
2025-12-22 12:00:00,2734.0,0.104514,0.43063023686408997
2025-12-22 13:00:00,2918.74,0.18424100000000002,0.4295588433742523
2025-12-22 14:00:00,3115.59,0.015626,0.4112197458744049
2025-12-22 15:00:00,3177.88,0.000533,0.3410564363002777
2025-12-22 16:00:00,3400.0,0.003968,0.42186811566352844
2025-12-22 17:00:00,3400.0,0.0,0.45815032720565796
2025-12-22 18:00:00,3400.0,0.0,0.523892879486084
2025-12-22 19:00:00,3300.0,0.0,0.532249391078949
2025-12-22 20:00:00,2600.0,0.0,0.5317426323890686
2025-12-22 21:00:00,3200.0,0.0,0.5049595236778259
2025-12-22 22:00:00,2799.99,0.0,0.5028773546218872
2025-12-22 23:00:00,2784.0,0.0,0.4380020201206207
2025-12-23 00:00:00,2909.94,0.0,0.26898396015167236
2025-12-23 01:00:00,2827.34,0.0,0.21534687280654907
2025-12-23 02:00:00,2200.04,0.0,0.21379391849040985
2025-12-23 03:00:00,2399.99,0.0,0.20465649664402008
2025-12-23 04:00:00,2547.33,0.0,0.20425055921077728
2025-12-23 05:00:00,2599.99,0.0,0.21004146337509155
2025-12-23 06:00:00,2600.01,0.0,0.23445755243301392
2025-12-23 07:00:00,2200.0,0.0,0.43851977586746216
2025-12-23 08:00:00,3400.0,0.003328,0.47530439496040344
2025-12-23 09:00:00,3400.0,0.006702,0.46466636657714844
2025-12-23 10:00:00,3400.0,0.058119,0.4668322801589966
2025-12-23 11:00:00,3400.0,0.681959,0.43675315380096436
2025-12-23 12:00:00,3250.0,0.382421,0.4225742220878601
2025-12-23 13:00:00,3400.0,0.000839,0.40564998984336853
2025-12-23 14:00:00,3400.0,0.127196,0.3984273076057434
2025-12-23 15:00:00,3400.0,0.050969,0.37230804562568665
2025-12-23 16:00:00,3400.0,0.0,0.4352547824382782
2025-12-23 17:00:00,3400.0,0.0,0.5098194479942322
2025-12-23 18:00:00,3400.0,0.0,0.5327286124229431
2025-12-23 19:00:00,3400.0,0.0,0.5045793652534485
2025-12-23 20:00:00,3299.99,0.0,0.5285993218421936
2025-12-23 21:00:00,3399.0,0.0,0.49092501401901245
2025-12-23 22:00:00,3140.01,0.0,0.4755207896232605
2025-12-23 23:00:00,3140.01,0.0,0.4375992715358734
2025-12-24 00:00:00,3085.01,0.0,0.28789761662483215
2025-12-24 01:00:00,2946.0,0.0,0.2211482971906662
2025-12-24 02:00:00,2718.33,0.0,0.20719090104103088
2025-12-24 03:00:00,2667.34,0.0,0.21209537982940674
2025-12-24 04:00:00,2695.01,0.0,0.2062581330537796
2025-12-24 05:00:00,2667.34,0.0,0.2085028737783432
2025-12-24 06:00:00,3400.0,0.0,0.23414741456508636
2025-12-24 07:00:00,3400.0,0.0,0.4042152762413025
2025-12-24 08:00:00,3400.0,0.0,0.4724653661251068
2025-12-24 09:00:00,3400.0,0.028344,0.46995043754577637
2025-12-24 10:00:00,3400.0,0.007045,0.44747233390808105
2025-12-24 11:00:00,3347.99,0.043455,0.3987793028354645
2025-12-24 12:00:00,2818.33,1.048645,0.43380144238471985
2025-12-24 13:00:00,2867.18,0.457563,0.4306486248970032
2025-12-24 14:00:00,2946.0,0.0,0.3828585743904114
2025-12-24 15:00:00,3150.01,0.073287,0.365852952003479
2025-12-24 16:00:00,3400.0,0.0,0.42787912487983704
2025-12-24 17:00:00,3400.0,0.0,0.5035481452941895
2025-12-24 18:00:00,3400.0,0.0,0.5246390700340271
2025-12-24 19:00:00,3400.0,0.0,0.5287449955940247
2025-12-24 20:00:00,3400.0,0.0,0.5601099729537964
2025-12-24 21:00:00,3400.0,0.0,0.49061042070388794
2025-12-24 22:00:00,3150.0,0.0,0.48583635687828064
2025-12-24 23:00:00,3100.0,0.0,0.4646877348423004
2025-12-25 00:00:00,2994.01,0.0,0.3233714699745178
2025-12-25 01:00:00,2913.16,0.0,0.2219470739364624
2025-12-25 02:00:00,2700.01,0.0,0.20767591893672943
2025-12-25 03:00:00,2299.99,0.0,0.20831385254859924
2025-12-25 04:00:00,2442.33,0.0,0.20928141474723816
2025-12-25 05:00:00,2735.94,0.0,0.21512936055660248
2025-12-25 06:00:00,3145.01,0.0,0.23986577987670898
2025-12-25 07:00:00,3400.0,0.0,0.40269044041633606
2025-12-25 08:00:00,3400.0,0.114251,0.4768279194831848
2025-12-25 09:00:00,3400.0,1.0072079999999999,0.482276976108551
2025-12-25 10:00:00,3400.0,1.1938989999999998,0.4584610164165497
2025-12-25 11:00:00,3400.0,1.94377,0.4317503273487091
2025-12-25 12:00:00,2937.34,1.5146400000000002,0.4098956882953644
2025-12-25 13:00:00,3347.99,2.1261170000000003,0.44226938486099243
2025-12-25 14:00:00,3400.0,1.6678620000000002,0.41760721802711487
2025-12-25 15:00:00,3389.99,0.000794,0.38245052099227905
2025-12-25 16:00:00,3400.0,0.0,0.41222378611564636
2025-12-25 17:00:00,3400.0,0.0,0.47071555256843567
2025-12-25 18:00:00,3400.0,0.0,0.5106577277183533
2025-12-25 19:00:00,3287.33,0.0,0.5147078037261963
2025-12-25 20:00:00,2983.33,0.0,0.5588763356208801
2025-12-25 21:00:00,3179.95,0.0,0.47855299711227417
2025-12-25 22:00:00,3099.01,0.0,0.4688299596309662
2025-12-25 23:00:00,2983.34,0.0,0.41760510206222534
2025-12-26 00:00:00,3245.99,0.0,0.28805238008499146
2025-12-26 01:00:00,2924.3,0.0,0.22253291308879852
2025-12-26 02:00:00,2582.24,0.0,0.20791663229465485
2025-12-26 03:00:00,2582.25,0.0,0.20724274218082428
2025-12-26 04:00:00,2499.99,0.0,0.20562885701656342
2025-12-26 05:00:00,2582.24,0.0,0.21668247878551483
2025-12-26 06:00:00,2814.89,0.0,0.23746660351753235
2025-12-26 07:00:00,2987.25,0.0,0.3812204897403717
2025-12-26 08:00:00,3400.0,0.0,0.447581022977829
2025-12-26 09:00:00,3400.0,0.12992599999999999,0.42770659923553467
2025-12-26 10:00:00,3400.0,0.421556,0.4790603220462799
2025-12-26 11:00:00,3400.0,0.14031100000000002,0.41644302010536194
2025-12-26 12:00:00,3108.88,0.301179,0.42568856477737427
2025-12-26 13:00:00,3390.0,0.16713499999999998,0.4166909456253052
2025-12-26 14:00:00,3400.0,0.053253999999999996,0.4153825342655182
2025-12-26 15:00:00,3400.0,0.0,0.32879820466041565
2025-12-26 16:00:00,3400.0,0.0,0.3798695504665375
2025-12-26 17:00:00,3400.0,0.0,0.4357113540172577
2025-12-26 18:00:00,3400.0,0.0,0.49231138825416565
2025-12-26 19:00:00,3400.0,0.0,0.4847646653652191
2025-12-26 20:00:00,3390.0,0.0,0.5071137547492981
2025-12-26 21:00:00,3400.0,0.0,0.5001325607299805
2025-12-26 22:00:00,3299.01,0.0,0.4647517502307892
2025-12-26 23:00:00,3160.0,0.0,0.40848708152770996
2025-12-27 00:00:00,3400.0,0.0,0.29737749695777893
2025-12-27 01:00:00,3400.0,0.0,0.2316773533821106
2025-12-27 02:00:00,3370.01,0.0,0.21567264199256897
2025-12-27 03:00:00,2744.0,0.0,0.20551079511642456
2025-12-27 04:00:00,2579.24,0.0,0.2050059586763382
2025-12-27 05:00:00,2267.25,0.0,0.21040786802768707
2025-12-27 06:00:00,2579.24,0.0,0.22612938284873962
2025-12-27 07:00:00,2721.25,0.0,0.2823091745376587
2025-12-27 08:00:00,3400.0,0.0,0.42178258299827576
2025-12-27 09:00:00,3400.0,0.016174,0.4553951323032379
2025-12-27 10:00:00,3400.0,0.10356399999999999,0.44666787981987
2025-12-27 11:00:00,3400.0,0.377718,0.4018254280090332
2025-12-27 12:00:00,2905.75,0.077946,0.39837777614593506
2025-12-27 13:00:00,2859.24,0.458005,0.3703742027282715
2025-12-27 14:00:00,2721.24,0.056378,0.39793363213539124
2025-12-27 15:00:00,2606.44,0.0,0.3775829076766968
2025-12-27 16:00:00,2967.25,0.0,0.4162933826446533
2025-12-27 17:00:00,3400.0,0.0,0.491467148065567
2025-12-27 18:00:00,3389.46,0.0,0.5203880071640015
2025-12-27 19:00:00,3300.0,0.0,0.5267828702926636
2025-12-27 20:00:00,3181.5,0.0,0.505111038684845
2025-12-27 21:00:00,3400.0,0.0,0.44993388652801514
2025-12-27 22:00:00,3250.0,0.0,0.43476182222366333
2025-12-27 23:00:00,3082.25,0.0,0.428544819355011
2025-12-28 00:00:00,3149.99,0.0,0.3002273440361023
2025-12-28 01:00:00,3140.0,0.0,0.24587346613407135
2025-12-28 02:00:00,2827.25,0.0,0.21505938470363617
2025-12-28 03:00:00,3100.01,0.0,0.20447741448879242
2025-12-28 04:00:00,2867.74,0.0,0.20320925116539001
2025-12-28 05:00:00,2615.99,0.0,0.21156972646713257
2025-12-28 06:00:00,2946.0,0.0,0.22153212130069733
2025-12-28 07:00:00,3379.01,0.0,0.2766542434692383
2025-12-28 08:00:00,2600.0,0.027027000000000002,0.413380891084671
2025-12-28 09:00:00,1719.98,0.0,0.4363984763622284
2025-12-28 10:00:00,1314.1,0.459416,0.45945441722869873
2025-12-28 11:00:00,1599.98,0.314348,0.44951796531677246
2025-12-28 12:00:00,1263.63,0.856623,0.4597824811935425
2025-12-28 13:00:00,1719.99,0.276444,0.3615110218524933
2025-12-28 14:00:00,1799.99,0.15917699999999999,0.3720608055591583
2025-12-28 15:00:00,1719.99,0.0,0.37848544120788574
2025-12-28 16:00:00,3189.08,0.0,0.4005674421787262
2025-12-28 17:00:00,3400.0,0.0,0.4754082262516022
2025-12-28 18:00:00,3400.0,0.0,0.4965813457965851
2025-12-28 19:00:00,3400.0,0.0,0.5290745496749878
2025-12-28 20:00:00,3400.0,0.0,0.4859519600868225
2025-12-28 21:00:00,3400.0,0.0,0.4433407187461853
2025-12-28 22:00:00,2897.27,0.0,0.4315629005432129
2025-12-28 23:00:00,2275.0,0.0,0.39556407928466797
2025-12-29 00:00:00,2899.99,0.0,0.25197142362594604
2025-12-29 01:00:00,2300.0,0.0,0.21474774181842804
2025-12-29 02:00:00,2379.25,0.0,0.2038734257221222
2025-12-29 03:00:00,2399.98,0.0,0.19996678829193115
2025-12-29 04:00:00,2470.0,0.0,0.20199765264987946
2025-12-29 05:00:00,2876.0,0.0,0.20593547821044922
2025-12-29 06:00:00,3195.0,0.0,0.22857891023159027
2025-12-29 07:00:00,3300.0,0.0,0.3836110532283783
2025-12-29 08:00:00,3400.0,0.000736,0.45662400126457214
2025-12-29 09:00:00,3400.0,0.007157,0.41626468300819397
2025-12-29 10:00:00,3400.0,0.30638099999999996,0.449553906917572
2025-12-29 11:00:00,3400.0,0.830584,0.4692368805408478
2025-12-29 12:00:00,2941.24,1.583451,0.43063023686408997
2025-12-29 13:00:00,3130.0,1.1534259999999998,0.4295588433742523
2025-12-29 14:00:00,3067.24,0.181694,0.4112197458744049
2025-12-29 15:00:00,3067.25,0.13550299999999998,0.3410564363002777
2025-12-29 16:00:00,3400.0,0.0,0.42186811566352844
2025-12-29 17:00:00,3400.0,0.0,0.45815032720565796
2025-12-29 18:00:00,3400.0,0.0,0.523892879486084
2025-12-29 19:00:00,3400.0,0.0,0.532249391078949
2025-12-29 20:00:00,3300.0,0.0,0.5317426323890686
2025-12-29 21:00:00,3398.99,0.0,0.5049595236778259
2025-12-29 22:00:00,3100.0,0.0,0.5028773546218872
2025-12-29 23:00:00,3087.17,0.0,0.4380020201206207
2025-12-30 00:00:00,3210.8,0.0,0.26898396015167236
2025-12-30 01:00:00,2900.01,0.0,0.21534687280654907
2025-12-30 02:00:00,2800.01,0.0,0.21379391849040985
2025-12-30 03:00:00,2500.01,0.0,0.20465649664402008
2025-12-30 04:00:00,2000.0,0.0,0.20425055921077728
2025-12-30 05:00:00,1899.99,0.0,0.21004146337509155
2025-12-30 06:00:00,2900.0,0.0,0.23445755243301392
2025-12-30 07:00:00,3400.0,0.0,0.43851977586746216
2025-12-30 08:00:00,3400.0,0.556375,0.47530439496040344
2025-12-30 09:00:00,3400.0,1.4206210000000001,0.46466636657714844
2025-12-30 10:00:00,3344.45,1.988643,0.4668322801589966
2025-12-30 11:00:00,3199.0,2.24471,0.43675315380096436
2025-12-30 12:00:00,1719.98,2.307979,0.4225742220878601
2025-12-30 13:00:00,1899.99,0.028338000000000002,0.40564998984336853
2025-12-30 14:00:00,1799.99,1.6801769999999998,0.3984273076057434
2025-12-30 15:00:00,2900.5,0.9631609999999999,0.37230804562568665
2025-12-30 16:00:00,3299.99,0.0005639999999999999,0.4352547824382782
2025-12-30 17:00:00,3400.0,0.0,0.5098194479942322
2025-12-30 18:00:00,3400.0,0.0,0.5327286124229431
2025-12-30 19:00:00,2910.11,0.0,0.5045793652534485
2025-12-30 20:00:00,2999.99,0.0,0.5285993218421936
2025-12-30 21:00:00,3400.0,0.0,0.49092501401901245
2025-12-30 22:00:00,2919.0,0.0,0.4755207896232605
2025-12-30 23:00:00,2819.0,0.0,0.4375992715358734
2025-12-31 00:00:00,2799.98,0.0,0.28789761662483215
2025-12-31 01:00:00,2410.11,0.0,0.2211482971906662
2025-12-31 02:00:00,1830.84,0.0,0.20719090104103088
2025-12-31 03:00:00,2125.0,0.0,0.21209537982940674
2025-12-31 04:00:00,1800.01,0.0,0.2062581330537796
2025-12-31 05:00:00,2125.0,0.0,0.2085028737783432
2025-12-31 06:00:00,2817.0,0.0,0.23414741456508636
2025-12-31 07:00:00,2399.98,0.0,0.4042152762413025
2025-12-31 08:00:00,3349.99,0.510024,0.4724653661251068
2025-12-31 09:00:00,3400.0,1.351041,0.46995043754577637
2025-12-31 10:00:00,3400.0,1.932172,0.44747233390808105
2025-12-31 11:00:00,3400.0,2.174507,0.3987793028354645
2025-12-31 12:00:00,3400.0,2.247971,0.43380144238471985
2025-12-31 13:00:00,3400.0,0.028155,0.4306486248970032
2025-12-31 14:00:00,3400.0,1.587751,0.3828585743904114
2025-12-31 15:00:00,3245.99,0.00087,0.365852952003479
2025-12-31 16:00:00,3299.39,0.095977,0.42787912487983704
2025-12-31 17:00:00,3400.0,0.0,0.5035481452941895
2025-12-31 18:00:00,3400.0,0.0,0.5246390700340271
2025-12-31 19:00:00,3000.0,0.0,0.5287449955940247
2025-12-31 20:00:00,2563.34,0.0,0.5601099729537964
2025-12-31 21:00:00,2933.33,0.0,0.49061042070388794
2025-12-31 22:00:00,2917.77,0.0,0.48583635687828064
2025-12-31 23:00:00,2917.78,0.0,0.4646877348423004
2026-01-01 00:00:00,3057.34,0.0,0.3233714699745178
2026-01-01 01:00:00,2910.11,0.0,0.2219470739364624
2026-01-01 02:00:00,2634.0,0.0,0.20767591893672943
2026-01-01 03:00:00,2799.0,0.0,0.20831385254859924
2026-01-01 04:00:00,2469.99,0.0,0.20928141474723816
2026-01-01 05:00:00,1694.81,0.0,0.21512936055660248
2026-01-01 06:00:00,1799.98,0.0,0.23986577987670898
2026-01-01 07:00:00,1900.0,0.0,0.40269044041633606
2026-01-01 08:00:00,2765.0,0.015358,0.4768279194831848
2026-01-01 09:00:00,2995.01,0.022333,0.482276976108551
2026-01-01 10:00:00,2486.99,0.043927999999999995,0.4584610164165497
2026-01-01 11:00:00,2450.99,0.252629,0.4317503273487091
2026-01-01 12:00:00,1800.01,0.103492,0.4098956882953644
2026-01-01 13:00:00,2902.33,0.050082999999999996,0.44226938486099243
2026-01-01 14:00:00,2605.0,0.351388,0.41760721802711487
2026-01-01 15:00:00,2634.01,0.12284,0.38245052099227905
2026-01-01 16:00:00,3195.0,0.002439,0.41222378611564636
2026-01-01 17:00:00,3400.0,0.0,0.47071555256843567
2026-01-01 18:00:00,3400.0,0.0,0.5106577277183533
2026-01-01 19:00:00,3399.99,0.0,0.5147078037261963
2026-01-01 20:00:00,3400.0,0.0,0.5588763356208801
2026-01-01 21:00:00,3400.0,0.0,0.47855299711227417
2026-01-01 22:00:00,2957.77,0.0,0.4688299596309662
2026-01-01 23:00:00,2957.77,0.0,0.41760510206222534
2026-01-02 00:00:00,3129.99,0.0,0.28805238008499146
2026-01-02 01:00:00,3095.0,0.0,0.22253291308879852
2026-01-02 02:00:00,2275.01,0.0,0.20791663229465485
2026-01-02 03:00:00,2649.98,0.0,0.20724274218082428
2026-01-02 04:00:00,2470.0,0.0,0.20562885701656342
2026-01-02 05:00:00,2600.0,0.0,0.21668247878551483
2026-01-02 06:00:00,2996.6,0.0,0.23746660351753235
2026-01-02 07:00:00,3400.0,0.0,0.3812204897403717
2026-01-02 08:00:00,3400.0,0.015458,0.447581022977829
2026-01-02 09:00:00,3400.0,0.186221,0.42770659923553467
2026-01-02 10:00:00,3400.0,0.360673,0.4790603220462799
2026-01-02 11:00:00,3094.01,0.5172089999999999,0.41644302010536194
2026-01-02 12:00:00,2561.09,0.703471,0.42568856477737427
2026-01-02 13:00:00,2271.42,0.639752,0.4166909456253052
2026-01-02 14:00:00,2649.99,0.28092,0.4153825342655182
2026-01-02 15:00:00,2941.01,0.15500299999999997,0.32879820466041565
2026-01-02 16:00:00,3400.0,0.010124000000000001,0.3798695504665375
2026-01-02 17:00:00,3400.0,0.0,0.4357113540172577
2026-01-02 18:00:00,3400.0,0.0,0.49231138825416565
2026-01-02 19:00:00,3400.0,0.0,0.4847646653652191
2026-01-02 20:00:00,3400.0,0.0,0.5071137547492981
2026-01-02 21:00:00,3400.0,0.0,0.5001325607299805
2026-01-02 22:00:00,3167.23,0.0,0.4647517502307892
2026-01-02 23:00:00,2994.01,0.0,0.40848708152770996
2026-01-03 00:00:00,3299.85,0.0,0.29737749695777893
2026-01-03 01:00:00,3199.01,0.0,0.2316773533821106
2026-01-03 02:00:00,2881.82,0.0,0.21567264199256897
2026-01-03 03:00:00,2499.99,0.0,0.20551079511642456
2026-01-03 04:00:00,2000.0,0.0,0.2050059586763382
2026-01-03 05:00:00,1900.0,0.0,0.21040786802768707
2026-01-03 06:00:00,2700.0,0.0,0.22612938284873962
2026-01-03 07:00:00,3200.0,0.0,0.2823091745376587
2026-01-03 08:00:00,3400.0,0.619352,0.42178258299827576
2026-01-03 09:00:00,3400.0,0.260248,0.4553951323032379
2026-01-03 10:00:00,2827.99,0.10617499999999999,0.44666787981987
2026-01-03 11:00:00,3001.44,0.60465,0.4018254280090332
2026-01-03 12:00:00,1799.98,0.478118,0.39837777614593506
2026-01-03 13:00:00,2677.77,0.35284,0.3703742027282715
2026-01-03 14:00:00,2450.99,0.102713,0.39793363213539124
2026-01-03 15:00:00,2600.0,0.006639,0.3775829076766968
2026-01-03 16:00:00,2649.99,0.0,0.4162933826446533
2026-01-03 17:00:00,3395.0,0.0,0.491467148065567
2026-01-03 18:00:00,3400.0,0.0,0.5203880071640015
2026-01-03 19:00:00,3299.99,0.0,0.5267828702926636
2026-01-03 20:00:00,3190.0,0.0,0.505111038684845
2026-01-03 21:00:00,3394.99,0.0,0.44993388652801514
2026-01-03 22:00:00,2891.27,0.0,0.43476182222366333
2026-01-03 23:00:00,2469.99,0.0,0.428544819355011
2026-01-04 00:00:00,3399.99,0.0,0.3002273440361023
2026-01-04 01:00:00,2124.99,0.0,0.24587346613407135
2026-01-04 02:00:00,1694.78,0.0,0.21505938470363617
2026-01-04 03:00:00,1694.78,0.0,0.20447741448879242
2026-01-04 04:00:00,1694.78,0.0,0.20320925116539001
2026-01-04 05:00:00,1694.78,0.0,0.21156972646713257
2026-01-04 06:00:00,1694.79,0.0,0.22153212130069733
2026-01-04 07:00:00,1799.98,0.0,0.2766542434692383
2026-01-04 08:00:00,1694.78,0.0,0.413380891084671
2026-01-04 09:00:00,1649.98,0.613691,0.4363984763622284
2026-01-04 10:00:00,1000.01,0.302216,0.45945441722869873
2026-01-04 11:00:00,853.99,0.266172,0.44951796531677246
2026-01-04 12:00:00,715.11,0.476156,0.4597824811935425
2026-01-04 13:00:00,1399.99,0.22806800000000002,0.3615110218524933
2026-01-04 14:00:00,1400.0,0.0,0.3720608055591583
2026-01-04 15:00:00,1400.0,0.072772,0.37848544120788574
2026-01-04 16:00:00,2989.86,0.0,0.4005674421787262
2026-01-04 17:00:00,3400.0,0.0,0.4754082262516022
2026-01-04 18:00:00,3400.0,0.0,0.4965813457965851
2026-01-04 19:00:00,3400.0,0.0,0.5290745496749878
2026-01-04 20:00:00,3145.01,0.0,0.4859519600868225
2026-01-04 21:00:00,3400.0,0.0,0.4433407187461853
2026-01-04 22:00:00,2984.0,0.0,0.4315629005432129
2026-01-04 23:00:00,2884.0,0.0,0.39556407928466797
2026-01-05 00:00:00,1694.79,0.0,0.25197142362594604
2026-01-05 01:00:00,1694.79,0.0,0.21474774181842804
2026-01-05 02:00:00,1655.01,0.0,0.2038734257221222
2026-01-05 03:00:00,1654.8,0.0,0.19996678829193115
2026-01-05 04:00:00,1495.0,0.0,0.20199765264987946
2026-01-05 05:00:00,1694.78,0.0,0.20593547821044922
2026-01-05 06:00:00,2989.0,0.0,0.22857891023159027
2026-01-05 07:00:00,3249.99,0.0,0.3836110532283783
2026-01-05 08:00:00,3400.0,0.601143,0.45662400126457214
2026-01-05 09:00:00,3400.0,0.0070480000000000004,0.41626468300819397
2026-01-05 10:00:00,3400.0,0.40960700000000005,0.449553906917572
2026-01-05 11:00:00,3095.0,1.1330630000000002,0.4692368805408478
2026-01-05 12:00:00,2450.99,1.605981,0.43063023686408997
2026-01-05 13:00:00,2689.0,1.1751500000000001,0.4295588433742523
2026-01-05 14:00:00,2900.01,0.987954,0.4112197458744049
2026-01-05 15:00:00,3300.0,0.25867599999999996,0.3410564363002777
2026-01-05 16:00:00,3400.0,3.5999999999999994e-05,0.42186811566352844
2026-01-05 17:00:00,3400.0,0.0,0.45815032720565796
2026-01-05 18:00:00,3400.0,0.0,0.523892879486084
2026-01-05 19:00:00,3400.0,0.0,0.532249391078949
2026-01-05 20:00:00,3400.0,0.0,0.5317426323890686
2026-01-05 21:00:00,3400.0,0.0,0.5049595236778259
2026-01-05 22:00:00,3086.25,0.0,0.5028773546218872
2026-01-05 23:00:00,2689.01,0.0,0.4380020201206207
2026-01-06 00:00:00,3193.93,0.0,0.26898396015167236
2026-01-06 01:00:00,3087.76,0.0,0.21534687280654907
2026-01-06 02:00:00,2470.0,0.0,0.21379391849040985
2026-01-06 03:00:00,2430.64,0.0,0.20465649664402008
2026-01-06 04:00:00,2000.0,0.0,0.20425055921077728
2026-01-06 05:00:00,2477.0,0.0,0.21004146337509155
2026-01-06 06:00:00,2876.0,0.0,0.23445755243301392
2026-01-06 07:00:00,3400.0,0.0,0.43851977586746216
2026-01-06 08:00:00,3400.0,0.021452000000000002,0.47530439496040344
2026-01-06 09:00:00,3400.0,0.069355,0.46466636657714844
2026-01-06 10:00:00,3399.99,0.5536380000000001,0.4668322801589966
2026-01-06 11:00:00,2527.0,0.980607,0.43675315380096436
2026-01-06 12:00:00,2349.99,0.978974,0.4225742220878601
2026-01-06 13:00:00,2500.99,0.367363,0.40564998984336853
2026-01-06 14:00:00,2819.83,0.36835500000000004,0.3984273076057434
2026-01-06 15:00:00,2945.99,0.074866,0.37230804562568665
2026-01-06 16:00:00,3400.0,0.002032,0.4352547824382782
2026-01-06 17:00:00,3400.0,0.0,0.5098194479942322
2026-01-06 18:00:00,3400.0,0.0,0.5327286124229431
2026-01-06 19:00:00,3400.0,0.0,0.5045793652534485
2026-01-06 20:00:00,3400.0,0.0,0.5285993218421936
2026-01-06 21:00:00,3400.0,0.0,0.49092501401901245
2026-01-06 22:00:00,2862.39,0.0,0.4755207896232605
2026-01-06 23:00:00,2499.99,0.0,0.4375992715358734
2026-01-07 00:00:00,2900.01,0.0,0.28789761662483215
2026-01-07 01:00:00,2699.99,0.0,0.2211482971906662
2026-01-07 02:00:00,2599.98,0.0,0.20719090104103088
2026-01-07 03:00:00,2450.99,0.0,0.21209537982940674
2026-01-07 04:00:00,2249.99,0.0,0.2062581330537796
2026-01-07 05:00:00,2561.0,0.0,0.2085028737783432
2026-01-07 06:00:00,2888.75,0.0,0.23414741456508636
2026-01-07 07:00:00,3389.99,0.0,0.4042152762413025
2026-01-07 08:00:00,3400.0,0.012946999999999998,0.4724653661251068
2026-01-07 09:00:00,3400.0,0.035652,0.46995043754577637
2026-01-07 10:00:00,3400.0,0.41671800000000003,0.44747233390808105
2026-01-07 11:00:00,2948.54,1.0538599999999998,0.3987793028354645
2026-01-07 12:00:00,1740.1,0.555353,0.43380144238471985
2026-01-07 13:00:00,1654.81,0.224689,0.4306486248970032
2026-01-07 14:00:00,2200.0,0.261846,0.3828585743904114
2026-01-07 15:00:00,1799.97,0.217529,0.365852952003479
2026-01-07 16:00:00,3400.0,0.0,0.42787912487983704
2026-01-07 17:00:00,3400.0,0.0,0.5035481452941895
2026-01-07 18:00:00,3400.0,0.0,0.5246390700340271
2026-01-07 19:00:00,3249.99,0.0,0.5287449955940247
2026-01-07 20:00:00,3370.4,0.0,0.5601099729537964
2026-01-07 21:00:00,3400.0,0.0,0.49061042070388794
2026-01-07 22:00:00,2867.17,0.0,0.48583635687828064
2026-01-07 23:00:00,2274.99,0.0,0.4646877348423004
2026-01-08 00:00:00,2499.99,0.0,0.3233714699745178
2026-01-08 01:00:00,1814.0,0.0,0.2219470739364624
2026-01-08 02:00:00,1649.99,0.0,0.20767591893672943
2026-01-08 03:00:00,1649.99,0.0,0.20831385254859924
2026-01-08 04:00:00,1649.99,0.0,0.20928141474723816
2026-01-08 05:00:00,1799.98,0.0,0.21512936055660248
2026-01-08 06:00:00,2600.0,0.0,0.23986577987670898
2026-01-08 07:00:00,2724.65,0.0,0.40269044041633606
2026-01-08 08:00:00,3400.0,0.01914,0.4768279194831848
2026-01-08 09:00:00,3400.0,0.36284500000000003,0.482276976108551
2026-01-08 10:00:00,3300.0,0.99929,0.4584610164165497
2026-01-08 11:00:00,3245.99,0.919038,0.4317503273487091
2026-01-08 12:00:00,2900.01,0.452534,0.4098956882953644
2026-01-08 13:00:00,2998.01,0.430983,0.44226938486099243
2026-01-08 14:00:00,3124.08,0.811331,0.41760721802711487
2026-01-08 15:00:00,2479.0,0.441472,0.38245052099227905
2026-01-08 16:00:00,3000.0,0.07712300000000001,0.41222378611564636
2026-01-08 17:00:00,3400.0,0.0,0.47071555256843567
2026-01-08 18:00:00,3246.0,0.0,0.5106577277183533
2026-01-08 19:00:00,3144.0,0.0,0.5147078037261963
2026-01-08 20:00:00,3349.0,0.0,0.5588763356208801
2026-01-08 21:00:00,3400.0,0.0,0.47855299711227417
2026-01-08 22:00:00,3249.99,0.0,0.4688299596309662
2026-01-08 23:00:00,2898.0,0.0,0.41760510206222534
2026-01-09 00:00:00,2600.0,0.0,0.28805238008499146
2026-01-09 01:00:00,2499.98,0.0,0.22253291308879852
2026-01-09 02:00:00,2499.99,0.0,0.20791663229465485
2026-01-09 03:00:00,2759.25,0.0,0.20724274218082428
2026-01-09 04:00:00,2900.01,0.0,0.20562885701656342
2026-01-09 05:00:00,2948.01,0.0,0.21668247878551483
2026-01-09 06:00:00,3385.0,0.0,0.23746660351753235
2026-01-09 07:00:00,3400.0,0.0,0.3812204897403717
2026-01-09 08:00:00,3400.0,0.698623,0.447581022977829
2026-01-09 09:00:00,3400.0,0.428149,0.42770659923553467
2026-01-09 10:00:00,3400.0,0.14669100000000002,0.4790603220462799
2026-01-09 11:00:00,3400.0,0.181506,0.41644302010536194
2026-01-09 12:00:00,3380.0,0.313349,0.42568856477737427
2026-01-09 13:00:00,3297.24,0.370732,0.4166909456253052
2026-01-09 14:00:00,3385.0,0.28646699999999997,0.4153825342655182
2026-01-09 15:00:00,3300.0,0.21082900000000002,0.32879820466041565
2026-01-09 16:00:00,3400.0,0.0021000000000000003,0.3798695504665375
2026-01-09 17:00:00,3400.0,0.0,0.4357113540172577
2026-01-09 18:00:00,3400.0,0.0,0.49231138825416565
2026-01-09 19:00:00,3349.01,0.0,0.4847646653652191
2026-01-09 20:00:00,3299.0,0.0,0.5071137547492981
2026-01-09 21:00:00,3299.01,0.0,0.5001325607299805
2026-01-09 22:00:00,2868.61,0.0,0.4647517502307892
2026-01-09 23:00:00,2897.18,0.0,0.40848708152770996
2026-01-10 00:00:00,2950.0,0.0,0.29737749695777893
2026-01-10 01:00:00,2662.06,0.0,0.2316773533821106
2026-01-10 02:00:00,2350.0,0.0,0.21567264199256897
2026-01-10 03:00:00,1999.99,0.0,0.20551079511642456
2026-01-10 04:00:00,1799.97,0.0,0.2050059586763382
2026-01-10 05:00:00,2350.0,0.0,0.21040786802768707
2026-01-10 06:00:00,2704.56,0.0,0.22612938284873962
2026-01-10 07:00:00,3190.17,0.0,0.2823091745376587
2026-01-10 08:00:00,3400.0,0.0036230000000000004,0.42178258299827576
2026-01-10 09:00:00,3400.0,0.0,0.4553951323032379
2026-01-10 10:00:00,3400.0,0.065396,0.44666787981987
2026-01-10 11:00:00,3139.62,0.13443,0.4018254280090332
2026-01-10 12:00:00,2600.0,0.14355400000000001,0.39837777614593506
2026-01-10 13:00:00,2410.11,0.10552,0.3703742027282715
2026-01-10 14:00:00,1400.0,0.0,0.39793363213539124
2026-01-10 15:00:00,1649.99,0.024546,0.3775829076766968
2026-01-10 16:00:00,3198.0,0.0,0.4162933826446533
2026-01-10 17:00:00,3199.99,0.0,0.491467148065567
2026-01-10 18:00:00,3245.99,0.0,0.5203880071640015
2026-01-10 19:00:00,2999.99,0.0,0.5267828702926636
2026-01-10 20:00:00,3030.67,0.0,0.505111038684845
2026-01-10 21:00:00,3385.0,0.0,0.44993388652801514
2026-01-10 22:00:00,2849.0,0.0,0.43476182222366333
2026-01-10 23:00:00,2155.02,0.0,0.428544819355011
2026-01-11 00:00:00,1799.97,0.0,0.3002273440361023
2026-01-11 01:00:00,1621.49,0.0,0.24587346613407135
2026-01-11 02:00:00,1399.99,0.0,0.21505938470363617
2026-01-11 03:00:00,1400.0,0.0,0.20447741448879242
2026-01-11 04:00:00,1527.4,0.0,0.20320925116539001
2026-01-11 05:00:00,1642.69,0.0,0.21156972646713257
2026-01-11 06:00:00,1642.7,0.0,0.22153212130069733
2026-01-11 07:00:00,1655.01,0.0,0.2766542434692383
2026-01-11 08:00:00,2347.7,0.614707,0.413380891084671
2026-01-11 09:00:00,2605.0,0.393069,0.4363984763622284
2026-01-11 10:00:00,2200.0,0.932677,0.45945441722869873
2026-01-11 11:00:00,3280.0,2.313996,0.44951796531677246
2026-01-11 12:00:00,3384.99,1.5309659999999998,0.4597824811935425
2026-01-11 13:00:00,3400.0,1.316642,0.3615110218524933
2026-01-11 14:00:00,3299.99,0.957012,0.3720608055591583
2026-01-11 15:00:00,2899.99,0.46172399999999997,0.37848544120788574
2026-01-11 16:00:00,2599.01,0.016242,0.4005674421787262
2026-01-11 17:00:00,3034.93,0.0,0.4754082262516022
2026-01-11 18:00:00,3299.99,0.0,0.4965813457965851
2026-01-11 19:00:00,3300.0,0.0,0.5290745496749878
2026-01-11 20:00:00,3206.25,0.0,0.4859519600868225
2026-01-11 21:00:00,3389.99,0.0,0.4433407187461853
2026-01-11 22:00:00,3000.01,0.0,0.4315629005432129
2026-01-11 23:00:00,2210.11,0.0,0.39556407928466797
2026-01-12 00:00:00,2920.0,0.0,0.25197142362594604
2026-01-12 01:00:00,3129.77,0.0,0.21474774181842804
2026-01-12 02:00:00,2600.0,0.0,0.2038734257221222
2026-01-12 03:00:00,1642.7,0.0,0.19996678829193115
2026-01-12 04:00:00,1642.7,0.0,0.20199765264987946
2026-01-12 05:00:00,1655.01,0.0,0.20593547821044922
2026-01-12 06:00:00,2805.24,0.0,0.22857891023159027
2026-01-12 07:00:00,2850.01,0.0,0.3836110532283783
2026-01-12 08:00:00,2912.77,0.000368,0.45662400126457214
2026-01-12 09:00:00,3400.0,0.012794999999999999,0.41626468300819397
2026-01-12 10:00:00,3400.0,0.435927,0.449553906917572
2026-01-12 11:00:00,3400.0,0.096592,0.4692368805408478
2026-01-12 12:00:00,3385.01,0.009958,0.43063023686408997
2026-01-12 13:00:00,3400.0,0.074871,0.4295588433742523
2026-01-12 14:00:00,3400.0,0.025347,0.4112197458744049
2026-01-12 15:00:00,3130.0,0.001037,0.3410564363002777
2026-01-12 16:00:00,3399.99,0.0,0.42186811566352844
2026-01-12 17:00:00,3400.0,0.0,0.45815032720565796
2026-01-12 18:00:00,3400.0,0.0,0.523892879486084
2026-01-12 19:00:00,3300.0,0.0,0.532249391078949
2026-01-12 20:00:00,3028.12,0.0,0.5317426323890686
2026-01-12 21:00:00,2900.01,0.0,0.5049595236778259
2026-01-12 22:00:00,2921.24,0.0,0.5028773546218872
2026-01-12 23:00:00,3062.4,0.0,0.4380020201206207
2026-01-13 00:00:00,2994.0,0.0,0.26898396015167236
2026-01-13 01:00:00,2768.99,0.0,0.21534687280654907
2026-01-13 02:00:00,2617.34,0.0,0.21379391849040985
2026-01-13 03:00:00,2562.34,0.0,0.20465649664402008
2026-01-13 04:00:00,2562.34,0.0,0.20425055921077728
2026-01-13 05:00:00,2694.0,0.0,0.21004146337509155
2026-01-13 06:00:00,3249.99,0.0,0.23445755243301392
2026-01-13 07:00:00,3400.0,0.0,0.43851977586746216
2026-01-13 08:00:00,3400.0,0.653968,0.47530439496040344
2026-01-13 09:00:00,3400.0,0.437145,0.46466636657714844
2026-01-13 10:00:00,3400.0,0.933485,0.4668322801589966
2026-01-13 11:00:00,3400.0,1.06294,0.43675315380096436
2026-01-13 12:00:00,3400.0,1.233258,0.4225742220878601
2026-01-13 13:00:00,3400.0,0.87681,0.40564998984336853
2026-01-13 14:00:00,3400.0,0.49809800000000004,0.3984273076057434
2026-01-13 15:00:00,3317.0,0.27096699999999996,0.37230804562568665
2026-01-13 16:00:00,3400.0,0.0035659999999999997,0.4352547824382782
2026-01-13 17:00:00,3400.0,0.0,0.5098194479942322
2026-01-13 18:00:00,3400.0,0.0,0.5327286124229431
2026-01-13 19:00:00,3400.0,0.0,0.5045793652534485
2026-01-13 20:00:00,3400.0,0.0,0.5285993218421936
2026-01-13 21:00:00,3400.0,0.0,0.49092501401901245
2026-01-13 22:00:00,3399.99,0.0,0.4755207896232605
2026-01-13 23:00:00,3160.01,0.0,0.4375992715358734
2026-01-14 00:00:00,3250.01,0.0,0.28789761662483215
2026-01-14 01:00:00,3117.99,0.0,0.2211482971906662
2026-01-14 02:00:00,2614.33,0.0,0.20719090104103088
2026-01-14 03:00:00,2599.99,0.0,0.21209537982940674
2026-01-14 04:00:00,2683.7,0.0,0.2062581330537796
2026-01-14 05:00:00,2788.0,0.0,0.2085028737783432
2026-01-14 06:00:00,3250.0,0.0,0.23414741456508636
2026-01-14 07:00:00,3400.0,0.0,0.4042152762413025
2026-01-14 08:00:00,3400.0,0.6067229999999999,0.4724653661251068
2026-01-14 09:00:00,3400.0,0.333036,0.46995043754577637
2026-01-14 10:00:00,3400.0,0.963062,0.44747233390808105
2026-01-14 11:00:00,3400.0,1.369878,0.3987793028354645
2026-01-14 12:00:00,3400.0,2.3267249999999997,0.43380144238471985
2026-01-14 13:00:00,3400.0,2.155313,0.4306486248970032
2026-01-14 14:00:00,3400.0,1.727936,0.3828585743904114
2026-01-14 15:00:00,3400.0,0.49632299999999996,0.365852952003479
2026-01-14 16:00:00,3400.0,0.033258,0.42787912487983704
2026-01-14 17:00:00,3400.0,0.0,0.5035481452941895
2026-01-14 18:00:00,3400.0,0.0,0.5246390700340271
2026-01-14 19:00:00,3400.0,0.0,0.5287449955940247
2026-01-14 20:00:00,3400.0,0.0,0.5601099729537964
2026-01-14 21:00:00,3400.0,0.0,0.49061042070388794
2026-01-14 22:00:00,3400.0,0.0,0.48583635687828064
2026-01-14 23:00:00,3250.0,0.0,0.4646877348423004
2026-01-15 00:00:00,3180.01,0.0,0.3233714699745178
2026-01-15 01:00:00,3099.99,0.0,0.2219470739364624
2026-01-15 02:00:00,2789.01,0.0,0.20767591893672943
2026-01-15 03:00:00,2673.33,0.0,0.20831385254859924
2026-01-15 04:00:00,2599.98,0.0,0.20928141474723816
2026-01-15 05:00:00,2673.33,0.0,0.21512936055660248
2026-01-15 06:00:00,2995.0,0.0,0.23986577987670898
2026-01-15 07:00:00,3374.33,0.0,0.40269044041633606
2026-01-15 08:00:00,3400.0,0.528633,0.4768279194831848
2026-01-15 09:00:00,3400.0,0.13787,0.482276976108551
2026-01-15 10:00:00,3400.0,0.585529,0.4584610164165497
2026-01-15 11:00:00,3400.0,0.530991,0.4317503273487091
2026-01-15 12:00:00,2673.34,1.122069,0.4098956882953644
2026-01-15 13:00:00,2673.34,1.054902,0.44226938486099243
2026-01-15 14:00:00,3100.0,0.987323,0.41760721802711487
2026-01-15 15:00:00,2673.34,0.517951,0.38245052099227905
2026-01-15 16:00:00,3400.0,0.01102,0.41222378611564636
2026-01-15 17:00:00,3400.0,0.0,0.47071555256843567
2026-01-15 18:00:00,3400.0,0.0,0.5106577277183533
2026-01-15 19:00:00,3400.0,0.0,0.5147078037261963
2026-01-15 20:00:00,3400.0,0.0,0.5588763356208801
2026-01-15 21:00:00,3400.0,0.0,0.47855299711227417
2026-01-15 22:00:00,3400.0,0.0,0.4688299596309662
2026-01-15 23:00:00,3400.0,0.0,0.41760510206222534
2026-01-16 00:00:00,3250.0,0.0,0.28805238008499146
2026-01-16 01:00:00,3129.99,0.0,0.22253291308879852
2026-01-16 02:00:00,2854.75,0.0,0.20791663229465485
2026-01-16 03:00:00,2777.01,0.0,0.20724274218082428
2026-01-16 04:00:00,2652.25,0.0,0.20562885701656342
2026-01-16 05:00:00,2779.24,0.0,0.21668247878551483
2026-01-16 06:00:00,3309.24,0.0,0.23746660351753235
2026-01-16 07:00:00,3400.0,0.0,0.3812204897403717
2026-01-16 08:00:00,3400.0,0.5464450000000001,0.447581022977829
2026-01-16 09:00:00,3400.0,0.031124,0.42770659923553467
2026-01-16 10:00:00,3400.0,0.143558,0.4790603220462799
2026-01-16 11:00:00,3400.0,0.20954,0.41644302010536194
2026-01-16 12:00:00,3130.0,0.25776699999999997,0.42568856477737427
2026-01-16 13:00:00,3097.99,0.148862,0.4166909456253052
2026-01-16 14:00:00,3368.01,0.021727,0.4153825342655182
2026-01-16 15:00:00,3309.25,0.0067220000000000005,0.32879820466041565
2026-01-16 16:00:00,3400.0,0.006031,0.3798695504665375
2026-01-16 17:00:00,3400.0,0.0,0.4357113540172577
2026-01-16 18:00:00,3400.0,0.0,0.49231138825416565
2026-01-16 19:00:00,3400.0,0.0,0.4847646653652191
2026-01-16 20:00:00,3299.99,0.0,0.5071137547492981
2026-01-16 21:00:00,3150.01,0.0,0.5001325607299805
2026-01-16 22:00:00,2599.99,0.0,0.4647517502307892
2026-01-16 23:00:00,2615.46,0.0,0.40848708152770996
2026-01-17 00:00:00,3400.0,0.0,0.29737749695777893
2026-01-17 01:00:00,3388.89,0.0,0.2316773533821106
2026-01-17 02:00:00,2789.69,0.0,0.21567264199256897
2026-01-17 03:00:00,2639.24,0.0,0.20551079511642456
2026-01-17 04:00:00,2200.0,0.0,0.2050059586763382
2026-01-17 05:00:00,1799.98,0.0,0.21040786802768707
2026-01-17 06:00:00,2275.01,0.0,0.22612938284873962
2026-01-17 07:00:00,1642.7,0.0,0.2823091745376587
2026-01-17 08:00:00,3400.0,0.614371,0.42178258299827576
2026-01-17 09:00:00,3400.0,0.414993,0.4553951323032379
2026-01-17 10:00:00,3400.0,0.985435,0.44666787981987
2026-01-17 11:00:00,3400.0,1.390614,0.4018254280090332
2026-01-17 12:00:00,3037.18,1.6402,0.39837777614593506
2026-01-17 13:00:00,2979.27,1.401229,0.3703742027282715
2026-01-17 14:00:00,2763.25,1.0629929999999999,0.39793363213539124
2026-01-17 15:00:00,2384.0,0.554355,0.3775829076766968
2026-01-17 16:00:00,2780.0,0.157021,0.4162933826446533
2026-01-17 17:00:00,3400.0,0.0,0.491467148065567
2026-01-17 18:00:00,3400.0,0.0,0.5203880071640015
2026-01-17 19:00:00,3388.01,0.0,0.5267828702926636
2026-01-17 20:00:00,2880.01,0.0,0.505111038684845
2026-01-17 21:00:00,3369.56,0.0,0.44993388652801514
2026-01-17 22:00:00,2919.99,0.0,0.43476182222366333
2026-01-17 23:00:00,2510.11,0.0,0.428544819355011
2026-01-18 00:00:00,3079.67,0.0,0.3002273440361023
2026-01-18 01:00:00,3089.29,0.0,0.24587346613407135
2026-01-18 02:00:00,2657.18,0.0,0.21505938470363617
2026-01-18 03:00:00,2499.99,0.0,0.20447741448879242
2026-01-18 04:00:00,2600.0,0.0,0.20320925116539001
2026-01-18 05:00:00,1799.98,0.0,0.21156972646713257
2026-01-18 06:00:00,2949.99,0.0,0.22153212130069733
2026-01-18 07:00:00,3249.98,0.0,0.2766542434692383
2026-01-18 08:00:00,3099.99,0.656942,0.413380891084671
2026-01-18 09:00:00,1799.98,1.509546,0.4363984763622284
2026-01-18 10:00:00,1642.7,0.94997,0.45945441722869873
2026-01-18 11:00:00,1642.69,1.6079269999999999,0.44951796531677246
2026-01-18 12:00:00,1649.98,1.24762,0.4597824811935425
2026-01-18 13:00:00,1655.01,1.6191520000000001,0.3615110218524933
2026-01-18 14:00:00,1649.98,1.18434,0.3720608055591583
2026-01-18 15:00:00,1527.4,0.518852,0.37848544120788574
2026-01-18 16:00:00,2605.0,0.032854,0.4005674421787262
2026-01-18 17:00:00,3249.98,0.0,0.4754082262516022
2026-01-18 18:00:00,3368.0,0.0,0.4965813457965851
2026-01-18 19:00:00,3400.0,0.0,0.5290745496749878
2026-01-18 20:00:00,3368.0,0.0,0.4859519600868225
2026-01-18 21:00:00,3104.41,0.0,0.4433407187461853
2026-01-18 22:00:00,2599.99,0.0,0.4315629005432129
2026-01-18 23:00:00,2275.0,0.0,0.39556407928466797
2026-01-19 00:00:00,3118.0,0.0,0.25197142362594604
2026-01-19 01:00:00,2900.0,0.0,0.21474774181842804
2026-01-19 02:00:00,2594.0,0.0,0.2038734257221222
2026-01-19 03:00:00,1799.98,0.0,0.19996678829193115
2026-01-19 04:00:00,1655.01,0.0,0.20199765264987946
2026-01-19 05:00:00,2410.11,0.0,0.20593547821044922
2026-01-19 06:00:00,2715.67,0.0,0.22857891023159027
2026-01-19 07:00:00,3009.62,0.0,0.3836110532283783
2026-01-19 08:00:00,3400.0,0.026767,0.45662400126457214
2026-01-19 09:00:00,3400.0,0.342003,0.41626468300819397
2026-01-19 10:00:00,3310.01,1.057741,0.449553906917572
2026-01-19 11:00:00,2612.56,1.568229,0.4692368805408478
2026-01-19 12:00:00,2599.99,1.525482,0.43063023686408997
2026-01-19 13:00:00,2756.34,2.229362,0.4295588433742523
2026-01-19 14:00:00,2604.0,1.034041,0.4112197458744049
2026-01-19 15:00:00,2643.08,0.5763039999999999,0.3410564363002777
2026-01-19 16:00:00,3400.0,0.03118,0.42186811566352844
2026-01-19 17:00:00,3400.0,0.0,0.45815032720565796
2026-01-19 18:00:00,3400.0,0.0,0.523892879486084
2026-01-19 19:00:00,3400.0,0.0,0.532249391078949
2026-01-19 20:00:00,3363.34,0.0,0.5317426323890686
2026-01-19 21:00:00,3212.0,0.0,0.5049595236778259
2026-01-19 22:00:00,2938.6,0.0,0.5028773546218872
2026-01-19 23:00:00,2888.0,0.0,0.4380020201206207
2026-01-20 00:00:00,2900.0,0.0,0.26898396015167236
2026-01-20 01:00:00,2604.99,0.0,0.21534687280654907
2026-01-20 02:00:00,2989.0,0.0,0.21379391849040985
2026-01-20 03:00:00,2663.33,0.0,0.20465649664402008
2026-01-20 04:00:00,2250.0,0.0,0.20425055921077728
2026-01-20 05:00:00,2610.01,0.0,0.21004146337509155
2026-01-20 06:00:00,3025.0,0.0,0.23445755243301392
2026-01-20 07:00:00,3400.0,0.0,0.43851977586746216
2026-01-20 08:00:00,3400.0,0.026393,0.47530439496040344
2026-01-20 09:00:00,3400.0,0.18274100000000001,0.46466636657714844
2026-01-20 10:00:00,3400.0,1.1853710000000002,0.4668322801589966
2026-01-20 11:00:00,2777.01,1.373686,0.43675315380096436
2026-01-20 12:00:00,2666.01,1.243981,0.4225742220878601
2026-01-20 13:00:00,2777.0,1.266373,0.40564998984336853
2026-01-20 14:00:00,2859.3,0.945768,0.3984273076057434
2026-01-20 15:00:00,2789.7,0.665466,0.37230804562568665
2026-01-20 16:00:00,3400.0,0.36876400000000004,0.4352547824382782
2026-01-20 17:00:00,3400.0,0.0,0.5098194479942322
2026-01-20 18:00:00,3400.0,0.0,0.5327286124229431
2026-01-20 19:00:00,3400.0,0.0,0.5045793652534485
2026-01-20 20:00:00,3400.0,0.0,0.5285993218421936
2026-01-20 21:00:00,3400.0,0.0,0.49092501401901245
2026-01-20 22:00:00,3349.01,0.0,0.4755207896232605
2026-01-20 23:00:00,3160.01,0.0,0.4375992715358734
2026-01-21 00:00:00,3200.0,0.0,0.28789761662483215
2026-01-21 01:00:00,2874.34,0.0,0.2211482971906662
2026-01-21 02:00:00,2654.33,0.0,0.20719090104103088
2026-01-21 03:00:00,2666.0,0.0,0.21209537982940674
2026-01-21 04:00:00,2666.0,0.0,0.2062581330537796
2026-01-21 05:00:00,2666.01,0.0,0.2085028737783432
2026-01-21 06:00:00,3110.01,0.0,0.23414741456508636
2026-01-21 07:00:00,3376.0,0.0,0.4042152762413025
2026-01-21 08:00:00,3400.0,0.023474000000000002,0.4724653661251068
2026-01-21 09:00:00,3400.0,0.692562,0.46995043754577637
2026-01-21 10:00:00,3400.0,0.8199919999999999,0.44747233390808105
2026-01-21 11:00:00,3400.0,1.288739,0.3987793028354645
2026-01-21 12:00:00,3400.0,1.628021,0.43380144238471985
2026-01-21 13:00:00,3400.0,1.083361,0.4306486248970032
2026-01-21 14:00:00,3400.0,0.7987989999999999,0.3828585743904114
2026-01-21 15:00:00,3400.0,0.606187,0.365852952003479
2026-01-21 16:00:00,3400.0,0.049643,0.42787912487983704
2026-01-21 17:00:00,3400.0,0.0,0.5035481452941895
2026-01-21 18:00:00,3400.0,0.0,0.5246390700340271
2026-01-21 19:00:00,3400.0,0.0,0.5287449955940247
2026-01-21 20:00:00,3400.0,0.0,0.5601099729537964
2026-01-21 21:00:00,3376.0,0.0,0.49061042070388794
2026-01-21 22:00:00,3007.77,0.0,0.48583635687828064
2026-01-21 23:00:00,3007.78,0.0,0.4646877348423004
2026-01-22 00:00:00,3250.0,0.0,0.3233714699745178
2026-01-22 01:00:00,2957.33,0.0,0.2219470739364624
2026-01-22 02:00:00,2599.99,0.0,0.20767591893672943
2026-01-22 03:00:00,2650.01,0.0,0.20831385254859924
2026-01-22 04:00:00,2343.21,0.0,0.20928141474723816
2026-01-22 05:00:00,2333.03,0.0,0.21512936055660248
2026-01-22 06:00:00,2900.01,0.0,0.23986577987670898
2026-01-22 07:00:00,3110.0,0.0,0.40269044041633606
2026-01-22 08:00:00,3400.0,0.480024,0.4768279194831848
2026-01-22 09:00:00,3400.0,0.439416,0.482276976108551
2026-01-22 10:00:00,3400.0,0.9878429999999999,0.4584610164165497
2026-01-22 11:00:00,3400.0,2.177129,0.4317503273487091
2026-01-22 12:00:00,3400.0,2.261632,0.4098956882953644
2026-01-22 13:00:00,3400.0,2.107719,0.44226938486099243
2026-01-22 14:00:00,3400.0,1.713355,0.41760721802711487
2026-01-22 15:00:00,3400.0,1.1236089999999999,0.38245052099227905
2026-01-22 16:00:00,3400.0,0.033337000000000006,0.41222378611564636
2026-01-22 17:00:00,3400.0,0.0,0.47071555256843567
2026-01-22 18:00:00,3400.0,0.0,0.5106577277183533
2026-01-22 19:00:00,3400.0,0.0,0.5147078037261963
2026-01-22 20:00:00,3099.99,0.0,0.5588763356208801
2026-01-22 21:00:00,2684.34,0.0,0.47855299711227417
2026-01-22 22:00:00,2684.33,0.0,0.4688299596309662
2026-01-22 23:00:00,2998.0,0.0,0.41760510206222534
2026-01-23 00:00:00,3045.26,0.0,0.28805238008499146
2026-01-23 01:00:00,2710.11,0.0,0.22253291308879852
2026-01-23 02:00:00,2798.0,0.0,0.20791663229465485
2026-01-23 03:00:00,2700.01,0.0,0.20724274218082428
2026-01-23 04:00:00,2752.25,0.0,0.20562885701656342
2026-01-23 05:00:00,2900.0,0.0,0.21668247878551483
2026-01-23 06:00:00,3130.0,0.0,0.23746660351753235
2026-01-23 07:00:00,3160.01,0.0,0.3812204897403717
2026-01-23 08:00:00,3400.0,0.021002,0.447581022977829
2026-01-23 09:00:00,3400.0,0.491408,0.42770659923553467
2026-01-23 10:00:00,3400.0,1.638212,0.4790603220462799
2026-01-23 11:00:00,3400.0,1.932544,0.41644302010536194
2026-01-23 12:00:00,3400.0,2.047974,0.42568856477737427
2026-01-23 13:00:00,3400.0,1.925384,0.4166909456253052
2026-01-23 14:00:00,3400.0,1.083065,0.4153825342655182
2026-01-23 15:00:00,3400.0,1.017272,0.32879820466041565
2026-01-23 16:00:00,3400.0,0.015193,0.3798695504665375
2026-01-23 17:00:00,3400.0,0.0,0.4357113540172577
2026-01-23 18:00:00,3400.0,0.0,0.49231138825416565
2026-01-23 19:00:00,3400.0,0.0,0.4847646653652191
2026-01-23 20:00:00,3347.24,0.0,0.5071137547492981
2026-01-23 21:00:00,3198.99,0.0,0.5001325607299805
2026-01-23 22:00:00,3007.78,0.0,0.4647517502307892
2026-01-23 23:00:00,3110.0,0.0,0.40848708152770996
2026-01-24 00:00:00,3200.0,0.0,0.29737749695777893
2026-01-24 01:00:00,2913.64,0.0,0.2316773533821106
2026-01-24 02:00:00,2875.99,0.0,0.21567264199256897
2026-01-24 03:00:00,2742.25,0.0,0.20551079511642456
2026-01-24 04:00:00,2710.1,0.0,0.2050059586763382
2026-01-24 05:00:00,2781.36,0.0,0.21040786802768707
2026-01-24 06:00:00,3170.35,0.0,0.22612938284873962
2026-01-24 07:00:00,2825.6,0.0,0.2823091745376587
2026-01-24 08:00:00,3100.0,0.026961,0.42178258299827576
2026-01-24 09:00:00,3400.0,0.064231,0.4553951323032379
2026-01-24 10:00:00,3400.0,0.054407,0.44666787981987
2026-01-24 11:00:00,3400.0,0.152113,0.4018254280090332
2026-01-24 12:00:00,3177.65,1.001461,0.39837777614593506
2026-01-24 13:00:00,3174.45,2.277898,0.3703742027282715
2026-01-24 14:00:00,2789.69,0.9088719999999999,0.39793363213539124
2026-01-24 15:00:00,3007.01,0.29456099999999996,0.3775829076766968
2026-01-24 16:00:00,3390.0,0.0,0.4162933826446533
2026-01-24 17:00:00,3400.0,0.0,0.491467148065567
2026-01-24 18:00:00,3400.0,0.0,0.5203880071640015
2026-01-24 19:00:00,3400.0,0.0,0.5267828702926636
2026-01-24 20:00:00,3400.0,0.0,0.505111038684845
2026-01-24 21:00:00,3400.0,0.0,0.44993388652801514
2026-01-24 22:00:00,3095.0,0.0,0.43476182222366333
2026-01-24 23:00:00,2957.24,0.0,0.428544819355011
2026-01-25 00:00:00,3105.73,0.0,0.3002273440361023
2026-01-25 01:00:00,2977.34,0.0,0.24587346613407135
2026-01-25 02:00:00,2600.0,0.0,0.21505938470363617
2026-01-25 03:00:00,2910.1,0.0,0.20447741448879242
2026-01-25 04:00:00,3100.0,0.0,0.20320925116539001
2026-01-25 05:00:00,2605.0,0.0,0.21156972646713257
2026-01-25 06:00:00,3384.99,0.0,0.22153212130069733
2026-01-25 07:00:00,3384.99,0.0,0.2766542434692383
2026-01-25 08:00:00,3267.46,0.34484,0.413380891084671
2026-01-25 09:00:00,3214.46,1.0803779999999998,0.4363984763622284
2026-01-25 10:00:00,2199.99,1.231701,0.45945441722869873
2026-01-25 11:00:00,1642.7,1.449444,0.44951796531677246
2026-01-25 12:00:00,1655.01,1.699232,0.4597824811935425
2026-01-25 13:00:00,1649.99,2.261424,0.3615110218524933
2026-01-25 14:00:00,1000.0,1.087471,0.3720608055591583
2026-01-25 15:00:00,1400.0,0.7011470000000001,0.37848544120788574
2026-01-25 16:00:00,2900.0,0.42174900000000004,0.4005674421787262
2026-01-25 17:00:00,3400.0,0.0,0.4754082262516022
2026-01-25 18:00:00,3400.0,0.0,0.4965813457965851
2026-01-25 19:00:00,3400.0,0.0,0.5290745496749878
2026-01-25 20:00:00,3299.01,0.0,0.4859519600868225
2026-01-25 21:00:00,3299.0,0.0,0.4433407187461853
2026-01-25 22:00:00,2881.7,0.0,0.4315629005432129
2026-01-25 23:00:00,1799.97,0.0,0.39556407928466797
2026-01-26 00:00:00,2876.0,0.0,0.25197142362594604
2026-01-26 01:00:00,2600.0,0.0,0.21474774181842804
2026-01-26 02:00:00,1940.11,0.0,0.2038734257221222
2026-01-26 03:00:00,2200.0,0.0,0.19996678829193115
2026-01-26 04:00:00,2199.99,0.0,0.20199765264987946
2026-01-26 05:00:00,2599.99,0.0,0.20593547821044922
2026-01-26 06:00:00,2946.0,0.0,0.22857891023159027
2026-01-26 07:00:00,3200.0,0.0,0.3836110532283783
2026-01-26 08:00:00,3400.0,0.579232,0.45662400126457214
2026-01-26 09:00:00,3400.0,0.076349,0.41626468300819397
2026-01-26 10:00:00,2695.0,0.439336,0.449553906917572
2026-01-26 11:00:00,2868.34,0.503492,0.4692368805408478
2026-01-26 12:00:00,1814.0,0.674106,0.43063023686408997
2026-01-26 13:00:00,2516.0,0.460625,0.4295588433742523
2026-01-26 14:00:00,2780.01,0.737282,0.4112197458744049
2026-01-26 15:00:00,2600.0,0.104088,0.3410564363002777
2026-01-26 16:00:00,3400.0,0.0,0.42186811566352844
2026-01-26 17:00:00,3400.0,0.0,0.45815032720565796
2026-01-26 18:00:00,3400.0,0.0,0.523892879486084
2026-01-26 19:00:00,3400.0,0.0,0.532249391078949
2026-01-26 20:00:00,3367.33,0.0,0.5317426323890686
2026-01-26 21:00:00,3051.0,0.0,0.5049595236778259
2026-01-26 22:00:00,2274.99,0.0,0.5028773546218872
2026-01-26 23:00:00,1642.69,0.0,0.4380020201206207
2026-01-27 00:00:00,1599.99,0.0,0.26898396015167236
2026-01-27 01:00:00,1590.9,0.0,0.21534687280654907
2026-01-27 02:00:00,1399.99,0.0,0.21379391849040985
2026-01-27 03:00:00,1590.89,0.0,0.20465649664402008
2026-01-27 04:00:00,1500.01,0.0,0.20425055921077728
2026-01-27 05:00:00,1642.69,0.0,0.21004146337509155
2026-01-27 06:00:00,1642.69,0.0,0.23445755243301392
2026-01-27 07:00:00,1642.7,0.0,0.43851977586746216
2026-01-27 08:00:00,2792.58,0.0,0.47530439496040344
2026-01-27 09:00:00,3298.01,0.0037749999999999997,0.46466636657714844
2026-01-27 10:00:00,2410.11,1.132251,0.4668322801589966
2026-01-27 11:00:00,3245.99,1.578806,0.43675315380096436
2026-01-27 12:00:00,2604.99,1.373345,0.4225742220878601
2026-01-27 13:00:00,3037.17,1.6256590000000002,0.40564998984336853
2026-01-27 14:00:00,3298.01,0.740504,0.3984273076057434
2026-01-27 15:00:00,2999.99,0.17819100000000002,0.37230804562568665
2026-01-27 16:00:00,3400.0,0.0,0.4352547824382782
2026-01-27 17:00:00,3400.0,0.0,0.5098194479942322
2026-01-27 18:00:00,3400.0,0.0,0.5327286124229431
2026-01-27 19:00:00,3400.0,0.0,0.5045793652534485
2026-01-27 20:00:00,3348.97,0.0,0.5285993218421936
2026-01-27 21:00:00,3400.0,0.0,0.49092501401901245
2026-01-27 22:00:00,3061.2,0.0,0.4755207896232605
2026-01-27 23:00:00,2799.99,0.0,0.4375992715358734
2026-01-28 00:00:00,3071.45,0.0,0.28789761662483215
2026-01-28 01:00:00,2600.0,0.0,0.2211482971906662
2026-01-28 02:00:00,2908.99,0.0,0.20719090104103088
2026-01-28 03:00:00,2599.01,0.0,0.21209537982940674
2026-01-28 04:00:00,2249.99,0.0,0.2062581330537796
2026-01-28 05:00:00,2469.99,0.0,0.2085028737783432
2026-01-28 06:00:00,3200.01,0.0,0.23414741456508636
2026-01-28 07:00:00,3400.0,0.0,0.4042152762413025
2026-01-28 08:00:00,3400.0,0.0,0.4724653661251068
2026-01-28 09:00:00,3400.0,0.0,0.46995043754577637
2026-01-28 10:00:00,3400.0,0.651464,0.44747233390808105
2026-01-28 11:00:00,3400.0,0.138962,0.3987793028354645
2026-01-28 12:00:00,3400.0,1.0091620000000001,0.43380144238471985
2026-01-28 13:00:00,3400.0,1.1526010000000002,0.4306486248970032
2026-01-28 14:00:00,3370.0,0.35764999999999997,0.3828585743904114
2026-01-28 15:00:00,2880.01,0.478825,0.365852952003479
2026-01-28 16:00:00,3246.0,0.161547,0.42787912487983704
2026-01-28 17:00:00,3400.0,0.0,0.5035481452941895
2026-01-28 18:00:00,3400.0,0.0,0.5246390700340271
2026-01-28 19:00:00,3145.01,0.0,0.5287449955940247
2026-01-28 20:00:00,2599.99,0.0,0.5601099729537964
2026-01-28 21:00:00,2900.01,0.0,0.49061042070388794
2026-01-28 22:00:00,2899.99,0.0,0.48583635687828064
2026-01-28 23:00:00,2155.99,0.0,0.4646877348423004
2026-01-29 00:00:00,3089.99,0.0,0.3233714699745178
2026-01-29 01:00:00,3057.0,0.0,0.2219470739364624
2026-01-29 02:00:00,2600.0,0.0,0.20767591893672943
2026-01-29 03:00:00,1799.98,0.0,0.20831385254859924
2026-01-29 04:00:00,1642.69,0.0,0.20928141474723816
2026-01-29 05:00:00,1642.7,0.0,0.21512936055660248
2026-01-29 06:00:00,2200.0,0.0,0.23986577987670898
2026-01-29 07:00:00,3044.44,0.0,0.40269044041633606
2026-01-29 08:00:00,3400.0,0.024247,0.4768279194831848
2026-01-29 09:00:00,3400.0,0.556812,0.482276976108551
2026-01-29 10:00:00,2900.0,1.546762,0.4584610164165497
2026-01-29 11:00:00,3003.92,1.617127,0.4317503273487091
2026-01-29 12:00:00,2603.64,1.7499639999999999,0.4098956882953644
2026-01-29 13:00:00,2908.07,1.701499,0.44226938486099243
2026-01-29 14:00:00,2995.01,0.50848,0.41760721802711487
2026-01-29 15:00:00,2675.83,0.024343,0.38245052099227905
2026-01-29 16:00:00,3086.89,0.0,0.41222378611564636
2026-01-29 17:00:00,3400.0,0.0,0.47071555256843567
2026-01-29 18:00:00,3400.0,0.0,0.5106577277183533
2026-01-29 19:00:00,3290.32,0.0,0.5147078037261963
2026-01-29 20:00:00,2969.0,0.0,0.5588763356208801
2026-01-29 21:00:00,3057.0,0.0,0.47855299711227417
2026-01-29 22:00:00,2969.01,0.0,0.4688299596309662
2026-01-29 23:00:00,2210.1,0.0,0.41760510206222534
2026-01-30 00:00:00,1642.7,0.0,0.28805238008499146
2026-01-30 01:00:00,1642.7,0.0,0.22253291308879852
2026-01-30 02:00:00,1642.7,0.0,0.20791663229465485
2026-01-30 03:00:00,1799.97,0.0,0.20724274218082428
2026-01-30 04:00:00,1578.89,0.0,0.20562885701656342
2026-01-30 05:00:00,1642.7,0.0,0.21668247878551483
2026-01-30 06:00:00,2780.01,0.0,0.23746660351753235
2026-01-30 07:00:00,2580.01,0.0,0.3812204897403717
2026-01-30 08:00:00,2900.01,0.786943,0.447581022977829
2026-01-30 09:00:00,3400.0,1.6394680000000001,0.42770659923553467
2026-01-30 10:00:00,3399.99,1.019617,0.4790603220462799
2026-01-30 11:00:00,3274.46,1.537433,0.41644302010536194
2026-01-30 12:00:00,2697.0,1.9465940000000002,0.42568856477737427
2026-01-30 13:00:00,2589.01,0.492376,0.4166909456253052
2026-01-30 14:00:00,2951.28,0.736344,0.4153825342655182
2026-01-30 15:00:00,2777.77,0.5569379999999999,0.32879820466041565
2026-01-30 16:00:00,3057.0,0.022279,0.3798695504665375
2026-01-30 17:00:00,3288.01,0.0,0.4357113540172577
2026-01-30 18:00:00,3400.0,0.0,0.49231138825416565
2026-01-30 19:00:00,3400.0,0.0,0.4847646653652191
2026-01-30 20:00:00,3118.32,0.0,0.5071137547492981
2026-01-30 21:00:00,2672.48,0.0,0.5001325607299805
2026-01-30 22:00:00,2600.0,0.0,0.4647517502307892
2026-01-30 23:00:00,2599.98,0.0,0.40848708152770996
2026-01-31 00:00:00,3140.01,0.0,0.29737749695777893
2026-01-31 01:00:00,3050.01,0.0,0.2316773533821106
2026-01-31 02:00:00,2998.0,0.0,0.21567264199256897
2026-01-31 03:00:00,2850.15,0.0,0.20551079511642456
2026-01-31 04:00:00,2395.01,0.0,0.2050059586763382
2026-01-31 05:00:00,2600.0,0.0,0.21040786802768707
2026-01-31 06:00:00,2945.99,0.0,0.22612938284873962
2026-01-31 07:00:00,3038.48,0.0,0.2823091745376587
2026-01-31 08:00:00,3100.0,0.0,0.42178258299827576
2026-01-31 09:00:00,3140.0,0.09659999999999999,0.4553951323032379
2026-01-31 10:00:00,3150.0,0.435256,0.44666787981987
2026-01-31 11:00:00,3353.11,0.184282,0.4018254280090332
2026-01-31 12:00:00,3038.49,0.28146699999999997,0.39837777614593506
2026-01-31 13:00:00,3049.99,0.32893900000000004,0.3703742027282715
2026-01-31 14:00:00,3050.0,0.16058799999999998,0.39793363213539124
2026-01-31 15:00:00,3038.49,0.281317,0.3775829076766968
2026-01-31 16:00:00,2355.01,0.109987,0.4162933826446533
2026-01-31 17:00:00,2600.0,0.0,0.491467148065567
2026-01-31 18:00:00,3246.0,0.0,0.5203880071640015
2026-01-31 19:00:00,2998.0,0.0,0.5267828702926636
2026-01-31 20:00:00,2998.0,0.0,0.505111038684845
2026-01-31 21:00:00,3140.01,0.0,0.44993388652801514
2026-01-31 22:00:00,2809.08,0.0,0.43476182222366333
2026-01-31 23:00:00,2275.0,0.0,0.428544819355011
2026-02-01 00:00:00,2999.99,0.0,0.3002273440361023
2026-02-01 01:00:00,3000.0,0.0,0.24587346613407135
2026-02-01 02:00:00,2977.0,0.0,0.21505938470363617
2026-02-01 03:00:00,2988.01,0.0,0.20447741448879242
2026-02-01 04:00:00,2836.0,0.0,0.20320925116539001
2026-02-01 05:00:00,2825.27,0.0,0.21156972646713257
2026-02-01 06:00:00,2849.01,0.0,0.22153212130069733
2026-02-01 07:00:00,1999.99,0.0,0.2766542434692383
2026-02-01 08:00:00,1799.98,0.100758,0.413380891084671
2026-02-01 09:00:00,1547.4,0.38408800000000004,0.4363984763622284
2026-02-01 10:00:00,803.47,0.482091,0.45945441722869873
2026-02-01 11:00:00,1001.01,0.421995,0.44951796531677246
2026-02-01 12:00:00,900.0,1.18804,0.4597824811935425
2026-02-01 13:00:00,1547.39,2.0865929999999997,0.3615110218524933
2026-02-01 14:00:00,1642.69,2.137133,0.3720608055591583
2026-02-01 15:00:00,700.01,1.529816,0.37848544120788574
2026-02-01 16:00:00,2599.99,0.678005,0.4005674421787262
2026-02-01 17:00:00,2999.99,0.0,0.4754082262516022
2026-02-01 18:00:00,3246.0,0.0,0.4965813457965851
2026-02-01 19:00:00,3165.06,0.0,0.5290745496749878
2026-02-01 20:00:00,3000.0,0.0,0.4859519600868225
2026-02-01 21:00:00,2999.99,0.0,0.4433407187461853
2026-02-01 22:00:00,1547.39,0.0,0.4315629005432129
2026-02-01 23:00:00,1000.01,0.0,0.39556407928466797
2026-02-02 00:00:00,2198.0,0.0,0.25197142362594604
2026-02-02 01:00:00,1642.69,0.0,0.21474774181842804
2026-02-02 02:00:00,1000.0,0.0,0.2038734257221222
2026-02-02 03:00:00,1642.69,0.0,0.19996678829193115
2026-02-02 04:00:00,1554.11,0.0,0.20199765264987946
2026-02-02 05:00:00,1578.9,0.0,0.20593547821044922
2026-02-02 06:00:00,1250.0,0.0,0.22857891023159027
2026-02-02 07:00:00,1642.7,0.0,0.3836110532283783
2026-02-02 08:00:00,3337.36,0.812577,0.45662400126457214
2026-02-02 09:00:00,3400.0,1.634285,0.41626468300819397
2026-02-02 10:00:00,3137.0,2.085854,0.449553906917572
2026-02-02 11:00:00,3100.0,2.067093,0.4692368805408478
2026-02-02 12:00:00,2897.24,1.976779,0.43063023686408997
2026-02-02 13:00:00,3087.04,1.764946,0.4295588433742523
2026-02-02 14:00:00,3087.04,1.392947,0.4112197458744049
2026-02-02 15:00:00,2836.01,0.852796,0.3410564363002777
2026-02-02 16:00:00,3130.01,0.345524,0.42186811566352844
2026-02-02 17:00:00,3400.0,0.0,0.45815032720565796
2026-02-02 18:00:00,3399.13,0.0,0.523892879486084
2026-02-02 19:00:00,3100.0,0.0,0.532249391078949
2026-02-02 20:00:00,2699.99,0.0,0.5317426323890686
2026-02-02 21:00:00,2979.01,0.0,0.5049595236778259
2026-02-02 22:00:00,2836.0,0.0,0.5028773546218872
2026-02-02 23:00:00,2897.24,0.0,0.4380020201206207
2026-02-03 00:00:00,2995.01,0.0,0.26898396015167236
2026-02-03 01:00:00,2700.0,0.0,0.21534687280654907
2026-02-03 02:00:00,2517.0,0.0,0.21379391849040985
2026-02-03 03:00:00,2699.98,0.0,0.20465649664402008
2026-02-03 04:00:00,2797.0,0.0,0.20425055921077728
2026-02-03 05:00:00,2764.19,0.0,0.21004146337509155
2026-02-03 06:00:00,2999.99,0.0,0.23445755243301392
2026-02-03 07:00:00,3385.0,0.0,0.43851977586746216
2026-02-03 08:00:00,3400.0,0.427087,0.47530439496040344
2026-02-03 09:00:00,3400.0,1.115461,0.46466636657714844
2026-02-03 10:00:00,3400.0,1.489166,0.4668322801589966
2026-02-03 11:00:00,3400.0,1.3333989999999998,0.43675315380096436
2026-02-03 12:00:00,3000.01,1.109789,0.4225742220878601
2026-02-03 13:00:00,3035.5,1.203198,0.40564998984336853
2026-02-03 14:00:00,2750.01,1.3067,0.3984273076057434
2026-02-03 15:00:00,2849.0,1.03027,0.37230804562568665
2026-02-03 16:00:00,3400.0,0.483262,0.4352547824382782
2026-02-03 17:00:00,3400.0,0.0,0.5098194479942322
2026-02-03 18:00:00,3400.0,0.0,0.5327286124229431
2026-02-03 19:00:00,3400.0,0.0,0.5045793652534485
2026-02-03 20:00:00,3400.0,0.0,0.5285993218421936
2026-02-03 21:00:00,3400.0,0.0,0.49092501401901245
2026-02-03 22:00:00,2997.17,0.0,0.4755207896232605
2026-02-03 23:00:00,2939.24,0.0,0.4375992715358734
2026-02-04 00:00:00,2913.63,0.0,0.28789761662483215
2026-02-04 01:00:00,2897.25,0.0,0.2211482971906662
2026-02-04 02:00:00,2789.69,0.0,0.20719090104103088
2026-02-04 03:00:00,2499.98,0.0,0.21209537982940674
2026-02-04 04:00:00,2199.99,0.0,0.2062581330537796
2026-02-04 05:00:00,2200.0,0.0,0.2085028737783432
2026-02-04 06:00:00,2880.01,0.0,0.23414741456508636
2026-02-04 07:00:00,3191.0,0.0,0.4042152762413025
2026-02-04 08:00:00,3400.0,0.792865,0.4724653661251068
2026-02-04 09:00:00,3400.0,1.5925440000000002,0.46995043754577637
2026-02-04 10:00:00,2599.98,2.09345,0.44747233390808105
2026-02-04 11:00:00,1999.99,2.3620010000000002,0.3987793028354645
2026-02-04 12:00:00,1614.9,2.495634,0.43380144238471985
2026-02-04 13:00:00,1642.69,2.405607,0.4306486248970032
2026-02-04 14:00:00,1794.01,2.0718270000000003,0.3828585743904114
2026-02-04 15:00:00,2599.98,1.1101320000000001,0.365852952003479
2026-02-04 16:00:00,3191.0,0.693195,0.42787912487983704
2026-02-04 17:00:00,3400.0,0.0,0.5035481452941895
2026-02-04 18:00:00,3400.0,0.0,0.5246390700340271
2026-02-04 19:00:00,3400.0,0.0,0.5287449955940247
2026-02-04 20:00:00,3190.99,0.0,0.5601099729537964
2026-02-04 21:00:00,2897.25,0.0,0.49061042070388794
2026-02-04 22:00:00,2749.7,0.0,0.48583635687828064
2026-02-04 23:00:00,2499.98,0.0,0.4646877348423004
2026-02-05 00:00:00,2913.63,0.0,0.3233714699745178
2026-02-05 01:00:00,2849.0,0.0,0.2219470739364624
2026-02-05 02:00:00,1813.99,0.0,0.20767591893672943
2026-02-05 03:00:00,1642.7,0.0,0.20831385254859924
2026-02-05 04:00:00,1642.69,0.0,0.20928141474723816
2026-02-05 05:00:00,1642.69,0.0,0.21512936055660248
2026-02-05 06:00:00,2395.21,0.0,0.23986577987670898
2026-02-05 07:00:00,2984.99,0.0,0.40269044041633606
2026-02-05 08:00:00,3400.0,0.0,0.4768279194831848
2026-02-05 09:00:00,3314.71,0.082052,0.482276976108551
2026-02-05 10:00:00,2000.21,0.5356470000000001,0.4584610164165497
2026-02-05 11:00:00,1740.1,0.737776,0.4317503273487091
2026-02-05 12:00:00,1400.0,1.2075850000000001,0.4098956882953644
2026-02-05 13:00:00,1592.89,0.7428400000000001,0.44226938486099243
2026-02-05 14:00:00,1642.7,0.406529,0.41760721802711487
2026-02-05 15:00:00,2210.11,0.154042,0.38245052099227905
2026-02-05 16:00:00,2979.0,0.044052999999999995,0.41222378611564636
2026-02-05 17:00:00,3400.0,0.0,0.47071555256843567
2026-02-05 18:00:00,3199.99,0.0,0.5106577277183533
2026-02-05 19:00:00,2971.47,0.0,0.5147078037261963
2026-02-05 20:00:00,2797.01,0.0,0.5588763356208801
2026-02-05 21:00:00,3146.88,0.0,0.47855299711227417
2026-02-05 22:00:00,1133.32,0.0,0.4688299596309662
2026-02-05 23:00:00,249.99,0.0,0.41760510206222534
2026-02-06 00:00:00,1057.0,0.0,0.28805238008499146
2026-02-06 01:00:00,1056.99,0.0,0.22253291308879852
2026-02-06 02:00:00,1000.01,0.0,0.20791663229465485
2026-02-06 03:00:00,1000.01,0.0,0.20724274218082428
2026-02-06 04:00:00,1574.19,0.0,0.20562885701656342
2026-02-06 05:00:00,1642.7,0.0,0.21668247878551483
2026-02-06 06:00:00,1574.2,0.0,0.23746660351753235
2026-02-06 07:00:00,2155.99,0.0,0.3812204897403717
2026-02-06 08:00:00,3400.0,0.0,0.447581022977829
2026-02-06 09:00:00,3400.0,0.012433999999999999,0.42770659923553467
2026-02-06 10:00:00,3400.0,0.224113,0.4790603220462799
2026-02-06 11:00:00,3400.0,0.38582900000000003,0.41644302010536194
2026-02-06 12:00:00,2850.0,0.5714349999999999,0.42568856477737427
2026-02-06 13:00:00,2303.0,0.078106,0.4166909456253052
2026-02-06 14:00:00,3000.0,0.207338,0.4153825342655182
2026-02-06 15:00:00,2789.69,0.092132,0.32879820466041565
2026-02-06 16:00:00,3099.01,0.00042699999999999997,0.3798695504665375
2026-02-06 17:00:00,3400.0,0.0,0.4357113540172577
2026-02-06 18:00:00,3400.0,0.0,0.49231138825416565
2026-02-06 19:00:00,2950.01,0.0,0.4847646653652191
2026-02-06 20:00:00,2302.99,0.0,0.5071137547492981
2026-02-06 21:00:00,2185.18,0.0,0.5001325607299805
2026-02-06 22:00:00,1619.98,0.0,0.4647517502307892
2026-02-06 23:00:00,1001.01,0.0,0.40848708152770996
2026-02-07 00:00:00,1600.0,0.0,0.29737749695777893
2026-02-07 01:00:00,1642.69,0.0,0.2316773533821106
2026-02-07 02:00:00,1544.39,0.0,0.21567264199256897
2026-02-07 03:00:00,1457.14,0.0,0.20551079511642456
2026-02-07 04:00:00,1075.0,0.0,0.2050059586763382
2026-02-07 05:00:00,1600.0,0.0,0.21040786802768707
2026-02-07 06:00:00,2047.37,0.0,0.22612938284873962
2026-02-07 07:00:00,2413.63,0.0,0.2823091745376587
2026-02-07 08:00:00,2675.99,0.0,0.42178258299827576
2026-02-07 09:00:00,3400.0,0.0,0.4553951323032379
2026-02-07 10:00:00,3118.5,0.012575,0.44666787981987
2026-02-07 11:00:00,3127.59,0.06388300000000001,0.4018254280090332
2026-02-07 12:00:00,2249.92,0.057664,0.39837777614593506
2026-02-07 13:00:00,2675.99,0.113748,0.3703742027282715
2026-02-07 14:00:00,1799.97,0.216534,0.39793363213539124
2026-02-07 15:00:00,1997.01,0.068111,0.3775829076766968
2026-02-07 16:00:00,3049.37,0.051095999999999996,0.4162933826446533
2026-02-07 17:00:00,3199.99,0.0,0.491467148065567
2026-02-07 18:00:00,3400.0,0.0,0.5203880071640015
2026-02-07 19:00:00,3400.0,0.0,0.5267828702926636
2026-02-07 20:00:00,3193.63,0.0,0.505111038684845
2026-02-07 21:00:00,3097.01,0.0,0.44993388652801514
2026-02-07 22:00:00,2898.0,0.0,0.43476182222366333
2026-02-07 23:00:00,2898.0,0.0,0.428544819355011
2026-02-08 00:00:00,3200.0,0.0,0.3002273440361023
2026-02-08 01:00:00,2848.01,0.0,0.24587346613407135
2026-02-08 02:00:00,2647.99,0.0,0.21505938470363617
2026-02-08 03:00:00,2848.01,0.0,0.20447741448879242
2026-02-08 04:00:00,2796.0,0.0,0.20320925116539001
2026-02-08 05:00:00,2796.0,0.0,0.21156972646713257
2026-02-08 06:00:00,3145.0,0.0,0.22153212130069733
2026-02-08 07:00:00,3130.0,0.0,0.2766542434692383
2026-02-08 08:00:00,2880.0,0.0,0.413380891084671
2026-02-08 09:00:00,1642.69,0.015737,0.4363984763622284
2026-02-08 10:00:00,1547.39,0.036539,0.45945441722869873
2026-02-08 11:00:00,1547.39,0.106847,0.44951796531677246
2026-02-08 12:00:00,1547.39,0.14092500000000002,0.4597824811935425
2026-02-08 13:00:00,1642.7,0.11308700000000001,0.3615110218524933
2026-02-08 14:00:00,1642.69,0.154891,0.3720608055591583
2026-02-08 15:00:00,1821.71,0.027763000000000003,0.37848544120788574
2026-02-08 16:00:00,2799.99,0.0005719999999999999,0.4005674421787262
2026-02-08 17:00:00,2900.0,0.0,0.4754082262516022
2026-02-08 18:00:00,3249.01,0.0,0.4965813457965851
2026-02-08 19:00:00,3400.0,0.0,0.5290745496749878
2026-02-08 20:00:00,3246.0,0.0,0.4859519600868225
2026-02-08 21:00:00,2848.01,0.0,0.4433407187461853
2026-02-08 22:00:00,2848.01,0.0,0.4315629005432129
2026-02-08 23:00:00,2848.0,0.0,0.39556407928466797
2026-02-09 00:00:00,2900.0,0.0,0.25197142362594604
2026-02-09 01:00:00,2827.99,0.0,0.21474774181842804
2026-02-09 02:00:00,2700.01,0.0,0.2038734257221222
2026-02-09 03:00:00,2156.0,0.0,0.19996678829193115
2026-02-09 04:00:00,1813.99,0.0,0.20199765264987946
2026-02-09 05:00:00,2250.0,0.0,0.20593547821044922
2026-02-09 06:00:00,2900.01,0.0,0.22857891023159027
2026-02-09 07:00:00,3300.01,0.0,0.3836110532283783
2026-02-09 08:00:00,3400.0,0.027859000000000002,0.45662400126457214
2026-02-09 09:00:00,3400.0,0.006859,0.41626468300819397
2026-02-09 10:00:00,3388.48,0.18368,0.449553906917572
2026-02-09 11:00:00,2789.69,0.169817,0.4692368805408478
2026-02-09 12:00:00,2698.0,0.24237999999999998,0.43063023686408997
2026-02-09 13:00:00,2699.99,0.467449,0.4295588433742523
2026-02-09 14:00:00,2649.99,0.255214,0.4112197458744049
2026-02-09 15:00:00,2649.98,0.061793999999999995,0.3410564363002777
2026-02-09 16:00:00,3199.0,0.0,0.42186811566352844
2026-02-09 17:00:00,3400.0,0.0,0.45815032720565796
2026-02-09 18:00:00,3400.0,0.0,0.523892879486084
2026-02-09 19:00:00,3199.0,0.0,0.532249391078949
2026-02-09 20:00:00,2599.01,0.0,0.5317426323890686
2026-02-09 21:00:00,2699.99,0.0,0.5049595236778259
2026-02-09 22:00:00,2710.11,0.0,0.5028773546218872
2026-02-09 23:00:00,2700.0,0.0,0.4380020201206207
2026-02-10 00:00:00,2880.01,0.0,0.26898396015167236
2026-02-10 01:00:00,2827.99,0.0,0.21534687280654907
2026-02-10 02:00:00,1799.98,0.0,0.21379391849040985
2026-02-10 03:00:00,1642.7,0.0,0.20465649664402008
2026-02-10 04:00:00,1642.69,0.0,0.20425055921077728
2026-02-10 05:00:00,1642.7,0.0,0.21004146337509155
2026-02-10 06:00:00,2400.0,0.0,0.23445755243301392
2026-02-10 07:00:00,2399.99,0.0,0.43851977586746216
2026-02-10 08:00:00,2876.0,0.04622,0.47530439496040344
2026-02-10 09:00:00,3400.0,1.6714,0.46466636657714844
2026-02-10 10:00:00,3140.0,1.010688,0.4668322801589966
2026-02-10 11:00:00,3104.5,2.4919789999999997,0.43675315380096436
2026-02-10 12:00:00,2697.0,1.889374,0.4225742220878601
2026-02-10 13:00:00,2834.1,2.495752,0.40564998984336853
2026-02-10 14:00:00,2923.24,2.160158,0.3984273076057434
2026-02-10 15:00:00,2649.98,1.5776199999999998,0.37230804562568665
2026-02-10 16:00:00,2695.01,0.269137,0.4352547824382782
2026-02-10 17:00:00,3370.01,0.0,0.5098194479942322
2026-02-10 18:00:00,3140.01,0.0,0.5327286124229431
2026-02-10 19:00:00,3064.19,0.0,0.5045793652534485
2026-02-10 20:00:00,2789.7,0.0,0.5285993218421936
2026-02-10 21:00:00,2984.01,0.0,0.49092501401901245
2026-02-10 22:00:00,2850.01,0.0,0.4755207896232605
2026-02-10 23:00:00,2875.99,0.0,0.4375992715358734
2026-02-11 00:00:00,2940.49,0.0,0.28789761662483215
2026-02-11 01:00:00,2789.7,0.0,0.2211482971906662
2026-02-11 02:00:00,2604.99,0.0,0.20719090104103088
2026-02-11 03:00:00,2399.01,0.0,0.21209537982940674
2026-02-11 04:00:00,2399.01,0.0,0.2062581330537796
2026-02-11 05:00:00,2694.0,0.0,0.2085028737783432
2026-02-11 06:00:00,3136.82,0.0,0.23414741456508636
2026-02-11 07:00:00,3400.0,0.0,0.4042152762413025
2026-02-11 08:00:00,3400.0,0.907528,0.4724653661251068
2026-02-11 09:00:00,3400.0,0.941315,0.46995043754577637
2026-02-11 10:00:00,3400.0,1.7635139999999998,0.44747233390808105
2026-02-11 11:00:00,3400.0,2.170137,0.3987793028354645
2026-02-11 12:00:00,2694.01,1.931355,0.43380144238471985
2026-02-11 13:00:00,2676.0,2.563249,0.4306486248970032
2026-02-11 14:00:00,2527.0,2.183268,0.3828585743904114
2026-02-11 15:00:00,2156.0,1.578448,0.365852952003479
2026-02-11 16:00:00,2215.01,0.248712,0.42787912487983704
2026-02-11 17:00:00,3400.0,0.0037029999999999997,0.5035481452941895
2026-02-11 18:00:00,3400.0,0.0,0.5246390700340271
2026-02-11 19:00:00,3239.01,0.0,0.5287449955940247
2026-02-11 20:00:00,2789.01,0.0,0.5601099729537964
2026-02-11 21:00:00,3059.01,0.0,0.49061042070388794
2026-02-11 22:00:00,2876.0,0.0,0.48583635687828064
2026-02-11 23:00:00,2000.01,0.0,0.4646877348423004
2026-02-12 00:00:00,2395.01,0.0,0.3233714699745178
2026-02-12 01:00:00,1799.98,0.0,0.2219470739364624
2026-02-12 02:00:00,1592.49,0.0,0.20767591893672943
2026-02-12 03:00:00,1599.99,0.0,0.20831385254859924
2026-02-12 04:00:00,1642.7,0.0,0.20928141474723816
2026-02-12 05:00:00,1642.7,0.0,0.21512936055660248
2026-02-12 06:00:00,1649.99,0.0,0.23986577987670898
2026-02-12 07:00:00,2521.0,0.0,0.40269044041633606
2026-02-12 08:00:00,2900.0,0.0,0.4768279194831848
2026-02-12 09:00:00,2898.01,0.6197440000000001,0.482276976108551
2026-02-12 10:00:00,2750.0,0.09251999999999999,0.4584610164165497
2026-02-12 11:00:00,3210.72,1.080644,0.4317503273487091
2026-02-12 12:00:00,2605.0,0.181112,0.4098956882953644
2026-02-12 13:00:00,2812.99,0.113815,0.44226938486099243
2026-02-12 14:00:00,3065.38,0.038564999999999995,0.41760721802711487
2026-02-12 15:00:00,3099.99,0.087825,0.38245052099227905
2026-02-12 16:00:00,3176.22,0.059292000000000004,0.41222378611564636
2026-02-12 17:00:00,2999.99,0.0,0.47071555256843567
2026-02-12 18:00:00,2699.98,0.0,0.5106577277183533
2026-02-12 19:00:00,2156.0,0.0,0.5147078037261963
2026-02-12 20:00:00,1599.99,0.0,0.5588763356208801
2026-02-12 21:00:00,1999.99,0.0,0.47855299711227417
2026-02-12 22:00:00,1600.0,0.0,0.4688299596309662
2026-02-12 23:00:00,1000.01,0.0,0.41760510206222534
2026-02-13 00:00:00,1449.99,0.0,0.28805238008499146
2026-02-13 01:00:00,1449.99,0.0,0.22253291308879852
2026-02-13 02:00:00,1001.01,0.0,0.20791663229465485
2026-02-13 03:00:00,1000.01,0.0,0.20724274218082428
2026-02-13 04:00:00,1100.01,0.0,0.20562885701656342
2026-02-13 05:00:00,1400.0,0.0,0.21668247878551483
2026-02-13 06:00:00,999.99,0.0,0.23746660351753235
2026-02-13 07:00:00,1642.7,0.0,0.3812204897403717
2026-02-13 08:00:00,2949.99,0.0,0.447581022977829
2026-02-13 09:00:00,3316.35,0.0010329999999999998,0.42770659923553467
2026-02-13 10:00:00,3375.01,0.02475,0.4790603220462799
2026-02-13 11:00:00,3098.01,0.042753,0.41644302010536194
2026-02-13 12:00:00,2875.99,0.08271200000000001,0.42568856477737427
2026-02-13 13:00:00,1999.0,0.061172,0.4166909456253052
2026-02-13 14:00:00,2849.01,0.210612,0.4153825342655182
2026-02-13 15:00:00,2570.11,0.083994,0.32879820466041565
2026-02-13 16:00:00,2949.99,0.0,0.3798695504665375
2026-02-13 17:00:00,3098.01,0.0,0.4357113540172577
2026-02-13 18:00:00,3130.0,0.0,0.49231138825416565
2026-02-13 19:00:00,3098.01,0.0,0.4847646653652191
2026-02-13 20:00:00,3098.0,0.0,0.5071137547492981
2026-02-13 21:00:00,3375.0,0.0,0.5001325607299805
2026-02-13 22:00:00,2244.0,0.0,0.4647517502307892
2026-02-13 23:00:00,1799.97,0.0,0.40848708152770996
2026-02-14 00:00:00,1699.99,0.0,0.29737749695777893
2026-02-14 01:00:00,1642.69,0.0,0.2316773533821106
2026-02-14 02:00:00,1642.7,0.0,0.21567264199256897
2026-02-14 03:00:00,1642.7,0.0,0.20551079511642456
2026-02-14 04:00:00,1642.69,0.0,0.2050059586763382
2026-02-14 05:00:00,1689.99,0.0,0.21040786802768707
2026-02-14 06:00:00,2560.0,0.0,0.22612938284873962
2026-02-14 07:00:00,2910.11,0.002366,0.2823091745376587
2026-02-14 08:00:00,3269.99,0.0,0.42178258299827576
2026-02-14 09:00:00,3098.01,0.09922700000000001,0.4553951323032379
2026-02-14 10:00:00,1980.0,0.766602,0.44666787981987
2026-02-14 11:00:00,1979.99,1.227041,0.4018254280090332
2026-02-14 12:00:00,1547.4,1.1538869999999999,0.39837777614593506
2026-02-14 13:00:00,1500.01,0.34935700000000003,0.3703742027282715
2026-02-14 14:00:00,1000.01,0.409866,0.39793363213539124
2026-02-14 15:00:00,299.99,0.14430500000000002,0.3775829076766968
2026-02-14 16:00:00,1799.98,0.02158,0.4162933826446533
2026-02-14 17:00:00,2784.01,0.002351,0.491467148065567
2026-02-14 18:00:00,3101.13,0.0,0.5203880071640015
2026-02-14 19:00:00,3375.0,0.0,0.5267828702926636
2026-02-14 20:00:00,2450.0,0.0,0.505111038684845
2026-02-14 21:00:00,3133.7,0.0,0.44993388652801514
2026-02-14 22:00:00,1689.99,0.0,0.43476182222366333
2026-02-14 23:00:00,700.01,0.0,0.428544819355011
2026-02-15 00:00:00,681.17,0.0,0.3002273440361023
2026-02-15 01:00:00,250.01,0.0,0.24587346613407135
2026-02-15 02:00:00,234.99,0.0,0.21505938470363617
2026-02-15 03:00:00,171.01,0.0,0.20447741448879242
2026-02-15 04:00:00,170.01,0.0,0.20320925116539001
2026-02-15 05:00:00,170.01,0.0,0.21156972646713257
2026-02-15 06:00:00,171.0,0.0,0.22153212130069733
2026-02-15 07:00:00,171.0,0.000756,0.2766542434692383
2026-02-15 08:00:00,50.01,0.0,0.413380891084671
2026-02-15 09:00:00,0.0,0.5174249999999999,0.4363984763622284
2026-02-15 10:00:00,0.0,0.16391,0.45945441722869873
2026-02-15 11:00:00,0.0,0.22000999999999998,0.44951796531677246
2026-02-15 12:00:00,0.0,0.204095,0.4597824811935425
2026-02-15 13:00:00,0.0,0.30244600000000005,0.3615110218524933
2026-02-15 14:00:00,0.0,0.042811,0.3720608055591583
2026-02-15 15:00:00,0.0,0.965424,0.37848544120788574
2026-02-15 16:00:00,0.0,0.045767,0.4005674421787262
2026-02-15 17:00:00,250.0,0.0,0.4754082262516022
2026-02-15 18:00:00,1642.69,0.0,0.4965813457965851
2026-02-15 19:00:00,1642.69,0.0,0.5290745496749878
2026-02-15 20:00:00,1000.68,0.0,0.4859519600868225
2026-02-15 21:00:00,500.01,0.0,0.4433407187461853
2026-02-15 22:00:00,100.0,0.0,0.4315629005432129
2026-02-15 23:00:00,9.9,0.0,0.39556407928466797
2026-02-16 00:00:00,0.0,0.0,0.25197142362594604
2026-02-16 01:00:00,0.0,0.0,0.21474774181842804
2026-02-16 02:00:00,0.0,0.0,0.2038734257221222
2026-02-16 03:00:00,0.0,0.0,0.19996678829193115
2026-02-16 04:00:00,0.0,0.0,0.20199765264987946
2026-02-16 05:00:00,0.0,0.0,0.20593547821044922
2026-02-16 06:00:00,170.0,0.0,0.22857891023159027
2026-02-16 07:00:00,272.0,0.0,0.3836110532283783
2026-02-16 08:00:00,3129.99,0.108939,0.45662400126457214
2026-02-16 09:00:00,2049.99,0.306008,0.41626468300819397
2026-02-16 10:00:00,999.99,0.8417680000000001,0.449553906917572
2026-02-16 11:00:00,235.0,0.990637,0.4692368805408478
2026-02-16 12:00:00,170.0,1.645151,0.43063023686408997
2026-02-16 13:00:00,171.0,0.882577,0.4295588433742523
2026-02-16 14:00:00,779.99,0.919137,0.4112197458744049
2026-02-16 15:00:00,1077.01,0.788471,0.3410564363002777
2026-02-16 16:00:00,1799.97,0.134519,0.42186811566352844
2026-02-16 17:00:00,3400.0,0.0,0.45815032720565796
2026-02-16 18:00:00,3370.01,0.0,0.523892879486084
2026-02-16 19:00:00,3179.28,0.0,0.532249391078949
2026-02-16 20:00:00,2867.39,0.0,0.5317426323890686
2026-02-16 21:00:00,2899.01,0.0,0.5049595236778259
2026-02-16 22:00:00,1000.0,0.0,0.5028773546218872
2026-02-16 23:00:00,235.0,0.0,0.4380020201206207
2026-02-17 00:00:00,780.0,0.0,0.26898396015167236
2026-02-17 01:00:00,700.01,0.0,0.21534687280654907
2026-02-17 02:00:00,616.98,0.0,0.21379391849040985
2026-02-17 03:00:00,312.0,0.0,0.20465649664402008
2026-02-17 04:00:00,272.0,0.0,0.20425055921077728
2026-02-17 05:00:00,299.25,0.0,0.21004146337509155
2026-02-17 06:00:00,700.01,0.0,0.23445755243301392
2026-02-17 07:00:00,1450.0,0.0,0.43851977586746216
2026-02-17 08:00:00,3098.0,0.000994,0.47530439496040344
2026-02-17 09:00:00,2000.0,0.24307900000000002,0.46466636657714844
2026-02-17 10:00:00,1213.48,1.040623,0.4668322801589966
2026-02-17 11:00:00,1642.69,2.580121,0.43675315380096436
2026-02-17 12:00:00,700.01,2.698066,0.4225742220878601
2026-02-17 13:00:00,1155.92,2.5619140000000002,0.40564998984336853
2026-02-17 14:00:00,1642.7,2.229079,0.3984273076057434
2026-02-17 15:00:00,1495.39,1.632193,0.37230804562568665
2026-02-17 16:00:00,1649.99,0.312875,0.4352547824382782
2026-02-17 17:00:00,2107.0,0.027181999999999998,0.5098194479942322
2026-02-17 18:00:00,2600.0,0.0,0.5327286124229431
2026-02-17 19:00:00,1649.99,0.0,0.5045793652534485
2026-02-17 20:00:00,1642.69,0.0,0.5285993218421936
2026-02-17 21:00:00,2501.0,0.0,0.49092501401901245
2026-02-17 22:00:00,999.99,0.0,0.4755207896232605
2026-02-17 23:00:00,500.0,0.0,0.4375992715358734
2026-02-18 00:00:00,600.0,0.0,0.28789761662483215
2026-02-18 01:00:00,500.01,0.0,0.2211482971906662
2026-02-18 02:00:00,330.27,0.0,0.20719090104103088
2026-02-18 03:00:00,235.01,0.0,0.21209537982940674
2026-02-18 04:00:00,234.99,0.0,0.2062581330537796
2026-02-18 05:00:00,235.01,0.0,0.2085028737783432
2026-02-18 06:00:00,700.0,0.0,0.23414741456508636
2026-02-18 07:00:00,1450.0,0.013000999999999999,0.4042152762413025
2026-02-18 08:00:00,1995.0,0.894463,0.4724653661251068
2026-02-18 09:00:00,2745.0,1.702267,0.46995043754577637
2026-02-18 10:00:00,2200.0,2.261826,0.44747233390808105
2026-02-18 11:00:00,2199.99,1.706052,0.3987793028354645
2026-02-18 12:00:00,1642.7,2.6291840000000004,0.43380144238471985
2026-02-18 13:00:00,2700.01,2.50847,0.4306486248970032
2026-02-18 14:00:00,3128.99,2.170486,0.3828585743904114
2026-02-18 15:00:00,3400.0,1.620695,0.365852952003479
2026-02-18 16:00:00,3349.98,0.831305,0.42787912487983704
2026-02-18 17:00:00,3140.0,0.019105,0.5035481452941895
2026-02-18 18:00:00,3375.01,0.0,0.5246390700340271
2026-02-18 19:00:00,3400.0,0.0,0.5287449955940247
2026-02-18 20:00:00,3094.33,0.0,0.5601099729537964
2026-02-18 21:00:00,2673.02,0.0,0.49061042070388794
2026-02-18 22:00:00,2698.0,0.0,0.48583635687828064
2026-02-18 23:00:00,1940.11,0.0,0.4646877348423004
2026-02-19 00:00:00,2900.0,0.0,0.3233714699745178
2026-02-19 01:00:00,2351.03,0.0,0.2219470739364624
2026-02-19 02:00:00,1799.97,0.0,0.20767591893672943
2026-02-19 03:00:00,1649.99,0.0,0.20831385254859924
2026-02-19 04:00:00,2744.99,0.0,0.20928141474723816
2026-02-19 05:00:00,3389.99,0.0,0.21512936055660248
2026-02-19 06:00:00,3400.0,0.0,0.23986577987670898
2026-02-19 07:00:00,3400.0,0.151974,0.40269044041633606
2026-02-19 08:00:00,3400.0,1.034254,0.4768279194831848
2026-02-19 09:00:00,3400.0,1.85255,0.482276976108551
2026-02-19 10:00:00,1512.63,2.420675,0.4584610164165497
2026-02-19 11:00:00,500.0,1.759503,0.4317503273487091
2026-02-19 12:00:00,1277.01,2.764055,0.4098956882953644
2026-02-19 13:00:00,999.99,2.627101,0.44226938486099243
2026-02-19 14:00:00,317.41,2.259689,0.41760721802711487
2026-02-19 15:00:00,499.99,1.684538,0.38245052099227905
2026-02-19 16:00:00,1799.98,0.87788,0.41222378611564636
2026-02-19 17:00:00,3400.0,0.070769,0.47071555256843567
2026-02-19 18:00:00,3400.0,0.0,0.5106577277183533
2026-02-19 19:00:00,3400.0,0.0,0.5147078037261963
2026-02-19 20:00:00,3296.89,0.0,0.5588763356208801
2026-02-19 21:00:00,2899.01,0.0,0.47855299711227417
2026-02-19 22:00:00,2545.0,0.0,0.4688299596309662
2026-02-19 23:00:00,1642.69,0.0,0.41760510206222534
2026-02-20 00:00:00,1750.0,0.0,0.28805238008499146
2026-02-20 01:00:00,1649.99,0.0,0.22253291308879852
2026-02-20 02:00:00,1294.01,0.0,0.20791663229465485
2026-02-20 03:00:00,1294.0,0.0,0.20724274218082428
2026-02-20 04:00:00,1549.01,0.0,0.20562885701656342
2026-02-20 05:00:00,1649.99,0.0,0.21668247878551483
2026-02-20 06:00:00,1600.0,0.0,0.23746660351753235
2026-02-20 07:00:00,1420.0,0.165823,0.3812204897403717
2026-02-20 08:00:00,2000.0,0.0039030000000000002,0.447581022977829
2026-02-20 09:00:00,1294.0,0.193113,0.42770659923553467
2026-02-20 10:00:00,171.9,1.1139670000000002,0.4790603220462799
2026-02-20 11:00:00,50.0,2.722637,0.41644302010536194
2026-02-20 12:00:00,0.0,2.812081,0.42568856477737427
2026-02-20 13:00:00,0.0,2.649427,0.4166909456253052
2026-02-20 14:00:00,0.0,2.278189,0.4153825342655182
2026-02-20 15:00:00,170.0,1.6856900000000001,0.32879820466041565
2026-02-20 16:00:00,201.01,0.868254,0.3798695504665375
2026-02-20 17:00:00,1699.99,0.07169400000000001,0.4357113540172577
2026-02-20 18:00:00,3300.0,0.0,0.49231138825416565
2026-02-20 19:00:00,2000.01,0.0,0.4847646653652191
2026-02-20 20:00:00,2900.0,0.0,0.5071137547492981
2026-02-20 21:00:00,2999.0,0.0,0.5001325607299805
2026-02-20 22:00:00,1349.99,0.0,0.4647517502307892
2026-02-20 23:00:00,779.99,0.0,0.40848708152770996
2026-02-21 00:00:00,1499.99,0.0,0.29737749695777893
2026-02-21 01:00:00,1446.4,0.0,0.2316773533821106
2026-02-21 02:00:00,1446.4,0.0,0.21567264199256897
2026-02-21 03:00:00,1270.12,0.0,0.20551079511642456
2026-02-21 04:00:00,1699.98,0.0,0.2050059586763382
2026-02-21 05:00:00,1892.98,0.0,0.21040786802768707
2026-02-21 06:00:00,1892.98,0.0,0.22612938284873962
2026-02-21 07:00:00,1599.98,0.013858,0.2823091745376587
2026-02-21 08:00:00,1699.98,0.030783,0.42178258299827576
2026-02-21 09:00:00,1446.39,0.135364,0.4553951323032379
2026-02-21 10:00:00,287.0,0.975712,0.44666787981987
2026-02-21 11:00:00,200.0,0.672606,0.4018254280090332
2026-02-21 12:00:00,171.01,1.734866,0.39837777614593506
2026-02-21 13:00:00,181.0,2.427383,0.3703742027282715
2026-02-21 14:00:00,240.0,1.006461,0.39793363213539124
2026-02-21 15:00:00,854.0,1.4112799999999999,0.3775829076766968
2026-02-21 16:00:00,1001.0,0.40075099999999997,0.4162933826446533
2026-02-21 17:00:00,2350.01,0.024919,0.491467148065567
2026-02-21 18:00:00,3245.99,0.0,0.5203880071640015
2026-02-21 19:00:00,2999.93,0.0,0.5267828702926636
2026-02-21 20:00:00,2999.93,0.0,0.505111038684845
2026-02-21 21:00:00,2499.99,0.0,0.44993388652801514
2026-02-21 22:00:00,1699.98,0.0,0.43476182222366333
2026-02-21 23:00:00,1200.0,0.0,0.428544819355011
2026-02-22 00:00:00,1600.01,0.0,0.3002273440361023
2026-02-22 01:00:00,1446.4,0.0,0.24587346613407135
2026-02-22 02:00:00,1418.0,0.0,0.21505938470363617
2026-02-22 03:00:00,1201.01,0.0,0.20447741448879242
2026-02-22 04:00:00,1599.98,0.0,0.20320925116539001
2026-02-22 05:00:00,1740.09,0.0,0.21156972646713257
2026-02-22 06:00:00,1599.99,0.0,0.22153212130069733
2026-02-22 07:00:00,699.99,0.025596,0.2766542434692383
2026-02-22 08:00:00,230.9,0.009817,0.413380891084671
2026-02-22 09:00:00,170.01,0.257547,0.4363984763622284
2026-02-22 10:00:00,8.42,0.979577,0.45945441722869873
2026-02-22 11:00:00,0.0,1.23975,0.44951796531677246
2026-02-22 12:00:00,0.0,1.85537,0.4597824811935425
2026-02-22 13:00:00,0.0,1.741213,0.3615110218524933
2026-02-22 14:00:00,24.64,1.3761880000000002,0.3720608055591583
2026-02-22 15:00:00,170.4,0.8609,0.37848544120788574
2026-02-22 16:00:00,260.01,0.160319,0.4005674421787262
2026-02-22 17:00:00,1740.1,0.0,0.4754082262516022
2026-02-22 18:00:00,2700.0,0.0,0.4965813457965851
2026-02-22 19:00:00,2350.01,0.0,0.5290745496749878
2026-02-22 20:00:00,2200.0,0.0,0.4859519600868225
2026-02-22 21:00:00,2876.0,0.0,0.4433407187461853
2026-02-22 22:00:00,1050.0,0.0,0.4315629005432129
2026-02-22 23:00:00,780.0,0.0,0.39556407928466797
2026-02-23 00:00:00,1599.99,0.0,0.25197142362594604
2026-02-23 01:00:00,1599.98,0.0,0.21474774181842804
2026-02-23 02:00:00,1446.4,0.0,0.2038734257221222
2026-02-23 03:00:00,1000.01,0.0,0.19996678829193115
2026-02-23 04:00:00,1740.09,0.0,0.20199765264987946
2026-02-23 05:00:00,1989.99,0.0,0.20593547821044922
2026-02-23 06:00:00,2190.01,0.0,0.22857891023159027
2026-02-23 07:00:00,1740.09,0.0,0.3836110532283783
2026-02-23 08:00:00,3375.0,0.0041849999999999995,0.45662400126457214
2026-02-23 09:00:00,2200.0,0.106783,0.41626468300819397
2026-02-23 10:00:00,1740.1,0.124909,0.449553906917572
2026-02-23 11:00:00,1499.99,0.291802,0.4692368805408478
2026-02-23 12:00:00,1500.0,0.44376299999999996,0.43063023686408997
2026-02-23 13:00:00,1740.09,0.31587,0.4295588433742523
2026-02-23 14:00:00,1263.63,0.425782,0.4112197458744049
2026-02-23 15:00:00,1446.4,0.436721,0.3410564363002777
2026-02-23 16:00:00,1990.0,0.059527000000000004,0.42186811566352844
2026-02-23 17:00:00,3370.01,0.002018,0.45815032720565796
2026-02-23 18:00:00,3400.0,0.0,0.523892879486084
2026-02-23 19:00:00,3400.0,0.0,0.532249391078949
2026-02-23 20:00:00,3370.0,0.0,0.5317426323890686
2026-02-23 21:00:00,3051.0,0.0,0.5049595236778259
2026-02-23 22:00:00,2999.0,0.0,0.5028773546218872
2026-02-23 23:00:00,2797.0,0.0,0.4380020201206207
2026-02-24 00:00:00,2994.0,0.0,0.26898396015167236
2026-02-24 01:00:00,2999.92,0.0,0.21534687280654907
2026-02-24 02:00:00,2599.99,0.0,0.21379391849040985
2026-02-24 03:00:00,2000.53,0.0,0.20465649664402008
2026-02-24 04:00:00,3298.0,0.0,0.20425055921077728
2026-02-24 05:00:00,3400.0,0.0,0.21004146337509155
2026-02-24 06:00:00,3400.0,0.0,0.23445755243301392
2026-02-24 07:00:00,1990.0,0.09689199999999999,0.43851977586746216
2026-02-24 08:00:00,3130.0,0.0,0.47530439496040344
2026-02-24 09:00:00,1740.1,0.135471,0.46466636657714844
2026-02-24 10:00:00,995.0,0.490271,0.4668322801589966
2026-02-24 11:00:00,1375.0,0.41176799999999997,0.43675315380096436
2026-02-24 12:00:00,501.3,0.45564699999999997,0.4225742220878601
2026-02-24 13:00:00,700.0,0.229583,0.40564998984336853
2026-02-24 14:00:00,900.0,0.058951,0.3984273076057434
2026-02-24 15:00:00,235.0,1.387626,0.37230804562568665
2026-02-24 16:00:00,1740.09,0.726366,0.4352547824382782
2026-02-24 17:00:00,2573.0,0.055533,0.5098194479942322
2026-02-24 18:00:00,3400.0,0.0,0.5327286124229431
2026-02-24 19:00:00,3400.0,0.0,0.5045793652534485
2026-02-24 20:00:00,3298.01,0.0,0.5285993218421936
2026-02-24 21:00:00,2700.0,0.0,0.49092501401901245
2026-02-24 22:00:00,2698.01,0.0,0.4755207896232605
2026-02-24 23:00:00,2451.0,0.0,0.4375992715358734
2026-02-25 00:00:00,2000.0,0.0,0.28789761662483215
2026-02-25 01:00:00,2489.0,0.0,0.2211482971906662
2026-02-25 02:00:00,1739.98,0.0,0.20719090104103088
2026-02-25 03:00:00,1699.98,0.0,0.21209537982940674
2026-02-25 04:00:00,1739.98,0.0,0.2062581330537796
2026-02-25 05:00:00,2199.99,0.0,0.2085028737783432
2026-02-25 06:00:00,1739.98,0.0,0.23414741456508636
2026-02-25 07:00:00,1442.39,0.142814,0.4042152762413025
2026-02-25 08:00:00,3129.99,0.006974,0.4724653661251068
2026-02-25 09:00:00,2798.0,0.027785,0.46995043754577637
2026-02-25 10:00:00,2500.99,0.048585,0.44747233390808105
2026-02-25 11:00:00,2500.99,0.063471,0.3987793028354645
2026-02-25 12:00:00,2900.0,0.069518,0.43380144238471985
2026-02-25 13:00:00,3225.01,0.063681,0.4306486248970032
2026-02-25 14:00:00,3288.48,0.051942999999999996,0.3828585743904114
2026-02-25 15:00:00,2999.92,1.6754559999999998,0.365852952003479
2026-02-25 16:00:00,3288.48,0.012864,0.42787912487983704
2026-02-25 17:00:00,3000.0,0.0,0.5035481452941895
2026-02-25 18:00:00,3246.0,0.0,0.5246390700340271
2026-02-25 19:00:00,3375.0,0.0,0.5287449955940247
2026-02-25 20:00:00,3000.0,0.0,0.5601099729537964
2026-02-25 21:00:00,2798.0,0.0,0.49061042070388794
2026-02-25 22:00:00,1990.0,0.0,0.48583635687828064
2026-02-25 23:00:00,1984.0,0.0,0.4646877348423004
2026-02-26 00:00:00,2000.01,0.0,0.3233714699745178
2026-02-26 01:00:00,1940.1,0.0,0.2219470739364624
2026-02-26 02:00:00,1739.98,0.0,0.20767591893672943
2026-02-26 03:00:00,1549.0,0.0,0.20831385254859924
2026-02-26 04:00:00,2047.6,0.0,0.20928141474723816
2026-02-26 05:00:00,2498.0,0.0,0.21512936055660248
2026-02-26 06:00:00,2489.6,0.0,0.23986577987670898
2026-02-26 07:00:00,2000.0,0.302284,0.40269044041633606
2026-02-26 08:00:00,3250.01,1.251592,0.4768279194831848
2026-02-26 09:00:00,1794.01,2.0482359999999997,0.482276976108551
2026-02-26 10:00:00,1000.0,2.579065,0.4584610164165497
2026-02-26 11:00:00,1675.0,2.801681,0.4317503273487091
2026-02-26 12:00:00,700.0,2.8586,0.4098956882953644
2026-02-26 13:00:00,1000.0,2.710338,0.44226938486099243
2026-02-26 14:00:00,1200.01,2.342249,0.41760721802711487
2026-02-26 15:00:00,1000.01,1.756056,0.38245052099227905
2026-02-26 16:00:00,1000.01,0.9424450000000001,0.41222378611564636
2026-02-26 17:00:00,2000.0,0.108499,0.47071555256843567
2026-02-26 18:00:00,1549.01,0.0,0.5106577277183533
2026-02-26 19:00:00,1739.97,0.0,0.5147078037261963
2026-02-26 20:00:00,1739.98,0.0,0.5588763356208801
2026-02-26 21:00:00,2143.99,0.0,0.47855299711227417
2026-02-26 22:00:00,1300.0,0.0,0.4688299596309662
2026-02-26 23:00:00,900.0,0.0,0.41760510206222534
2026-02-27 00:00:00,1500.0,0.0,0.28805238008499146
2026-02-27 01:00:00,1739.97,0.0,0.22253291308879852
2026-02-27 02:00:00,1549.01,0.0,0.20791663229465485
2026-02-27 03:00:00,1450.0,0.0,0.20724274218082428
2026-02-27 04:00:00,1500.0,0.0,0.20562885701656342
2026-02-27 05:00:00,1990.0,0.0,0.21668247878551483
2026-02-27 06:00:00,1739.97,0.0,0.23746660351753235
2026-02-27 07:00:00,999.11,0.00051,0.3812204897403717
2026-02-27 08:00:00,2468.0,0.257184,0.447581022977829
2026-02-27 09:00:00,1739.97,0.613279,0.42770659923553467
2026-02-27 10:00:00,1263.64,0.889163,0.4790603220462799
2026-02-27 11:00:00,1739.97,0.17619200000000002,0.41644302010536194
2026-02-27 12:00:00,1200.01,1.0588710000000001,0.42568856477737427
2026-02-27 13:00:00,999.1,0.743816,0.4166909456253052
2026-02-27 14:00:00,1850.0,0.525187,0.4153825342655182
2026-02-27 15:00:00,1300.0,0.058851999999999995,0.32879820466041565
2026-02-27 16:00:00,1300.0,0.071447,0.3798695504665375
2026-02-27 17:00:00,1794.0,0.0,0.4357113540172577
2026-02-27 18:00:00,2468.0,0.0,0.49231138825416565
2026-02-27 19:00:00,2468.0,0.0,0.4847646653652191
2026-02-27 20:00:00,2468.01,0.0,0.5071137547492981
2026-02-27 21:00:00,1989.99,0.0,0.5001325607299805
2026-02-27 22:00:00,1649.99,0.0,0.4647517502307892
2026-02-27 23:00:00,1494.0,0.0,0.40848708152770996
2026-02-28 00:00:00,1739.98,0.0,0.29737749695777893
2026-02-28 01:00:00,1639.99,0.0,0.2316773533821106
2026-02-28 02:00:00,1450.0,0.0,0.21567264199256897
2026-02-28 03:00:00,1484.0,0.0,0.20551079511642456
2026-02-28 04:00:00,1600.01,0.0,0.2050059586763382
2026-02-28 05:00:00,1739.98,0.0,0.21040786802768707
2026-02-28 06:00:00,1739.98,0.0,0.22612938284873962
2026-02-28 07:00:00,1450.0,0.048152,0.2823091745376587
2026-02-28 08:00:00,1449.99,0.016064,0.42178258299827576
2026-02-28 09:00:00,1199.99,0.26560199999999995,0.4553951323032379
2026-02-28 10:00:00,1437.39,2.593884,0.44666787981987
2026-02-28 11:00:00,675.1,0.6309400000000001,0.4018254280090332
2026-02-28 12:00:00,499.99,2.026306,0.39837777614593506
2026-02-28 13:00:00,675.11,1.934125,0.3703742027282715
2026-02-28 14:00:00,1449.99,2.415674,0.39793363213539124
2026-02-28 15:00:00,899.99,1.8320029999999998,0.3775829076766968
2026-02-28 16:00:00,1201.0,0.574232,0.4162933826446533
2026-02-28 17:00:00,1739.98,0.029033999999999997,0.491467148065567
2026-02-28 18:00:00,1739.98,0.0,0.5203880071640015
2026-02-28 19:00:00,1997.01,0.0,0.5267828702926636
2026-02-28 20:00:00,2000.01,0.0,0.505111038684845
2026-02-28 21:00:00,1997.0,0.0,0.44993388652801514
2026-02-28 22:00:00,1639.99,0.0,0.43476182222366333
2026-02-28 23:00:00,1600.0,0.0,0.428544819355011
2026-03-01 00:00:00,1650.0,0.0,0.3002273440361023
2026-03-01 01:00:00,1417.4,0.0,0.24587346613407135
2026-03-01 02:00:00,1417.39,0.0,0.21505938470363617
2026-03-01 03:00:00,1400.0,0.0,0.20447741448879242
2026-03-01 04:00:00,1650.01,0.0,0.20320925116539001
2026-03-01 05:00:00,1899.99,0.0,0.21156972646713257
2026-03-01 06:00:00,1989.99,0.0,0.22153212130069733
2026-03-01 07:00:00,1449.99,0.15643600000000002,0.2766542434692383
2026-03-01 08:00:00,250.0,0.890235,0.413380891084671
2026-03-01 09:00:00,50.0,0.464078,0.4363984763622284
2026-03-01 10:00:00,0.0,0.786409,0.45945441722869873
2026-03-01 11:00:00,0.0,1.338809,0.44951796531677246
2026-03-01 12:00:00,0.0,2.8254259999999998,0.4597824811935425
2026-03-01 13:00:00,0.0,1.42653,0.3615110218524933
2026-03-01 14:00:00,0.0,2.2421819999999997,0.3720608055591583
2026-03-01 15:00:00,164.9,1.671551,0.37848544120788574
2026-03-01 16:00:00,300.0,0.476034,0.4005674421787262
2026-03-01 17:00:00,1300.0,0.004774,0.4754082262516022
2026-03-01 18:00:00,1800.01,0.0,0.4965813457965851
2026-03-01 19:00:00,1989.99,0.0,0.5290745496749878
2026-03-01 20:00:00,1989.99,0.0,0.4859519600868225
2026-03-01 21:00:00,1739.98,0.0,0.4433407187461853
2026-03-01 22:00:00,1639.99,0.0,0.4315629005432129
2026-03-01 23:00:00,1639.98,0.0,0.39556407928466797
2026-03-02 00:00:00,1739.97,0.0,0.25197142362594604
2026-03-02 01:00:00,1650.0,0.0,0.21474774181842804
2026-03-02 02:00:00,1485.0,0.0,0.2038734257221222
2026-03-02 03:00:00,1409.4,0.0,0.19996678829193115
2026-03-02 04:00:00,1499.99,0.0,0.20199765264987946
2026-03-02 05:00:00,1900.0,0.0,0.20593547821044922
2026-03-02 06:00:00,1500.0,0.0,0.22857891023159027
2026-03-02 07:00:00,1400.0,0.037737,0.3836110532283783
2026-03-02 08:00:00,2489.61,0.140528,0.45662400126457214
2026-03-02 09:00:00,1450.0,0.664712,0.41626468300819397
2026-03-02 10:00:00,1000.0,0.248668,0.449553906917572
2026-03-02 11:00:00,1449.99,0.232544,0.4692368805408478
2026-03-02 12:00:00,800.01,0.8673150000000001,0.43063023686408997
2026-03-02 13:00:00,1201.01,1.0783209999999999,0.4295588433742523
2026-03-02 14:00:00,1499.99,0.015014,0.4112197458744049
2026-03-02 15:00:00,1000.0,0.063759,0.3410564363002777
2026-03-02 16:00:00,1450.0,0.009538,0.42186811566352844
2026-03-02 17:00:00,2920.67,0.0,0.45815032720565796
2026-03-02 18:00:00,3400.0,0.0,0.523892879486084
2026-03-02 19:00:00,3400.0,0.0,0.532249391078949
2026-03-02 20:00:00,3400.0,0.0,0.5317426323890686
2026-03-02 21:00:00,3288.48,0.0,0.5049595236778259
2026-03-02 22:00:00,2944.01,0.0,0.5028773546218872
2026-03-02 23:00:00,3009.07,0.0,0.4380020201206207
2026-03-03 00:00:00,2603.64,0.0,0.26898396015167236
2026-03-03 01:00:00,2124.99,0.0,0.21534687280654907
2026-03-03 02:00:00,2550.0,0.0,0.21379391849040985
2026-03-03 03:00:00,2598.01,0.0,0.20465649664402008
2026-03-03 04:00:00,3200.0,0.0,0.20425055921077728
2026-03-03 05:00:00,3400.0,0.0,0.21004146337509155
2026-03-03 06:00:00,3130.0,0.0,0.23445755243301392
2026-03-03 07:00:00,2500.01,0.0,0.43851977586746216
2026-03-03 08:00:00,2599.0,0.15507300000000002,0.47530439496040344
2026-03-03 09:00:00,1999.99,1.717455,0.46466636657714844
2026-03-03 10:00:00,1399.99,2.230703,0.4668322801589966
2026-03-03 11:00:00,1445.4,1.84152,0.43675315380096436
2026-03-03 12:00:00,999.99,2.092323,0.4225742220878601
2026-03-03 13:00:00,1099.99,1.861219,0.40564998984336853
2026-03-03 14:00:00,1739.97,1.585817,0.3984273076057434
2026-03-03 15:00:00,1400.0,1.12789,0.37230804562568665
2026-03-03 16:00:00,1989.99,0.581071,0.4352547824382782
2026-03-03 17:00:00,2849.01,0.002629,0.5098194479942322
2026-03-03 18:00:00,3271.57,0.0,0.5327286124229431
2026-03-03 19:00:00,3300.0,0.0,0.5045793652534485
2026-03-03 20:00:00,3288.48,0.0,0.5285993218421936
2026-03-03 21:00:00,2799.99,0.0,0.49092501401901245
2026-03-03 22:00:00,2434.0,0.0,0.4755207896232605
2026-03-03 23:00:00,1739.98,0.0,0.4375992715358734
2026-03-04 00:00:00,1999.97,0.0,0.28789761662483215
2026-03-04 01:00:00,1800.01,0.0,0.2211482971906662
2026-03-04 02:00:00,1501.0,0.0,0.20719090104103088
2026-03-04 03:00:00,1501.0,0.0,0.21209537982940674
2026-03-04 04:00:00,1575.69,0.0,0.2062581330537796
2026-03-04 05:00:00,1849.99,0.0,0.2085028737783432
2026-03-04 06:00:00,1744.0,0.0,0.23414741456508636
2026-03-04 07:00:00,1050.0,0.34892399999999996,0.4042152762413025
2026-03-04 08:00:00,2000.0,1.266408,0.4724653661251068
2026-03-04 09:00:00,1501.0,2.045302,0.46995043754577637
2026-03-04 10:00:00,1554.11,2.59502,0.44747233390808105
2026-03-04 11:00:00,1800.0,2.181205,0.3987793028354645
2026-03-04 12:00:00,1199.99,2.37705,0.43380144238471985
2026-03-04 13:00:00,1475.0,2.827077,0.4306486248970032
2026-03-04 14:00:00,1300.01,2.483887,0.3828585743904114
2026-03-04 15:00:00,700.01,1.2838669999999999,0.365852952003479
2026-03-04 16:00:00,675.11,1.1096,0.42787912487983704
2026-03-04 17:00:00,1800.01,0.146424,0.5035481452941895
2026-03-04 18:00:00,2600.0,0.0,0.5246390700340271
2026-03-04 19:00:00,2600.01,0.0,0.5287449955940247
2026-03-04 20:00:00,3246.0,0.0,0.5601099729537964
2026-03-04 21:00:00,2790.0,0.0,0.49061042070388794
2026-03-04 22:00:00,2775.0,0.0,0.48583635687828064
2026-03-04 23:00:00,2600.01,0.0,0.4646877348423004
2026-03-05 00:00:00,1849.98,0.0,0.3233714699745178
2026-03-05 01:00:00,1940.11,0.0,0.2219470739364624
2026-03-05 02:00:00,1849.99,0.0,0.20767591893672943
2026-03-05 03:00:00,1744.0,0.0,0.20831385254859924
2026-03-05 04:00:00,2789.7,0.0,0.20928141474723816
2026-03-05 05:00:00,3249.99,0.0,0.21512936055660248
2026-03-05 06:00:00,2999.0,0.0,0.23986577987670898
2026-03-05 07:00:00,2598.0,0.491074,0.40269044041633606
2026-03-05 08:00:00,2700.0,1.463828,0.4768279194831848
2026-03-05 09:00:00,1499.99,2.2004520000000003,0.482276976108551
2026-03-05 10:00:00,799.99,2.7086390000000002,0.4584610164165497
2026-03-05 11:00:00,1400.0,2.2278000000000002,0.4317503273487091
2026-03-05 12:00:00,1250.0,2.4410410000000002,0.4098956882953644
2026-03-05 13:00:00,1600.01,2.847369,0.44226938486099243
2026-03-05 14:00:00,1499.99,2.47059,0.41760721802711487
2026-03-05 15:00:00,800.01,1.301136,0.38245052099227905
2026-03-05 16:00:00,1743.98,0.7016100000000001,0.41222378611564636
2026-03-05 17:00:00,2697.0,0.188974,0.47071555256843567
2026-03-05 18:00:00,3400.0,0.0,0.5106577277183533
2026-03-05 19:00:00,3400.0,0.0,0.5147078037261963
2026-03-05 20:00:00,3400.0,0.0,0.5588763356208801
2026-03-05 21:00:00,3100.0,0.0,0.47855299711227417
2026-03-05 22:00:00,2999.99,0.0,0.4688299596309662
2026-03-05 23:00:00,2790.0,0.0,0.41760510206222534
2026-03-06 00:00:00,2790.01,0.0,0.28805238008499146
2026-03-06 01:00:00,2600.01,0.0,0.22253291308879852
2026-03-06 02:00:00,2598.01,0.0,0.20791663229465485
2026-03-06 03:00:00,2598.01,0.0,0.20724274218082428
2026-03-06 04:00:00,3199.99,0.0,0.20562885701656342
2026-03-06 05:00:00,3375.0,0.0,0.21668247878551483
2026-03-06 06:00:00,3199.99,0.0,0.23746660351753235
2026-03-06 07:00:00,1900.0,0.014725,0.3812204897403717
2026-03-06 08:00:00,3400.0,0.917044,0.447581022977829
2026-03-06 09:00:00,3400.0,2.092753,0.42770659923553467
2026-03-06 10:00:00,3288.48,2.1725,0.4790603220462799
2026-03-06 11:00:00,3325.0,2.379372,0.41644302010536194
2026-03-06 12:00:00,1743.98,2.036683,0.42568856477737427
2026-03-06 13:00:00,1399.99,1.846923,0.4166909456253052
2026-03-06 14:00:00,2347.7,1.588794,0.4153825342655182
2026-03-06 15:00:00,1743.99,1.316122,0.32879820466041565
2026-03-06 16:00:00,1849.99,0.202848,0.3798695504665375
2026-03-06 17:00:00,2000.01,0.052055,0.4357113540172577
2026-03-06 18:00:00,3400.0,0.0,0.49231138825416565
2026-03-06 19:00:00,3288.47,0.0,0.4847646653652191
2026-03-06 20:00:00,3396.88,0.0,0.5071137547492981
2026-03-06 21:00:00,2999.99,0.0,0.5001325607299805
2026-03-06 22:00:00,1999.01,0.0,0.4647517502307892
2026-03-06 23:00:00,1499.99,0.0,0.40848708152770996
2026-03-07 00:00:00,2000.0,0.0,0.29737749695777893
2026-03-07 01:00:00,1744.01,0.0,0.2316773533821106
2026-03-07 02:00:00,1485.0,0.0,0.21567264199256897
2026-03-07 03:00:00,1499.99,0.0,0.20551079511642456
2026-03-07 04:00:00,1723.2,0.0,0.2050059586763382
2026-03-07 05:00:00,2199.99,0.0,0.21040786802768707
2026-03-07 06:00:00,2143.99,0.0,0.22612938284873962
2026-03-07 07:00:00,1743.98,0.400745,0.2823091745376587
2026-03-07 08:00:00,1000.01,0.503051,0.42178258299827576
2026-03-07 09:00:00,200.01,1.074309,0.4553951323032379
2026-03-07 10:00:00,170.39,2.544074,0.44666787981987
2026-03-07 11:00:00,170.4,2.841138,0.4018254280090332
2026-03-07 12:00:00,100.0,2.9049810000000003,0.39837777614593506
2026-03-07 13:00:00,140.0,2.3294070000000002,0.3703742027282715
2026-03-07 14:00:00,164.9,2.338433,0.39793363213539124
2026-03-07 15:00:00,160.0,1.2360499999999999,0.3775829076766968
2026-03-07 16:00:00,170.4,1.018291,0.4162933826446533
2026-03-07 17:00:00,1429.01,0.231852,0.491467148065567
2026-03-07 18:00:00,2200.0,0.0,0.5203880071640015
2026-03-07 19:00:00,2399.99,0.0,0.5267828702926636
2026-03-07 20:00:00,2900.0,0.0,0.505111038684845
2026-03-07 21:00:00,2510.1,0.0,0.44993388652801514
2026-03-07 22:00:00,1744.01,0.0,0.43476182222366333
2026-03-07 23:00:00,1695.99,0.0,0.428544819355011
2026-03-08 00:00:00,2200.0,0.0,0.3002273440361023
2026-03-08 01:00:00,1956.31,0.0,0.24587346613407135
2026-03-08 02:00:00,1500.0,0.0,0.21505938470363617
2026-03-08 03:00:00,1500.01,0.0,0.20447741448879242
2026-03-08 04:00:00,2199.99,0.0,0.20320925116539001
2026-03-08 05:00:00,2548.8,0.0,0.21156972646713257
2026-03-08 06:00:00,2675.99,0.0,0.22153212130069733
2026-03-08 07:00:00,1923.0,0.050014,0.2766542434692383
2026-03-08 08:00:00,300.0,0.939237,0.413380891084671
2026-03-08 09:00:00,0.0,1.503734,0.4363984763622284
2026-03-08 10:00:00,0.0,1.4167159999999999,0.45945441722869873
2026-03-08 11:00:00,0.0,2.700681,0.44951796531677246
2026-03-08 12:00:00,0.0,2.771512,0.4597824811935425
2026-03-08 13:00:00,0.0,1.65859,0.3615110218524933
2026-03-08 14:00:00,0.0,0.518711,0.3720608055591583
2026-03-08 15:00:00,0.0,0.306559,0.37848544120788574
2026-03-08 16:00:00,164.9,0.535713,0.4005674421787262
2026-03-08 17:00:00,1000.0,0.043576000000000004,0.4754082262516022
2026-03-08 18:00:00,1999.01,0.0,0.4965813457965851
2026-03-08 19:00:00,2300.0,0.0,0.5290745496749878
2026-03-08 20:00:00,2400.0,0.0,0.4859519600868225
2026-03-08 21:00:00,2400.0,0.0,0.4433407187461853
2026-03-08 22:00:00,1275.0,0.0,0.4315629005432129
2026-03-08 23:00:00,1000.0,0.0,0.39556407928466797
2026-03-09 00:00:00,1700.01,0.0,0.25197142362594604
2026-03-09 01:00:00,1399.01,0.0,0.21474774181842804
2026-03-09 02:00:00,1000.01,0.0,0.2038734257221222
2026-03-09 03:00:00,1200.0,0.0,0.19996678829193115
2026-03-09 04:00:00,1650.01,0.0,0.20199765264987946
2026-03-09 05:00:00,1723.19,0.0,0.20593547821044922
2026-03-09 06:00:00,1429.01,0.0,0.22857891023159027
2026-03-09 07:00:00,1000.0,0.0006360000000000001,0.3836110532283783
2026-03-09 08:00:00,1849.98,0.036552999999999995,0.45662400126457214
2026-03-09 09:00:00,1400.0,0.020969,0.41626468300819397
2026-03-09 10:00:00,249.99,1.345692,0.449553906917572
2026-03-09 11:00:00,201.0,1.570939,0.4692368805408478
2026-03-09 12:00:00,170.01,0.202222,0.43063023686408997
2026-03-09 13:00:00,171.0,0.674966,0.4295588433742523
2026-03-09 14:00:00,179.01,1.080965,0.4112197458744049
2026-03-09 15:00:00,200.01,0.36458100000000004,0.3410564363002777
2026-03-09 16:00:00,901.01,0.048804,0.42186811566352844
2026-03-09 17:00:00,2399.99,0.026143,0.45815032720565796
2026-03-09 18:00:00,3200.0,0.0,0.523892879486084
2026-03-09 19:00:00,2900.0,0.0,0.532249391078949
2026-03-09 20:00:00,3400.0,0.0,0.5317426323890686
2026-03-09 21:00:00,3200.0,0.0,0.5049595236778259
2026-03-09 22:00:00,2900.0,0.0,0.5028773546218872
2026-03-09 23:00:00,2399.99,0.0,0.4380020201206207
2026-03-10 00:00:00,1990.0,0.0,0.26898396015167236
2026-03-10 01:00:00,1723.18,0.0,0.21534687280654907
2026-03-10 02:00:00,1723.18,0.0,0.21379391849040985
2026-03-10 03:00:00,1723.2,0.0,0.20465649664402008
2026-03-10 04:00:00,2895.02,0.0,0.20425055921077728
2026-03-10 05:00:00,3288.48,0.0,0.21004146337509155
2026-03-10 06:00:00,2675.99,0.0,0.23445755243301392
2026-03-10 07:00:00,2347.69,0.42729199999999995,0.43851977586746216
2026-03-10 08:00:00,2789.69,0.015508,0.47530439496040344
2026-03-10 09:00:00,1683.97,0.233722,0.46466636657714844
2026-03-10 10:00:00,1200.01,0.931359,0.4668322801589966
2026-03-10 11:00:00,1000.01,1.5926900000000002,0.43675315380096436
2026-03-10 12:00:00,250.01,2.126676,0.4225742220878601
2026-03-10 13:00:00,501.0,2.706372,0.40564998984336853
2026-03-10 14:00:00,1000.01,1.721354,0.3984273076057434
2026-03-10 15:00:00,1000.0,1.7465950000000001,0.37230804562568665
2026-03-10 16:00:00,1500.0,0.631809,0.4352547824382782
2026-03-10 17:00:00,2994.01,0.029334,0.5098194479942322
2026-03-10 18:00:00,3398.99,0.0,0.5327286124229431
2026-03-10 19:00:00,3246.0,0.0,0.5045793652534485
2026-03-10 20:00:00,3400.0,0.0,0.5285993218421936
2026-03-10 21:00:00,3200.0,0.0,0.49092501401901245
2026-03-10 22:00:00,3040.2,0.0,0.4755207896232605
2026-03-10 23:00:00,2777.78,0.0,0.4375992715358734
2026-03-11 00:00:00,3225.0,0.0,0.28789761662483215
2026-03-11 01:00:00,2993.31,0.0,0.2211482971906662
2026-03-11 02:00:00,2875.99,0.0,0.20719090104103088
2026-03-11 03:00:00,2717.18,0.0,0.21209537982940674
2026-03-11 04:00:00,3238.19,0.0,0.2062581330537796
2026-03-11 05:00:00,3400.0,0.0,0.2085028737783432
2026-03-11 06:00:00,3300.0,0.0,0.23414741456508636
2026-03-11 07:00:00,3288.47,0.31931099999999996,0.4042152762413025
2026-03-11 08:00:00,3400.0,0.015598,0.4724653661251068
2026-03-11 09:00:00,2450.99,0.042134,0.46995043754577637
2026-03-11 10:00:00,1723.19,0.170456,0.44747233390808105
2026-03-11 11:00:00,1499.99,0.27255599999999996,0.3987793028354645
2026-03-11 12:00:00,1000.0,0.294586,0.43380144238471985
2026-03-11 13:00:00,1000.0,0.305095,0.4306486248970032
2026-03-11 14:00:00,1723.19,0.11494,0.3828585743904114
2026-03-11 15:00:00,1723.18,0.122632,0.365852952003479
2026-03-11 16:00:00,2489.6,0.6392960000000001,0.42787912487983704
2026-03-11 17:00:00,2900.01,0.0,0.5035481452941895
2026-03-11 18:00:00,3400.0,0.0,0.5246390700340271
2026-03-11 19:00:00,3400.0,0.0,0.5287449955940247
2026-03-11 20:00:00,3400.0,0.0,0.5601099729537964
2026-03-11 21:00:00,3400.0,0.0,0.49061042070388794
2026-03-11 22:00:00,3210.65,0.0,0.48583635687828064
2026-03-11 23:00:00,3097.0,0.0,0.4646877348423004
2026-03-12 00:00:00,3140.01,0.0,0.3233714699745178
2026-03-12 01:00:00,2799.99,0.0,0.2219470739364624
2026-03-12 02:00:00,2584.0,0.0,0.20767591893672943
2026-03-12 03:00:00,2489.0,0.0,0.20831385254859924
2026-03-12 04:00:00,2600.0,0.0,0.20928141474723816
2026-03-12 05:00:00,3129.99,0.0,0.21512936055660248
2026-03-12 06:00:00,2199.99,0.0,0.23986577987670898
2026-03-12 07:00:00,2125.0,0.0,0.40269044041633606
2026-03-12 08:00:00,2987.17,0.003741,0.4768279194831848
2026-03-12 09:00:00,1743.99,0.163054,0.482276976108551
2026-03-12 10:00:00,1050.0,0.059857,0.4584610164165497
2026-03-12 11:00:00,1744.0,0.258199,0.4317503273487091
2026-03-12 12:00:00,700.0,0.264287,0.4098956882953644
2026-03-12 13:00:00,1000.0,0.15822999999999998,0.44226938486099243
2026-03-12 14:00:00,1699.93,0.12491,0.41760721802711487
2026-03-12 15:00:00,1454.43,0.10745,0.38245052099227905
2026-03-12 16:00:00,1744.01,0.049076,0.41222378611564636
2026-03-12 17:00:00,2410.1,0.0,0.47071555256843567
2026-03-12 18:00:00,3299.99,0.0,0.5106577277183533
2026-03-12 19:00:00,3299.0,0.0,0.5147078037261963
2026-03-12 20:00:00,3400.0,0.0,0.5588763356208801
2026-03-12 21:00:00,3149.99,0.0,0.47855299711227417
2026-03-12 22:00:00,2440.01,0.0,0.4688299596309662
2026-03-12 23:00:00,1957.64,0.0,0.41760510206222534
2026-03-13 00:00:00,3129.76,0.0,0.28805238008499146
2026-03-13 01:00:00,2772.21,0.0,0.22253291308879852
2026-03-13 02:00:00,2600.0,0.0,0.20791663229465485
2026-03-13 03:00:00,2789.69,0.0,0.20724274218082428
2026-03-13 04:00:00,2997.99,0.0,0.20562885701656342
2026-03-13 05:00:00,3211.44,0.0,0.21668247878551483
2026-03-13 06:00:00,2600.0,0.0,0.23746660351753235
2026-03-13 07:00:00,2400.0,0.0,0.3812204897403717
2026-03-13 08:00:00,2900.0,0.105671,0.447581022977829
2026-03-13 09:00:00,1744.0,0.273041,0.42770659923553467
2026-03-13 10:00:00,1400.0,0.9065359999999999,0.4790603220462799
2026-03-13 11:00:00,1500.01,0.52301,0.41644302010536194
2026-03-13 12:00:00,800.0,0.7078990000000001,0.42568856477737427
2026-03-13 13:00:00,350.0,0.6040549999999999,0.4166909456253052
2026-03-13 14:00:00,1600.0,0.097893,0.4153825342655182
2026-03-13 15:00:00,1719.09,0.261945,0.32879820466041565
2026-03-13 16:00:00,1744.0,0.125084,0.3798695504665375
2026-03-13 17:00:00,2671.13,0.025417000000000002,0.4357113540172577
2026-03-13 18:00:00,3140.0,0.0,0.49231138825416565
2026-03-13 19:00:00,2945.99,0.0,0.4847646653652191
2026-03-13 20:00:00,3299.99,0.0,0.5071137547492981
2026-03-13 21:00:00,2997.99,0.0,0.5001325607299805
2026-03-13 22:00:00,3094.71,0.0,0.4647517502307892
2026-03-13 23:00:00,2889.01,0.0,0.40848708152770996
2026-03-14 00:00:00,2999.93,0.0,0.29737749695777893
2026-03-14 01:00:00,2894.0,0.0,0.2316773533821106
2026-03-14 02:00:00,2789.7,0.0,0.21567264199256897
2026-03-14 03:00:00,2456.0,0.0,0.20551079511642456
2026-03-14 04:00:00,3090.0,0.0,0.2050059586763382
2026-03-14 05:00:00,3213.0,0.0,0.21040786802768707
2026-03-14 06:00:00,2989.99,0.0,0.22612938284873962
2026-03-14 07:00:00,2136.88,0.0,0.2823091745376587
2026-03-14 08:00:00,1750.0,0.001173,0.42178258299827576
2026-03-14 09:00:00,2347.7,0.512273,0.4553951323032379
2026-03-14 10:00:00,1670.0,0.404125,0.44666787981987
2026-03-14 11:00:00,1500.0,0.784207,0.4018254280090332
2026-03-14 12:00:00,1201.01,0.639127,0.39837777614593506
2026-03-14 13:00:00,1429.01,0.43479700000000004,0.3703742027282715
2026-03-14 14:00:00,2300.01,0.082474,0.39793363213539124
2026-03-14 15:00:00,2197.99,0.42213,0.3775829076766968
2026-03-14 16:00:00,2300.0,0.061935000000000004,0.4162933826446533
2026-03-14 17:00:00,2989.98,0.0,0.491467148065567
2026-03-14 18:00:00,2989.98,0.0,0.5203880071640015
2026-03-14 19:00:00,3199.47,0.0,0.5267828702926636
2026-03-14 20:00:00,3300.0,0.0,0.505111038684845
2026-03-14 21:00:00,2900.01,0.0,0.44993388652801514
2026-03-14 22:00:00,3009.56,0.0,0.43476182222366333
2026-03-14 23:00:00,2907.11,0.0,0.428544819355011
2026-03-15 00:00:00,2800.0,0.0,0.3002273440361023
2026-03-15 01:00:00,2399.99,0.0,0.24587346613407135
2026-03-15 02:00:00,1500.0,0.0,0.21505938470363617
2026-03-15 03:00:00,1300.0,0.0,0.20447741448879242
2026-03-15 04:00:00,1709.2,0.0,0.20320925116539001
2026-03-15 05:00:00,1743.99,0.0,0.21156972646713257
2026-03-15 06:00:00,1900.0,0.0,0.22153212130069733
2026-03-15 07:00:00,1590.0,0.0,0.2766542434692383
2026-03-15 08:00:00,1600.0,0.09838200000000001,0.413380891084671
2026-03-15 09:00:00,1600.01,0.636301,0.4363984763622284
2026-03-15 10:00:00,1201.0,0.625678,0.45945441722869873
2026-03-15 11:00:00,999.99,0.684319,0.44951796531677246
2026-03-15 12:00:00,1000.01,2.0898809999999997,0.4597824811935425
2026-03-15 13:00:00,1300.0,2.000579,0.3615110218524933
2026-03-15 14:00:00,1743.99,1.147393,0.3720608055591583
2026-03-15 15:00:00,1554.1,1.247504,0.37848544120788574
2026-03-15 16:00:00,1244.0,0.713953,0.4005674421787262
2026-03-15 17:00:00,1744.01,0.063098,0.4754082262516022
2026-03-15 18:00:00,2468.54,0.0,0.4965813457965851
2026-03-15 19:00:00,3199.48,0.0,0.5290745496749878
2026-03-15 20:00:00,3400.0,0.0,0.4859519600868225
2026-03-15 21:00:00,2946.0,0.0,0.4433407187461853
2026-03-15 22:00:00,2500.0,0.0,0.4315629005432129
2026-03-15 23:00:00,1749.99,0.0,0.39556407928466797
2026-03-16 00:00:00,1744.01,0.0,0.25197142362594604
2026-03-16 01:00:00,1719.09,0.0,0.21474774181842804
2026-03-16 02:00:00,1498.01,0.0,0.2038734257221222
2026-03-16 03:00:00,1418.0,0.0,0.19996678829193115
2026-03-16 04:00:00,1744.0,0.0,0.20199765264987946
2026-03-16 05:00:00,1744.0,0.0,0.20593547821044922
2026-03-16 06:00:00,1744.0,0.0,0.22857891023159027
2026-03-16 07:00:00,2400.0,0.0,0.3836110532283783
2026-03-16 08:00:00,3400.0,0.09841,0.45662400126457214
2026-03-16 09:00:00,3400.0,0.184233,0.41626468300819397
2026-03-16 10:00:00,3400.0,0.185567,0.449553906917572
2026-03-16 11:00:00,3400.0,0.41314,0.4692368805408478
2026-03-16 12:00:00,2300.0,0.500687,0.43063023686408997
2026-03-16 13:00:00,2797.99,0.57067,0.4295588433742523
2026-03-16 14:00:00,3219.58,0.944922,0.4112197458744049
2026-03-16 15:00:00,3200.0,0.783053,0.3410564363002777
2026-03-16 16:00:00,2900.01,0.769659,0.42186811566352844
2026-03-16 17:00:00,3088.02,0.0,0.45815032720565796
2026-03-16 18:00:00,3400.0,0.0,0.523892879486084
2026-03-16 19:00:00,3400.0,0.0,0.532249391078949
2026-03-16 20:00:00,3400.0,0.0,0.5317426323890686
2026-03-16 21:00:00,2999.99,0.0,0.5049595236778259
2026-03-16 22:00:00,2874.95,0.0,0.5028773546218872
2026-03-16 23:00:00,2200.0,0.0,0.4380020201206207
2026-03-17 00:00:00,2988.88,0.0,0.26898396015167236
2026-03-17 01:00:00,2900.01,0.0,0.21534687280654907
2026-03-17 02:00:00,1891.99,0.0,0.21379391849040985
2026-03-17 03:00:00,1743.99,0.0,0.20465649664402008
2026-03-17 04:00:00,2199.99,0.0,0.20425055921077728
2026-03-17 05:00:00,2200.0,0.0,0.21004146337509155
2026-03-17 06:00:00,1744.01,0.0,0.23445755243301392
2026-03-17 07:00:00,1743.99,0.0,0.43851977586746216
2026-03-17 08:00:00,1891.99,0.11519499999999999,0.47530439496040344
2026-03-17 09:00:00,1744.01,0.19578299999999998,0.46466636657714844
2026-03-17 10:00:00,1050.0,0.36729500000000004,0.4668322801589966
2026-03-17 11:00:00,1000.0,0.668501,0.43675315380096436
2026-03-17 12:00:00,241.41,0.5608540000000001,0.4225742220878601
2026-03-17 13:00:00,300.0,0.854495,0.40564998984336853
2026-03-17 14:00:00,1000.0,1.032557,0.3984273076057434
2026-03-17 15:00:00,1000.01,0.24525,0.37230804562568665
2026-03-17 16:00:00,1744.0,0.291459,0.4352547824382782
2026-03-17 17:00:00,2789.7,0.08343600000000001,0.5098194479942322
2026-03-17 18:00:00,2988.89,0.0,0.5327286124229431
2026-03-17 19:00:00,3000.01,0.0,0.5045793652534485
2026-03-17 20:00:00,3227.0,0.0,0.5285993218421936
2026-03-17 21:00:00,2900.0,0.0,0.49092501401901245
2026-03-17 22:00:00,2784.0,0.0,0.4755207896232605
2026-03-17 23:00:00,1833.71,0.0,0.4375992715358734
2026-03-18 00:00:00,2047.61,0.0,0.28789761662483215
2026-03-18 01:00:00,1744.0,0.0,0.2211482971906662
2026-03-18 02:00:00,1699.99,0.0,0.20719090104103088
2026-03-18 03:00:00,1600.01,0.0,0.21209537982940674
2026-03-18 04:00:00,1800.01,0.0,0.2062581330537796
2026-03-18 05:00:00,2199.99,0.0,0.2085028737783432
2026-03-18 06:00:00,1743.99,0.0,0.23414741456508636
2026-03-18 07:00:00,1300.0,0.685747,0.4042152762413025
2026-03-18 08:00:00,1743.99,1.632057,0.4724653661251068
2026-03-18 09:00:00,1719.09,2.3649630000000004,0.46995043754577637
2026-03-18 10:00:00,1744.0,2.8884830000000004,0.44747233390808105
2026-03-18 11:00:00,1429.0,3.194743,0.3987793028354645
2026-03-18 12:00:00,900.0,3.260199,0.43380144238471985
2026-03-18 13:00:00,999.99,2.277694,0.4306486248970032
2026-03-18 14:00:00,1743.99,2.674881,0.3828585743904114
2026-03-18 15:00:00,1499.99,1.474176,0.365852952003479
2026-03-18 16:00:00,1743.99,0.7435109999999999,0.42787912487983704
2026-03-18 17:00:00,1743.99,0.13006399999999999,0.5035481452941895
2026-03-18 18:00:00,1999.99,0.0,0.5246390700340271
2026-03-18 19:00:00,1891.99,0.0,0.5287449955940247
2026-03-18 20:00:00,1744.01,0.0,0.5601099729537964
2026-03-18 21:00:00,2199.99,0.0,0.49061042070388794
2026-03-18 22:00:00,1429.0,0.0,0.48583635687828064
2026-03-18 23:00:00,700.0,0.0,0.4646877348423004
2026-03-19 00:00:00,859.12,0.0,0.3233714699745178
2026-03-19 01:00:00,355.99,0.0,0.2219470739364624
2026-03-19 02:00:00,263.0,0.0,0.20767591893672943
2026-03-19 03:00:00,236.99,0.0,0.20831385254859924
2026-03-19 04:00:00,240.01,0.0,0.20928141474723816
2026-03-19 05:00:00,235.01,0.0,0.21512936055660248
2026-03-19 06:00:00,230.0,0.0,0.23986577987670898
2026-03-19 07:00:00,171.39,0.0,0.40269044041633606
2026-03-19 08:00:00,189.99,0.244475,0.4768279194831848
2026-03-19 09:00:00,189.99,0.333018,0.482276976108551
2026-03-19 10:00:00,171.4,0.508929,0.4584610164165497
2026-03-19 11:00:00,171.39,0.962077,0.4317503273487091
2026-03-19 12:00:00,171.01,0.507899,0.4098956882953644
2026-03-19 13:00:00,171.02,0.48271499999999995,0.44226938486099243
2026-03-19 14:00:00,171.4,0.373938,0.41760721802711487
2026-03-19 15:00:00,194.49,0.111104,0.38245052099227905
2026-03-19 16:00:00,235.0,0.235837,0.41222378611564636
2026-03-19 17:00:00,600.01,0.181894,0.47071555256843567
2026-03-19 18:00:00,1275.0,0.0,0.5106577277183533
2026-03-19 19:00:00,1600.0,0.0,0.5147078037261963
2026-03-19 20:00:00,1743.99,0.0,0.5588763356208801
2026-03-19 21:00:00,1489.0,0.0,0.47855299711227417
2026-03-19 22:00:00,230.0,0.0,0.4688299596309662
2026-03-19 23:00:00,175.0,0.0,0.41760510206222534
2026-03-20 00:00:00,171.02,0.0,0.28805238008499146
2026-03-20 01:00:00,139.99,0.0,0.22253291308879852
2026-03-20 02:00:00,0.0,0.0,0.20791663229465485
2026-03-20 03:00:00,0.0,0.0,0.20724274218082428
2026-03-20 04:00:00,0.0,0.0,0.20562885701656342
2026-03-20 05:00:00,0.02,0.0,0.21668247878551483
2026-03-20 06:00:00,164.91,0.0,0.23746660351753235
2026-03-20 07:00:00,160.01,0.027524999999999997,0.3812204897403717
2026-03-20 08:00:00,155.11,0.530517,0.447581022977829
2026-03-20 09:00:00,163.35,1.771386,0.42770659923553467
2026-03-20 10:00:00,100.01,2.022507,0.4790603220462799
2026-03-20 11:00:00,0.0,2.204263,0.41644302010536194
2026-03-20 12:00:00,0.0,2.5125300000000004,0.42568856477737427
2026-03-20 13:00:00,0.0,2.351531,0.4166909456253052
2026-03-20 14:00:00,0.0,0.219445,0.4153825342655182
2026-03-20 15:00:00,0.0,0.107347,0.32879820466041565
2026-03-20 16:00:00,164.9,0.28446899999999997,0.3798695504665375
2026-03-20 17:00:00,189.99,0.339185,0.4357113540172577
2026-03-20 18:00:00,240.01,0.0,0.49231138825416565
2026-03-20 19:00:00,250.0,0.0,0.4847646653652191
2026-03-20 20:00:00,300.01,0.0,0.5071137547492981
2026-03-20 21:00:00,250.0,0.0,0.5001325607299805
2026-03-20 22:00:00,174.99,0.0,0.4647517502307892
2026-03-20 23:00:00,170.0,0.0,0.40848708152770996
2026-03-21 00:00:00,240.0,0.0,0.29737749695777893
2026-03-21 01:00:00,200.0,0.0,0.2316773533821106
2026-03-21 02:00:00,171.01,0.0,0.21567264199256897
2026-03-21 03:00:00,170.01,0.0,0.20551079511642456
2026-03-21 04:00:00,164.95,0.0,0.2050059586763382
2026-03-21 05:00:00,170.0,0.0,0.21040786802768707
2026-03-21 06:00:00,171.0,0.0,0.22612938284873962
2026-03-21 07:00:00,171.0,0.000597,0.2823091745376587
2026-03-21 08:00:00,171.01,0.035567999999999995,0.42178258299827576
2026-03-21 09:00:00,170.01,1.247774,0.4553951323032379
2026-03-21 10:00:00,170.01,1.313615,0.44666787981987
2026-03-21 11:00:00,170.0,1.971171,0.4018254280090332
2026-03-21 12:00:00,164.91,1.953674,0.39837777614593506
2026-03-21 13:00:00,170.0,2.177322,0.3703742027282715
2026-03-21 14:00:00,164.91,2.3589960000000003,0.39793363213539124
2026-03-21 15:00:00,171.0,1.855136,0.3775829076766968
2026-03-21 16:00:00,200.01,1.138757,0.4162933826446533
2026-03-21 17:00:00,300.01,0.341391,0.491467148065567
2026-03-21 18:00:00,900.0,0.0,0.5203880071640015
2026-03-21 19:00:00,1000.0,0.0,0.5267828702926636
2026-03-21 20:00:00,1891.99,0.0,0.505111038684845
2026-03-21 21:00:00,1499.99,0.0,0.44993388652801514
2026-03-21 22:00:00,271.0,0.0,0.43476182222366333
2026-03-21 23:00:00,250.0,0.0,0.428544819355011
2026-03-22 00:00:00,356.0,0.0,0.3002273440361023
2026-03-22 01:00:00,249.99,0.0,0.24587346613407135
2026-03-22 02:00:00,200.0,0.0,0.21505938470363617
2026-03-22 03:00:00,189.99,0.0,0.20447741448879242
2026-03-22 04:00:00,175.0,0.0,0.20320925116539001
2026-03-22 05:00:00,189.99,0.0,0.21156972646713257
2026-03-22 06:00:00,240.0,0.0,0.22153212130069733
2026-03-22 07:00:00,227.0,0.768141,0.2766542434692383
2026-03-22 08:00:00,180.07,1.693676,0.413380891084671
2026-03-22 09:00:00,171.01,2.3844980000000002,0.4363984763622284
2026-03-22 10:00:00,171.0,2.8913699999999998,0.45945441722869873
2026-03-22 11:00:00,171.01,3.1723879999999998,0.44951796531677246
2026-03-22 12:00:00,174.99,3.224839,0.4597824811935425
2026-03-22 13:00:00,190.0,3.069135,0.3615110218524933
2026-03-22 14:00:00,200.01,1.960493,0.3720608055591583
2026-03-22 15:00:00,251.0,1.5143659999999999,0.37848544120788574
2026-03-22 16:00:00,1000.0,0.936429,0.4005674421787262
2026-03-22 17:00:00,2390.01,0.18212299999999998,0.4754082262516022
2026-03-22 18:00:00,2595.01,0.0,0.4965813457965851
2026-03-22 19:00:00,2399.99,0.0,0.5290745496749878
2026-03-22 20:00:00,1499.93,0.0,0.4859519600868225
2026-03-22 21:00:00,1499.99,0.0,0.4433407187461853
2026-03-22 22:00:00,1700.0,0.0,0.4315629005432129
2026-03-22 23:00:00,1200.0,0.0,0.39556407928466797
2026-03-23 00:00:00,300.01,0.0,0.25197142362594604
2026-03-23 01:00:00,251.0,0.0,0.21474774181842804
2026-03-23 02:00:00,237.0,0.0,0.2038734257221222
2026-03-23 03:00:00,231.01,0.0,0.19996678829193115
2026-03-23 04:00:00,234.99,0.0,0.20199765264987946
2026-03-23 05:00:00,250.1,0.0,0.20593547821044922
2026-03-23 06:00:00,251.01,0.0,0.22857891023159027
2026-03-23 07:00:00,371.31,0.030643,0.3836110532283783
2026-03-23 08:00:00,2300.0,0.426331,0.45662400126457214
2026-03-23 09:00:00,1892.0,1.318749,0.41626468300819397
2026-03-23 10:00:00,2489.61,2.8962939999999997,0.449553906917572
2026-03-23 11:00:00,3129.99,3.180177,0.4692368805408478
2026-03-23 12:00:00,2489.61,3.243248,0.43063023686408997
2026-03-23 13:00:00,3000.0,3.082652,0.4295588433742523
2026-03-23 14:00:00,2989.01,2.689689,0.4112197458744049
2026-03-23 15:00:00,2199.99,2.104702,0.3410564363002777
2026-03-23 16:00:00,2589.0,0.8984310000000001,0.42186811566352844
2026-03-23 17:00:00,3112.01,0.175704,0.45815032720565796
2026-03-23 18:00:00,3199.47,0.0,0.523892879486084
2026-03-23 19:00:00,3400.0,0.0,0.532249391078949
2026-03-23 20:00:00,3400.0,0.0,0.5317426323890686
2026-03-23 21:00:00,2600.0,0.0,0.5049595236778259
2026-03-23 22:00:00,1799.01,0.0,0.5028773546218872
2026-03-23 23:00:00,1744.0,0.0,0.4380020201206207
2026-03-24 00:00:00,1850.01,0.0,0.26898396015167236
2026-03-24 01:00:00,1719.08,0.0,0.21534687280654907
2026-03-24 02:00:00,1499.99,0.0,0.21379391849040985
2026-03-24 03:00:00,1719.09,0.0,0.20465649664402008
2026-03-24 04:00:00,1400.0,0.0,0.20425055921077728
2026-03-24 05:00:00,1499.99,0.0,0.21004146337509155
2026-03-24 06:00:00,1499.99,0.04065,0.23445755243301392
2026-03-24 07:00:00,1000.0,0.024652999999999998,0.43851977586746216
2026-03-24 08:00:00,2196.72,0.33804700000000004,0.47530439496040344
2026-03-24 09:00:00,2153.0,1.089273,0.46466636657714844
2026-03-24 10:00:00,1719.09,1.975234,0.4668322801589966
2026-03-24 11:00:00,1719.08,3.044917,0.43675315380096436
2026-03-24 12:00:00,1201.01,2.573873,0.4225742220878601
2026-03-24 13:00:00,1429.01,2.243112,0.40564998984336853
2026-03-24 14:00:00,1719.09,1.920776,0.3984273076057434
2026-03-24 15:00:00,800.0,1.503299,0.37230804562568665
2026-03-24 16:00:00,1719.09,0.860183,0.4352547824382782
2026-03-24 17:00:00,2532.17,0.168676,0.5098194479942322
2026-03-24 18:00:00,1719.09,0.0,0.5327286124229431
2026-03-24 19:00:00,2200.0,0.0,0.5045793652534485
2026-03-24 20:00:00,1719.09,0.0,0.5285993218421936
2026-03-24 21:00:00,2124.99,0.0,0.49092501401901245
2026-03-24 22:00:00,1429.01,0.0,0.4755207896232605
2026-03-24 23:00:00,439.47,0.0,0.4375992715358734
2026-03-25 00:00:00,1222.01,0.0,0.28789761662483215
2026-03-25 01:00:00,800.01,0.0,0.2211482971906662
2026-03-25 02:00:00,1000.0,0.0,0.20719090104103088
2026-03-25 03:00:00,500.01,0.0,0.21209537982940674
2026-03-25 04:00:00,484.99,0.0,0.2062581330537796
2026-03-25 05:00:00,485.0,0.0,0.2085028737783432
2026-03-25 06:00:00,1000.0,0.048239,0.23414741456508636
2026-03-25 07:00:00,1200.0,0.13286799999999999,0.4042152762413025
2026-03-25 08:00:00,2047.6,0.752994,0.4724653661251068
2026-03-25 09:00:00,1700.0,2.301422,0.46995043754577637
2026-03-25 10:00:00,1000.01,2.19365,0.44747233390808105
2026-03-25 11:00:00,800.0,2.189951,0.3987793028354645
2026-03-25 12:00:00,485.0,2.3865030000000003,0.43380144238471985
2026-03-25 13:00:00,783.9,2.4973,0.4306486248970032
2026-03-25 14:00:00,251.01,2.089131,0.3828585743904114
2026-03-25 15:00:00,601.0,1.445416,0.365852952003479
2026-03-25 16:00:00,500.01,0.833943,0.42787912487983704
2026-03-25 17:00:00,1429.01,0.064906,0.5035481452941895
2026-03-25 18:00:00,1500.0,0.0,0.5246390700340271
2026-03-25 19:00:00,2990.01,0.0,0.5287449955940247
2026-03-25 20:00:00,2858.01,0.0,0.5601099729537964
2026-03-25 21:00:00,1999.01,0.0,0.49061042070388794
2026-03-25 22:00:00,1595.99,0.0,0.48583635687828064
2026-03-25 23:00:00,1200.0,0.0,0.4646877348423004
2026-03-26 00:00:00,1200.01,0.0,0.3233714699745178
2026-03-26 01:00:00,1000.0,0.0,0.2219470739364624
2026-03-26 02:00:00,1000.01,0.0,0.20767591893672943
2026-03-26 03:00:00,1200.0,0.0,0.20831385254859924
2026-03-26 04:00:00,1200.01,0.0,0.20928141474723816
2026-03-26 05:00:00,1349.99,0.0,0.21512936055660248
2026-03-26 06:00:00,1499.99,0.0015589999999999998,0.23986577987670898
2026-03-26 07:00:00,1499.99,0.585626,0.40269044041633606
2026-03-26 08:00:00,1720.01,1.295679,0.4768279194831848
2026-03-26 09:00:00,2200.0,1.2214269999999998,0.482276976108551
2026-03-26 10:00:00,900.0,0.506302,0.4584610164165497
2026-03-26 11:00:00,1200.0,0.605829,0.4317503273487091
2026-03-26 12:00:00,1200.01,1.98004,0.4098956882953644
2026-03-26 13:00:00,1298.04,1.566413,0.44226938486099243
2026-03-26 14:00:00,1200.01,0.386692,0.41760721802711487
2026-03-26 15:00:00,397.99,0.031841999999999995,0.38245052099227905
2026-03-26 16:00:00,1499.99,0.020539,0.41222378611564636
2026-03-26 17:00:00,3100.0,4.2999999999999995e-05,0.47071555256843567
2026-03-26 18:00:00,3400.0,0.0,0.5106577277183533
2026-03-26 19:00:00,3400.0,0.0,0.5147078037261963
2026-03-26 20:00:00,3400.0,0.0,0.5588763356208801
2026-03-26 21:00:00,3400.0,0.0,0.47855299711227417
2026-03-26 22:00:00,2977.01,0.0,0.4688299596309662
2026-03-26 23:00:00,1649.98,0.0,0.41760510206222534
2026-03-27 00:00:00,2199.99,0.0,0.28805238008499146
2026-03-27 01:00:00,1200.0,0.0,0.22253291308879852
2026-03-27 02:00:00,500.01,0.0,0.20791663229465485
2026-03-27 03:00:00,500.01,0.0,0.20724274218082428
2026-03-27 04:00:00,251.01,0.0,0.20562885701656342
2026-03-27 05:00:00,300.01,0.0,0.21668247878551483
2026-03-27 06:00:00,490.0,0.01013,0.23746660351753235
2026-03-27 07:00:00,355.99,0.006816,0.3812204897403717
2026-03-27 08:00:00,1499.99,0.061017,0.447581022977829
2026-03-27 09:00:00,240.01,0.25372900000000004,0.42770659923553467
2026-03-27 10:00:00,171.0,0.827526,0.4790603220462799
2026-03-27 11:00:00,164.91,0.809308,0.41644302010536194
2026-03-27 12:00:00,0.0,0.851565,0.42568856477737427
2026-03-27 13:00:00,0.0,1.044897,0.4166909456253052
2026-03-27 14:00:00,100.0,1.31946,0.4153825342655182
2026-03-27 15:00:00,164.91,0.972567,0.32879820466041565
2026-03-27 16:00:00,249.99,0.426178,0.3798695504665375
2026-03-27 17:00:00,699.99,0.09640900000000001,0.4357113540172577
2026-03-27 18:00:00,1200.01,0.0,0.49231138825416565
2026-03-27 19:00:00,3199.47,0.0,0.4847646653652191
2026-03-27 20:00:00,2500.01,0.0,0.5071137547492981
2026-03-27 21:00:00,2897.99,0.0,0.5001325607299805
2026-03-27 22:00:00,1429.0,0.0,0.4647517502307892
2026-03-27 23:00:00,601.0,0.0,0.40848708152770996
2026-03-28 00:00:00,1499.98,0.0,0.29737749695777893
2026-03-28 01:00:00,1000.0,0.0,0.2316773533821106
2026-03-28 02:00:00,700.0,0.0,0.21567264199256897
2026-03-28 03:00:00,415.1,0.0,0.20551079511642456
2026-03-28 04:00:00,300.01,0.0,0.2050059586763382
2026-03-28 05:00:00,800.01,0.0,0.21040786802768707
2026-03-28 06:00:00,1200.0,0.016219,0.22612938284873962
2026-03-28 07:00:00,171.0,0.858165,0.2823091745376587
2026-03-28 08:00:00,170.01,1.7665950000000001,0.42178258299827576
2026-03-28 09:00:00,170.01,2.4555059999999997,0.4553951323032379
2026-03-28 10:00:00,164.91,2.924778,0.44666787981987
2026-03-28 11:00:00,171.01,3.182432,0.4018254280090332
2026-03-28 12:00:00,171.0,3.2150790000000002,0.39837777614593506
2026-03-28 13:00:00,189.99,3.043101,0.3703742027282715
2026-03-28 14:00:00,243.53,2.671897,0.39793363213539124
2026-03-28 15:00:00,231.0,1.544979,0.3775829076766968
2026-03-28 16:00:00,500.01,1.305454,0.4162933826446533
2026-03-28 17:00:00,1200.01,0.212665,0.491467148065567
2026-03-28 18:00:00,2700.01,0.0,0.5203880071640015
2026-03-28 19:00:00,3400.0,0.0,0.5267828702926636
2026-03-28 20:00:00,3400.0,0.0,0.505111038684845
2026-03-28 21:00:00,2789.7,0.0,0.44993388652801514
2026-03-28 22:00:00,1499.99,0.0,0.43476182222366333
2026-03-28 23:00:00,700.01,0.0,0.428544819355011
2026-03-29 00:00:00,2451.0,0.0,0.3002273440361023
2026-03-29 01:00:00,1450.0,0.0,0.24587346613407135
2026-03-29 02:00:00,500.0,0.0,0.21505938470363617
2026-03-29 03:00:00,500.01,0.0,0.20447741448879242
2026-03-29 04:00:00,300.01,0.0,0.20320925116539001
2026-03-29 05:00:00,500.0,0.0,0.21156972646713257
2026-03-29 06:00:00,490.0,0.103488,0.22153212130069733
2026-03-29 07:00:00,251.0,0.928318,0.2766542434692383
2026-03-29 08:00:00,237.01,1.838225,0.413380891084671
2026-03-29 09:00:00,200.0,2.51068,0.4363984763622284
2026-03-29 10:00:00,186.0,2.987791,0.45945441722869873
2026-03-29 11:00:00,174.99,3.233749,0.44951796531677246
2026-03-29 12:00:00,100.0,3.280984,0.4597824811935425
2026-03-29 13:00:00,79.99,3.109168,0.3615110218524933
2026-03-29 14:00:00,161.91,2.7146500000000002,0.3720608055591583
2026-03-29 15:00:00,200.0,2.131917,0.37848544120788574
2026-03-29 16:00:00,251.0,0.98794,0.4005674421787262
2026-03-29 17:00:00,1200.0,0.417509,0.4754082262516022
2026-03-29 18:00:00,1499.99,0.0,0.4965813457965851
2026-03-29 19:00:00,3299.99,0.0,0.5290745496749878
2026-03-29 20:00:00,3200.0,0.0,0.4859519600868225
2026-03-29 21:00:00,2500.0,0.0,0.4433407187461853
2026-03-29 22:00:00,1499.01,0.0,0.4315629005432129
2026-03-29 23:00:00,799.99,0.0,0.39556407928466797
2026-03-30 00:00:00,600.0,0.0,0.25197142362594604
2026-03-30 01:00:00,356.0,0.0,0.21474774181842804
2026-03-30 02:00:00,251.01,0.0,0.2038734257221222
2026-03-30 03:00:00,251.0,0.0,0.19996678829193115
2026-03-30 04:00:00,249.99,0.0,0.20199765264987946
2026-03-30 05:00:00,251.01,0.0,0.20593547821044922
2026-03-30 06:00:00,500.0,0.005396,0.22857891023159027
2026-03-30 07:00:00,1200.0,0.8760800000000001,0.3836110532283783
2026-03-30 08:00:00,1740.1,1.735908,0.45662400126457214
2026-03-30 09:00:00,1820.0,2.375969,0.41626468300819397
2026-03-30 10:00:00,1200.01,2.811908,0.449553906917572
2026-03-30 11:00:00,1249.99,3.081555,0.4692368805408478
2026-03-30 12:00:00,800.0,3.147951,0.43063023686408997
2026-03-30 13:00:00,1200.0,2.99647,0.4295588433742523
2026-03-30 14:00:00,1499.99,2.637518,0.4112197458744049
2026-03-30 15:00:00,1060.3,2.067616,0.3410564363002777
2026-03-30 16:00:00,2000.01,1.282785,0.42186811566352844
2026-03-30 17:00:00,3094.01,0.41268099999999996,0.45815032720565796
2026-03-30 18:00:00,3325.0,0.0,0.523892879486084
2026-03-30 19:00:00,3400.0,0.0,0.532249391078949
2026-03-30 20:00:00,3400.0,0.0,0.5317426323890686
2026-03-30 21:00:00,3325.0,0.0,0.5049595236778259
2026-03-30 22:00:00,2999.99,0.0,0.5028773546218872
2026-03-30 23:00:00,2000.0,0.0,0.4380020201206207
2026-03-31 00:00:00,2390.0,0.0,0.26898396015167236
2026-03-31 01:00:00,1350.0,0.0,0.21534687280654907
2026-03-31 02:00:00,699.99,0.0,0.21379391849040985
2026-03-31 03:00:00,899.99,0.0,0.20465649664402008
2026-03-31 04:00:00,500.01,0.0,0.20425055921077728
2026-03-31 05:00:00,899.99,0.0,0.21004146337509155
2026-03-31 06:00:00,1200.01,0.028129,0.23445755243301392
2026-03-31 07:00:00,1200.0,0.317268,0.43851977586746216
2026-03-31 08:00:00,1645.01,0.6939299999999999,0.47530439496040344
2026-03-31 09:00:00,1200.0,0.757642,0.46466636657714844
2026-03-31 10:00:00,499.99,0.841321,0.4668322801589966
2026-03-31 11:00:00,400.01,1.863393,0.43675315380096436
2026-03-31 12:00:00,231.0,1.621134,0.4225742220878601
2026-03-31 13:00:00,249.99,1.040943,0.40564998984336853
2026-03-31 14:00:00,500.0,0.6998690000000001,0.3984273076057434
2026-03-31 15:00:00,300.0,0.591684,0.37230804562568665
2026-03-31 16:00:00,948.79,0.6321019999999999,0.4352547824382782
2026-03-31 17:00:00,2200.0,0.204976,0.5098194479942322
2026-03-31 18:00:00,3000.01,0.0,0.5327286124229431
2026-03-31 19:00:00,3400.0,0.0,0.5045793652534485
2026-03-31 20:00:00,3400.0,0.0,0.5285993218421936
2026-03-31 21:00:00,2941.78,0.0,0.49092501401901245
2026-03-31 22:00:00,1744.01,0.0,0.4755207896232605
2026-03-31 23:00:00,999.99,0.0,0.4375992715358734
2026-04-01 00:00:00,1499.99,0.0,0.28789761662483215
2026-04-01 01:00:00,800.0,0.0,0.2211482971906662
2026-04-01 02:00:00,500.0,0.0,0.20719090104103088
2026-04-01 03:00:00,500.51,0.0,0.21209537982940674
2026-04-01 04:00:00,835.01,0.0,0.2062581330537796
2026-04-01 05:00:00,1200.0,0.0,0.2085028737783432
2026-04-01 06:00:00,1200.0,0.010605,0.23414741456508636
2026-04-01 07:00:00,500.03,0.555237,0.4042152762413025
2026-04-01 08:00:00,999.0,0.892908,0.4724653661251068
2026-04-01 09:00:00,404.49,0.530068,0.46995043754577637
2026-04-01 10:00:00,300.01,0.676245,0.44747233390808105
2026-04-01 11:00:00,300.0,1.071798,0.3987793028354645
2026-04-01 12:00:00,181.0,1.240691,0.43380144238471985
2026-04-01 13:00:00,200.01,1.591055,0.4306486248970032
2026-04-01 14:00:00,250.0,1.499511,0.3828585743904114
2026-04-01 15:00:00,250.01,0.273727,0.365852952003479
2026-04-01 16:00:00,500.01,0.014506,0.42787912487983704
2026-04-01 17:00:00,1200.01,0.008437,0.5035481452941895
2026-04-01 18:00:00,1300.01,0.0,0.5246390700340271
2026-04-01 19:00:00,2098.48,0.0,0.5287449955940247
2026-04-01 20:00:00,1699.01,0.0,0.5601099729537964
2026-04-01 21:00:00,1499.98,0.0,0.49061042070388794
2026-04-01 22:00:00,600.01,0.0,0.48583635687828064
2026-04-01 23:00:00,250.0,0.0,0.4646877348423004
2026-04-02 00:00:00,249.99,0.0,0.3233714699745178
2026-04-02 01:00:00,240.0,0.0,0.2219470739364624
2026-04-02 02:00:00,201.01,0.0,0.20767591893672943
2026-04-02 03:00:00,200.0,0.0,0.20831385254859924
2026-04-02 04:00:00,199.99,0.0,0.20928141474723816
2026-04-02 05:00:00,201.0,0.0,0.21512936055660248
2026-04-02 06:00:00,201.01,0.138601,0.23986577987670898
2026-04-02 07:00:00,250.01,0.932701,0.40269044041633606
2026-04-02 08:00:00,1000.0,1.8036569999999998,0.4768279194831848
2026-04-02 09:00:00,1200.01,2.4724909999999998,0.482276976108551
2026-04-02 10:00:00,1249.99,2.926905,0.4584610164165497
2026-04-02 11:00:00,1200.01,3.15696,0.4317503273487091
2026-04-02 12:00:00,499.99,3.173505,0.4098956882953644
2026-04-02 13:00:00,499.99,2.975799,0.44226938486099243
2026-04-02 14:00:00,500.0,2.238308,0.41760721802711487
2026-04-02 15:00:00,260.0,1.658403,0.38245052099227905
2026-04-02 16:00:00,300.01,1.030301,0.41222378611564636
2026-04-02 17:00:00,500.01,0.20649,0.47071555256843567
2026-04-02 18:00:00,899.0,0.0,0.5106577277183533
2026-04-02 19:00:00,2450.0,0.0,0.5147078037261963
2026-04-02 20:00:00,2047.61,0.0,0.5588763356208801
2026-04-02 21:00:00,2000.0,0.0,0.47855299711227417
2026-04-02 22:00:00,1000.01,0.0,0.4688299596309662
2026-04-02 23:00:00,355.99,0.0,0.41760510206222534
2026-04-03 00:00:00,237.0,0.0,0.28805238008499146
2026-04-03 01:00:00,201.01,0.0,0.22253291308879852
2026-04-03 02:00:00,200.0,0.0,0.20791663229465485
2026-04-03 03:00:00,174.99,0.0,0.20724274218082428
2026-04-03 04:00:00,171.02,0.0,0.20562885701656342
2026-04-03 05:00:00,189.99,0.0,0.21668247878551483
2026-04-03 06:00:00,190.01,0.0,0.23746660351753235
2026-04-03 07:00:00,174.99,0.361546,0.3812204897403717
2026-04-03 08:00:00,260.01,0.760812,0.447581022977829
2026-04-03 09:00:00,250.01,0.786832,0.42770659923553467
2026-04-03 10:00:00,200.01,0.6375919999999999,0.4790603220462799
2026-04-03 11:00:00,175.0,0.654734,0.41644302010536194
2026-04-03 12:00:00,170.01,0.377032,0.42568856477737427
2026-04-03 13:00:00,167.38,0.444553,0.4166909456253052
2026-04-03 14:00:00,179.0,0.5546939999999999,0.4153825342655182
2026-04-03 15:00:00,175.0,0.187256,0.32879820466041565
2026-04-03 16:00:00,240.0,0.023216999999999998,0.3798695504665375
2026-04-03 17:00:00,999.0,0.017063,0.4357113540172577
2026-04-03 18:00:00,1200.01,0.0,0.49231138825416565
2026-04-03 19:00:00,3000.01,0.0,0.4847646653652191
2026-04-03 20:00:00,3000.01,0.0,0.5071137547492981
2026-04-03 21:00:00,2587.01,0.0,0.5001325607299805
2026-04-03 22:00:00,1499.99,0.0,0.4647517502307892
2026-04-03 23:00:00,999.0,0.0,0.40848708152770996
2026-04-04 00:00:00,1200.01,0.0,0.29737749695777893
2026-04-04 01:00:00,999.0,0.0,0.2316773533821106
2026-04-04 02:00:00,875.99,0.0,0.21567264199256897
2026-04-04 03:00:00,610.0,0.0,0.20551079511642456
2026-04-04 04:00:00,699.99,0.0,0.2050059586763382
2026-04-04 05:00:00,999.99,0.0,0.21040786802768707
2026-04-04 06:00:00,900.01,0.0,0.22612938284873962
2026-04-04 07:00:00,250.01,0.298447,0.2823091745376587
2026-04-04 08:00:00,207.0,0.9892569999999999,0.42178258299827576
2026-04-04 09:00:00,199.01,1.21708,0.4553951323032379
2026-04-04 10:00:00,199.01,1.842832,0.44666787981987
2026-04-04 11:00:00,199.99,2.960524,0.4018254280090332
2026-04-04 12:00:00,175.0,3.025283,0.39837777614593506
2026-04-04 13:00:00,199.99,2.464868,0.3703742027282715
2026-04-04 14:00:00,200.01,2.540789,0.39793363213539124
2026-04-04 15:00:00,249.99,1.457959,0.3775829076766968
2026-04-04 16:00:00,456.0,0.911154,0.4162933826446533
2026-04-04 17:00:00,1499.99,0.424479,0.491467148065567
2026-04-04 18:00:00,3945.0,0.01635,0.5203880071640015
2026-04-04 19:00:00,4500.0,0.0,0.5267828702926636
2026-04-04 20:00:00,4499.98,0.0,0.505111038684845
2026-04-04 21:00:00,3600.0,0.0,0.44993388652801514
2026-04-04 22:00:00,1725.0,0.0,0.43476182222366333
2026-04-04 23:00:00,1090.48,0.0,0.428544819355011
2026-04-05 00:00:00,1350.0,0.0,0.3002273440361023
2026-04-05 01:00:00,999.99,0.0,0.24587346613407135
2026-04-05 02:00:00,500.0,0.0,0.21505938470363617
2026-04-05 03:00:00,300.0,0.0,0.20447741448879242
2026-04-05 04:00:00,299.99,0.0,0.20320925116539001
2026-04-05 05:00:00,299.2,0.0,0.21156972646713257
2026-04-05 06:00:00,234.08,0.13800800000000002,0.22153212130069733
2026-04-05 07:00:00,120.0,0.831331,0.2766542434692383
2026-04-05 08:00:00,0.0,1.595975,0.413380891084671
2026-04-05 09:00:00,0.0,2.2407869999999996,0.4363984763622284
2026-04-05 10:00:00,0.0,2.662023,0.45945441722869873
2026-04-05 11:00:00,0.0,2.572211,0.44951796531677246
2026-04-05 12:00:00,0.0,2.0035060000000002,0.4597824811935425
2026-04-05 13:00:00,0.0,2.112894,0.3615110218524933
2026-04-05 14:00:00,0.0,2.3283560000000003,0.3720608055591583
2026-04-05 15:00:00,0.0,1.7996159999999999,0.37848544120788574
2026-04-05 16:00:00,0.0,1.1228879999999999,0.4005674421787262
2026-04-05 17:00:00,171.01,0.415159,0.4754082262516022
2026-04-05 18:00:00,700.02,0.010394,0.4965813457965851
2026-04-05 19:00:00,1899.0,0.0,0.5290745496749878
2026-04-05 20:00:00,2000.01,0.0,0.4859519600868225
2026-04-05 21:00:00,1899.01,0.0,0.4433407187461853
2026-04-05 22:00:00,1090.48,0.0,0.4315629005432129
2026-04-05 23:00:00,500.01,0.0,0.39556407928466797
2026-04-06 00:00:00,288.59,0.0,0.25197142362594604
2026-04-06 01:00:00,250.01,0.0,0.21474774181842804
2026-04-06 02:00:00,250.0,0.0,0.2038734257221222
2026-04-06 03:00:00,249.99,0.0,0.19996678829193115
2026-04-06 04:00:00,249.99,0.0,0.20199765264987946
2026-04-06 05:00:00,300.01,0.0,0.20593547821044922
2026-04-06 06:00:00,310.99,0.0,0.22857891023159027
2026-04-06 07:00:00,252.01,0.16037600000000002,0.3836110532283783
2026-04-06 08:00:00,252.01,1.3223610000000001,0.45662400126457214
2026-04-06 09:00:00,200.0,1.86813,0.41626468300819397
2026-04-06 10:00:00,149.99,2.593912,0.449553906917572
2026-04-06 11:00:00,0.0,2.964132,0.4692368805408478
2026-04-06 12:00:00,0.0,2.952538,0.43063023686408997
2026-04-06 13:00:00,0.0,2.385243,0.4295588433742523
2026-04-06 14:00:00,146.51,2.276355,0.4112197458744049
2026-04-06 15:00:00,171.02,1.3466310000000001,0.3410564363002777
2026-04-06 16:00:00,500.0,0.775344,0.42186811566352844
2026-04-06 17:00:00,1990.0,0.10088899999999999,0.45815032720565796
2026-04-06 18:00:00,3249.99,0.0,0.523892879486084
2026-04-06 19:00:00,4400.0,0.0,0.532249391078949
2026-04-06 20:00:00,4450.01,0.0,0.5317426323890686
2026-04-06 21:00:00,3945.01,0.0,0.5049595236778259
2026-04-06 22:00:00,3323.69,0.0,0.5028773546218872
2026-04-06 23:00:00,2750.01,0.0,0.4380020201206207
2026-04-07 00:00:00,1729.99,0.0,0.26898396015167236
2026-04-07 01:00:00,1123.45,0.0,0.21534687280654907
2026-04-07 02:00:00,989.99,0.0,0.21379391849040985
2026-04-07 03:00:00,999.99,0.0,0.20465649664402008
2026-04-07 04:00:00,999.98,0.0,0.20425055921077728
2026-04-07 05:00:00,1200.01,0.0,0.21004146337509155
2026-04-07 06:00:00,1200.01,0.022379000000000003,0.23445755243301392
2026-04-07 07:00:00,600.0,0.006021,0.43851977586746216
2026-04-07 08:00:00,582.0,0.39899900000000005,0.47530439496040344
2026-04-07 09:00:00,235.01,1.2905630000000001,0.46466636657714844
2026-04-07 10:00:00,168.01,1.0651890000000002,0.4668322801589966
2026-04-07 11:00:00,170.01,2.15713,0.43675315380096436
2026-04-07 12:00:00,0.0,1.726266,0.4225742220878601
2026-04-07 13:00:00,0.0,1.47156,0.40564998984336853
2026-04-07 14:00:00,137.99,0.363301,0.3984273076057434
2026-04-07 15:00:00,0.0,0.7338450000000001,0.37230804562568665
2026-04-07 16:00:00,171.0,0.378282,0.4352547824382782
2026-04-07 17:00:00,749.48,0.167377,0.5098194479942322
2026-04-07 18:00:00,2699.99,0.0,0.5327286124229431
2026-04-07 19:00:00,4500.0,0.0,0.5045793652534485
2026-04-07 20:00:00,4349.99,0.0,0.5285993218421936
2026-04-07 21:00:00,3945.0,0.0,0.49092501401901245
2026-04-07 22:00:00,1275.0,0.0,0.4755207896232605
2026-04-07 23:00:00,525.87,0.0,0.4375992715358734
2026-04-08 00:00:00,998.01,0.0,0.28789761662483215
2026-04-08 01:00:00,397.39,0.0,0.2211482971906662
2026-04-08 02:00:00,303.0,0.0,0.20719090104103088
2026-04-08 03:00:00,270.0,0.0,0.21209537982940674
2026-04-08 04:00:00,250.0,0.0,0.2062581330537796
2026-04-08 05:00:00,260.01,0.0,0.2085028737783432
2026-04-08 06:00:00,270.01,0.000354,0.23414741456508636
2026-04-08 07:00:00,250.0,0.307099,0.4042152762413025
2026-04-08 08:00:00,749.48,0.31725099999999995,0.4724653661251068
2026-04-08 09:00:00,320.02,0.564055,0.46995043754577637
2026-04-08 10:00:00,260.0,0.779104,0.44747233390808105
2026-04-08 11:00:00,224.0,0.7450990000000001,0.3987793028354645
2026-04-08 12:00:00,170.01,1.154194,0.43380144238471985
2026-04-08 13:00:00,171.01,0.377897,0.4306486248970032
2026-04-08 14:00:00,200.01,0.312878,0.3828585743904114
2026-04-08 15:00:00,199.0,0.141153,0.365852952003479
2026-04-08 16:00:00,234.99,0.08007399999999999,0.42787912487983704
2026-04-08 17:00:00,749.47,0.0036509999999999997,0.5035481452941895
2026-04-08 18:00:00,900.0,0.0,0.5246390700340271
2026-04-08 19:00:00,2037.0,0.0,0.5287449955940247
2026-04-08 20:00:00,2199.99,0.0,0.5601099729537964
2026-04-08 21:00:00,2750.0,0.0,0.49061042070388794
2026-04-08 22:00:00,1264.37,0.0,0.48583635687828064
2026-04-08 23:00:00,700.02,0.0,0.4646877348423004
2026-04-09 00:00:00,492.0,0.0,0.3233714699745178
2026-04-09 01:00:00,700.0,0.0,0.2219470739364624
2026-04-09 02:00:00,880.0,0.0,0.20767591893672943
2026-04-09 03:00:00,876.0,0.0,0.20831385254859924
2026-04-09 04:00:00,999.99,0.0,0.20928141474723816
2026-04-09 05:00:00,1200.01,0.0,0.21512936055660248
2026-04-09 06:00:00,1499.99,0.0,0.23986577987670898
2026-04-09 07:00:00,1050.0,0.052031,0.40269044041633606
2026-04-09 08:00:00,1000.0,0.168868,0.4768279194831848
2026-04-09 09:00:00,499.99,0.592212,0.482276976108551
2026-04-09 10:00:00,299.76,1.224938,0.4584610164165497
2026-04-09 11:00:00,250.0,0.972268,0.4317503273487091
2026-04-09 12:00:00,189.99,0.9564819999999999,0.4098956882953644
2026-04-09 13:00:00,200.01,0.61373,0.44226938486099243
2026-04-09 14:00:00,500.0,0.333551,0.41760721802711487
2026-04-09 15:00:00,350.0,0.0179,0.38245052099227905
2026-04-09 16:00:00,1000.0,0.033275,0.41222378611564636
2026-04-09 17:00:00,3323.7,0.0,0.47071555256843567
2026-04-09 18:00:00,3696.0,0.0,0.5106577277183533
2026-04-09 19:00:00,4500.0,0.0,0.5147078037261963
2026-04-09 20:00:00,4500.0,0.0,0.5588763356208801
2026-04-09 21:00:00,4400.01,0.0,0.47855299711227417
2026-04-09 22:00:00,3400.0,0.0,0.4688299596309662
2026-04-09 23:00:00,2785.7,0.0,0.41760510206222534
2026-04-10 00:00:00,2699.99,0.0,0.28805238008499146
2026-04-10 01:00:00,1200.01,0.0,0.22253291308879852
2026-04-10 02:00:00,1200.0,0.0,0.20791663229465485
2026-04-10 03:00:00,1200.01,0.0,0.20724274218082428
2026-04-10 04:00:00,1200.01,0.0,0.20562885701656342
2026-04-10 05:00:00,1695.0,0.0,0.21668247878551483
2026-04-10 06:00:00,1200.0,0.204194,0.23746660351753235
2026-04-10 07:00:00,750.01,0.630599,0.3812204897403717
2026-04-10 08:00:00,3599.99,1.7427190000000001,0.447581022977829
2026-04-10 09:00:00,2100.0,2.365372,0.42770659923553467
2026-04-10 10:00:00,999.99,2.8168580000000003,0.4790603220462799
2026-04-10 11:00:00,1200.0,3.1161999999999996,0.41644302010536194
2026-04-10 12:00:00,443.01,3.15473,0.42568856477737427
2026-04-10 13:00:00,300.01,2.9713290000000003,0.4166909456253052
2026-04-10 14:00:00,1082.64,2.577668,0.4153825342655182
2026-04-10 15:00:00,745.0,2.0199030000000002,0.32879820466041565
2026-04-10 16:00:00,999.99,1.282797,0.3798695504665375
2026-04-10 17:00:00,2080.99,0.462608,0.4357113540172577
2026-04-10 18:00:00,2451.0,0.031737,0.49231138825416565
2026-04-10 19:00:00,4450.0,0.0,0.4847646653652191
2026-04-10 20:00:00,4500.0,0.0,0.5071137547492981
2026-04-10 21:00:00,3599.99,0.0,0.5001325607299805
2026-04-10 22:00:00,2660.0,0.0,0.4647517502307892
2026-04-10 23:00:00,1650.0,0.0,0.40848708152770996
2026-04-11 00:00:00,2499.99,0.0,0.29737749695777893
2026-04-11 01:00:00,1200.01,0.0,0.2316773533821106
2026-04-11 02:00:00,1130.0,0.0,0.21567264199256897
2026-04-11 03:00:00,1200.0,0.0,0.20551079511642456
2026-04-11 04:00:00,1200.0,0.0,0.2050059586763382
2026-04-11 05:00:00,1200.01,0.0,0.21040786802768707
2026-04-11 06:00:00,1150.0,0.218558,0.22612938284873962
2026-04-11 07:00:00,500.0,0.6404719999999999,0.2823091745376587
2026-04-11 08:00:00,999.98,1.070883,0.42178258299827576
2026-04-11 09:00:00,449.48,1.6063640000000001,0.4553951323032379
2026-04-11 10:00:00,250.0,1.106533,0.44666787981987
2026-04-11 11:00:00,225.0,2.2699279999999997,0.4018254280090332
2026-04-11 12:00:00,171.01,0.257125,0.39837777614593506
2026-04-11 13:00:00,190.0,1.611883,0.3703742027282715
2026-04-11 14:00:00,250.0,1.265919,0.39793363213539124
2026-04-11 15:00:00,301.0,1.450394,0.3775829076766968
2026-04-11 16:00:00,402.0,0.942476,0.4162933826446533
2026-04-11 17:00:00,1913.01,0.318824,0.491467148065567
2026-04-11 18:00:00,3249.99,0.033489,0.5203880071640015
2026-04-11 19:00:00,4500.0,0.0,0.5267828702926636
2026-04-11 20:00:00,4500.0,0.0,0.505111038684845
2026-04-11 21:00:00,4099.99,0.0,0.44993388652801514
2026-04-11 22:00:00,3100.01,0.0,0.43476182222366333
2026-04-11 23:00:00,3500.01,0.0,0.428544819355011
2026-04-12 00:00:00,2699.99,0.0,0.3002273440361023
2026-04-12 01:00:00,1499.98,0.0,0.24587346613407135
2026-04-12 02:00:00,1200.0,0.0,0.21505938470363617
2026-04-12 03:00:00,1200.0,0.0,0.20447741448879242
2026-04-12 04:00:00,999.99,0.0,0.20320925116539001
2026-04-12 05:00:00,1200.0,0.0,0.21156972646713257
2026-04-12 06:00:00,999.98,0.24047900000000003,0.22153212130069733
2026-04-12 07:00:00,200.01,1.041307,0.2766542434692383
2026-04-12 08:00:00,0.0,1.836647,0.413380891084671
2026-04-12 09:00:00,0.0,2.425754,0.4363984763622284
2026-04-12 10:00:00,0.0,2.810349,0.45945441722869873
2026-04-12 11:00:00,0.0,3.017773,0.44951796531677246
2026-04-12 12:00:00,0.0,3.043822,0.4597824811935425
2026-04-12 13:00:00,0.0,2.8767869999999998,0.3615110218524933
2026-04-12 14:00:00,0.0,2.515091,0.3720608055591583
2026-04-12 15:00:00,0.0,1.636634,0.37848544120788574
2026-04-12 16:00:00,0.0,1.034271,0.4005674421787262
2026-04-12 17:00:00,190.0,0.412742,0.4754082262516022
2026-04-12 18:00:00,550.0,0.031136,0.4965813457965851
2026-04-12 19:00:00,3451.53,0.0,0.5290745496749878
2026-04-12 20:00:00,4099.99,0.0,0.4859519600868225
2026-04-12 21:00:00,2799.0,0.0,0.4433407187461853
2026-04-12 22:00:00,1249.99,0.0,0.4315629005432129
2026-04-12 23:00:00,745.01,0.0,0.39556407928466797
2026-04-13 00:00:00,499.99,0.0,0.25197142362594604
2026-04-13 01:00:00,300.0,0.0,0.21474774181842804
2026-04-13 02:00:00,249.99,0.0,0.2038734257221222
2026-04-13 03:00:00,250.0,0.0,0.19996678829193115
2026-04-13 04:00:00,225.0,0.0,0.20199765264987946
2026-04-13 05:00:00,300.0,0.0,0.20593547821044922
2026-04-13 06:00:00,328.82,0.207435,0.22857891023159027
2026-04-13 07:00:00,250.0,1.027644,0.3836110532283783
2026-04-13 08:00:00,453.84,1.825153,0.45662400126457214
2026-04-13 09:00:00,225.01,2.45148,0.41626468300819397
2026-04-13 10:00:00,171.01,2.893208,0.449553906917572
2026-04-13 11:00:00,171.02,3.129165,0.4692368805408478
2026-04-13 12:00:00,0.0,3.1456570000000004,0.43063023686408997
2026-04-13 13:00:00,50.01,2.9562579999999996,0.4295588433742523
2026-04-13 14:00:00,170.0,2.589301,0.4112197458744049
2026-04-13 15:00:00,167.36,2.008991,0.3410564363002777
2026-04-13 16:00:00,199.0,1.271161,0.42186811566352844
2026-04-13 17:00:00,999.99,0.465785,0.45815032720565796
2026-04-13 18:00:00,3495.0,0.0,0.523892879486084
2026-04-13 19:00:00,4500.0,0.0,0.532249391078949
2026-04-13 20:00:00,4500.0,0.0,0.5317426323890686
2026-04-13 21:00:00,4500.0,0.0,0.5049595236778259
2026-04-13 22:00:00,3639.18,0.0,0.5028773546218872
2026-04-13 23:00:00,3023.6,0.0,0.4380020201206207
2026-04-14 00:00:00,2997.99,0.0,0.26898396015167236
2026-04-14 01:00:00,1400.0,0.0,0.21534687280654907
2026-04-14 02:00:00,1150.01,0.0,0.21379391849040985
2026-04-14 03:00:00,1500.0,0.0,0.20465649664402008
2026-04-14 04:00:00,1200.0,0.0,0.20425055921077728
2026-04-14 05:00:00,1550.0,0.0,0.21004146337509155
2026-04-14 06:00:00,1550.0,0.026155,0.23445755243301392
2026-04-14 07:00:00,800.0,0.573443,0.43851977586746216
2026-04-14 08:00:00,850.0,1.248076,0.47530439496040344
2026-04-14 09:00:00,300.0,1.388201,0.46466636657714844
2026-04-14 10:00:00,200.01,1.324893,0.4668322801589966
2026-04-14 11:00:00,200.0,1.702216,0.43675315380096436
2026-04-14 12:00:00,149.99,1.0592249999999999,0.4225742220878601
2026-04-14 13:00:00,170.99,0.987155,0.40564998984336853
2026-04-14 14:00:00,255.99,0.724745,0.3984273076057434
2026-04-14 15:00:00,236.99,0.636931,0.37230804562568665
2026-04-14 16:00:00,500.0,0.24830000000000002,0.4352547824382782
2026-04-14 17:00:00,2900.01,0.275109,0.5098194479942322
2026-04-14 18:00:00,2081.0,0.0,0.5327286124229431
2026-04-14 19:00:00,4499.98,0.0,0.5045793652534485
2026-04-14 20:00:00,4500.0,0.0,0.5285993218421936
2026-04-14 21:00:00,4389.99,0.0,0.49092501401901245
2026-04-14 22:00:00,3250.0,0.0,0.4755207896232605
2026-04-14 23:00:00,3234.39,0.0,0.4375992715358734
2026-04-15 00:00:00,2099.99,0.0,0.28789761662483215
2026-04-15 01:00:00,1898.01,0.0,0.2211482971906662
2026-04-15 02:00:00,1499.99,0.0,0.20719090104103088
2026-04-15 03:00:00,1500.0,0.0,0.21209537982940674
2026-04-15 04:00:00,1295.01,0.0,0.2062581330537796
2026-04-15 05:00:00,1500.0,0.0,0.2085028737783432
2026-04-15 06:00:00,1450.0,0.003363,0.23414741456508636
2026-04-15 07:00:00,999.99,0.412964,0.4042152762413025
2026-04-15 08:00:00,2499.0,1.077237,0.4724653661251068
2026-04-15 09:00:00,1450.01,1.0663150000000001,0.46995043754577637
2026-04-15 10:00:00,880.0,2.066742,0.44747233390808105
2026-04-15 11:00:00,799.01,1.741652,0.3987793028354645
2026-04-15 12:00:00,217.64,0.53384,0.43380144238471985
2026-04-15 13:00:00,250.0,0.481049,0.4306486248970032
2026-04-15 14:00:00,699.99,0.18019900000000003,0.3828585743904114
2026-04-15 15:00:00,453.85,0.15447999999999998,0.365852952003479
2026-04-15 16:00:00,1226.01,0.033055999999999995,0.42787912487983704
2026-04-15 17:00:00,2600.0,0.033003,0.5035481452941895
2026-04-15 18:00:00,2899.99,0.0,0.5246390700340271
2026-04-15 19:00:00,4500.0,0.0,0.5287449955940247
2026-04-15 20:00:00,4500.0,0.0,0.5601099729537964
2026-04-15 21:00:00,4084.79,0.0,0.49061042070388794
2026-04-15 22:00:00,3250.0,0.0,0.48583635687828064
2026-04-15 23:00:00,1619.98,0.0,0.4646877348423004
2026-04-16 00:00:00,1200.0,0.0,0.3233714699745178
2026-04-16 01:00:00,999.99,0.0,0.2219470739364624
2026-04-16 02:00:00,999.98,0.0,0.20767591893672943
2026-04-16 03:00:00,813.0,0.0,0.20831385254859924
2026-04-16 04:00:00,500.0,0.0,0.20928141474723816
2026-04-16 05:00:00,700.01,0.0,0.21512936055660248
2026-04-16 06:00:00,493.0,0.0,0.23986577987670898
2026-04-16 07:00:00,299.99,0.015288,0.40269044041633606
2026-04-16 08:00:00,328.82,0.10540000000000001,0.4768279194831848
2026-04-16 09:00:00,200.01,0.13483799999999999,0.482276976108551
2026-04-16 10:00:00,189.99,0.31748000000000004,0.4584610164165497
2026-04-16 11:00:00,175.0,0.6945009999999999,0.4317503273487091
2026-04-16 12:00:00,0.0,0.29781799999999997,0.4098956882953644
2026-04-16 13:00:00,100.01,0.361591,0.44226938486099243
2026-04-16 14:00:00,171.0,0.893419,0.41760721802711487
2026-04-16 15:00:00,167.36,0.327847,0.38245052099227905
2026-04-16 16:00:00,199.99,0.19202699999999998,0.41222378611564636
2026-04-16 17:00:00,800.01,0.0,0.47071555256843567
2026-04-16 18:00:00,999.98,0.0,0.5106577277183533
2026-04-16 19:00:00,2570.0,0.0,0.5147078037261963
2026-04-16 20:00:00,2499.99,0.0,0.5588763356208801
2026-04-16 21:00:00,1499.99,0.0,0.47855299711227417
2026-04-16 22:00:00,999.38,0.0,0.4688299596309662
2026-04-16 23:00:00,500.0,0.0,0.41760510206222534
2026-04-17 00:00:00,465.2,0.0,0.28805238008499146
2026-04-17 01:00:00,500.0,0.0,0.22253291308879852
2026-04-17 02:00:00,349.99,0.0,0.20791663229465485
2026-04-17 03:00:00,327.01,0.0,0.20724274218082428
2026-04-17 04:00:00,310.0,0.0,0.20562885701656342
2026-04-17 05:00:00,331.43,0.0,0.21668247878551483
2026-04-17 06:00:00,300.01,0.0,0.23746660351753235
2026-04-17 07:00:00,250.01,0.561176,0.3812204897403717
2026-04-17 08:00:00,302.99,1.089586,0.447581022977829
2026-04-17 09:00:00,200.01,1.540954,0.42770659923553467
2026-04-17 10:00:00,171.01,1.702751,0.4790603220462799
2026-04-17 11:00:00,171.0,1.143051,0.41644302010536194
2026-04-17 12:00:00,150.0,1.324041,0.42568856477737427
2026-04-17 13:00:00,150.0,1.10802,0.4166909456253052
2026-04-17 14:00:00,177.0,1.643901,0.4153825342655182
2026-04-17 15:00:00,177.0,0.858426,0.32879820466041565
2026-04-17 16:00:00,257.01,0.287717,0.3798695504665375
2026-04-17 17:00:00,478.99,0.006441,0.4357113540172577
2026-04-17 18:00:00,453.84,0.052011,0.49231138825416565
2026-04-17 19:00:00,1200.0,0.0,0.4847646653652191
2026-04-17 20:00:00,1275.0,0.0,0.5071137547492981
2026-04-17 21:00:00,999.99,0.0,0.5001325607299805
2026-04-17 22:00:00,398.47,0.0,0.4647517502307892
2026-04-17 23:00:00,250.0,0.0,0.40848708152770996
2026-04-18 00:00:00,301.41,0.0,0.29737749695777893
2026-04-18 01:00:00,299.68,0.0,0.2316773533821106
2026-04-18 02:00:00,240.0,0.0,0.21567264199256897
2026-04-18 03:00:00,200.0,0.0,0.20551079511642456
2026-04-18 04:00:00,199.99,0.0,0.2050059586763382
2026-04-18 05:00:00,200.0,0.0,0.21040786802768707
2026-04-18 06:00:00,190.01,0.31337,0.22612938284873962
2026-04-18 07:00:00,190.01,0.809636,0.2823091745376587
2026-04-18 08:00:00,310.01,0.5009239999999999,0.42178258299827576
2026-04-18 09:00:00,500.0,0.937346,0.4553951323032379
2026-04-18 10:00:00,400.01,1.5222200000000001,0.44666787981987
2026-04-18 11:00:00,660.0,2.166374,0.4018254280090332
2026-04-18 12:00:00,260.0,1.352368,0.39837777614593506
2026-04-18 13:00:00,300.0,2.03404,0.3703742027282715
2026-04-18 14:00:00,350.3,1.848942,0.39793363213539124
2026-04-18 15:00:00,236.99,1.45402,0.3775829076766968
2026-04-18 16:00:00,190.01,1.384923,0.4162933826446533
2026-04-18 17:00:00,240.01,0.462063,0.491467148065567
2026-04-18 18:00:00,398.47,0.036914999999999996,0.5203880071640015
2026-04-18 19:00:00,1499.98,0.0,0.5267828702926636
2026-04-18 20:00:00,2874.99,0.0,0.505111038684845
2026-04-18 21:00:00,1898.0,0.0,0.44993388652801514
2026-04-18 22:00:00,1157.0,0.0,0.43476182222366333
2026-04-18 23:00:00,500.39,0.0,0.428544819355011
2026-04-19 00:00:00,270.01,0.0,0.3002273440361023
2026-04-19 01:00:00,257.01,0.0,0.24587346613407135
2026-04-19 02:00:00,250.0,0.0,0.21505938470363617
2026-04-19 03:00:00,240.01,0.0,0.20447741448879242
2026-04-19 04:00:00,222.99,0.0,0.20320925116539001
2026-04-19 05:00:00,237.0,0.0,0.21156972646713257
2026-04-19 06:00:00,199.01,0.310548,0.22153212130069733
2026-04-19 07:00:00,170.0,1.1216210000000002,0.2766542434692383
2026-04-19 08:00:00,170.0,1.939044,0.413380891084671
2026-04-19 09:00:00,20.0,2.580307,0.4363984763622284
2026-04-19 10:00:00,0.0,3.02875,0.45945441722869873
2026-04-19 11:00:00,0.0,2.518709,0.44951796531677246
2026-04-19 12:00:00,0.0,2.5031190000000003,0.4597824811935425
2026-04-19 13:00:00,0.0,2.498888,0.3615110218524933
2026-04-19 14:00:00,0.0,2.079969,0.3720608055591583
2026-04-19 15:00:00,0.0,1.63524,0.37848544120788574
2026-04-19 16:00:00,0.0,1.117604,0.4005674421787262
2026-04-19 17:00:00,171.0,0.533003,0.4754082262516022
2026-04-19 18:00:00,250.01,0.042234,0.4965813457965851
2026-04-19 19:00:00,1200.0,0.0,0.5290745496749878
2026-04-19 20:00:00,1952.01,0.0,0.4859519600868225
2026-04-19 21:00:00,1414.68,0.0,0.4433407187461853
2026-04-19 22:00:00,999.99,0.0,0.4315629005432129
2026-04-19 23:00:00,482.85,0.0,0.39556407928466797
2026-04-20 00:00:00,303.81,0.0,0.25197142362594604
2026-04-20 01:00:00,300.01,0.0,0.21474774181842804
2026-04-20 02:00:00,256.0,0.0,0.2038734257221222
2026-04-20 03:00:00,267.0,0.0,0.19996678829193115
2026-04-20 04:00:00,270.0,0.0,0.20199765264987946
2026-04-20 05:00:00,311.0,0.0,0.20593547821044922
2026-04-20 06:00:00,330.0,0.0,0.22857891023159027
2026-04-20 07:00:00,300.01,0.235893,0.3836110532283783
2026-04-20 08:00:00,749.99,0.706521,0.45662400126457214
2026-04-20 09:00:00,453.84,1.076687,0.41626468300819397
2026-04-20 10:00:00,235.0,0.754502,0.449553906917572
2026-04-20 11:00:00,199.99,0.975611,0.4692368805408478
2026-04-20 12:00:00,149.99,1.302372,0.43063023686408997
2026-04-20 13:00:00,167.34,1.501822,0.4295588433742523
2026-04-20 14:00:00,171.01,2.696969,0.4112197458744049
2026-04-20 15:00:00,171.0,2.131112,0.3410564363002777
2026-04-20 16:00:00,250.0,1.3816089999999999,0.42186811566352844
2026-04-20 17:00:00,850.0,0.527683,0.45815032720565796
2026-04-20 18:00:00,3100.01,0.036044,0.523892879486084
2026-04-20 19:00:00,4500.0,0.0,0.532249391078949
2026-04-20 20:00:00,4500.0,0.0,0.5317426323890686
2026-04-20 21:00:00,4211.3,0.0,0.5049595236778259
2026-04-20 22:00:00,3323.7,0.0,0.5028773546218872
2026-04-20 23:00:00,1727.09,0.0,0.4380020201206207
2026-04-21 00:00:00,1499.98,0.0,0.26898396015167236
2026-04-21 01:00:00,997.0,0.0,0.21534687280654907
2026-04-21 02:00:00,749.98,0.0,0.21379391849040985
2026-04-21 03:00:00,500.0,0.0,0.20465649664402008
2026-04-21 04:00:00,499.99,0.0,0.20425055921077728
2026-04-21 05:00:00,700.0,0.0,0.21004146337509155
2026-04-21 06:00:00,499.99,0.0,0.23445755243301392
2026-04-21 07:00:00,300.01,0.260215,0.43851977586746216
2026-04-21 08:00:00,311.0,0.978121,0.47530439496040344
2026-04-21 09:00:00,175.01,0.724894,0.46466636657714844
2026-04-21 10:00:00,100.0,1.024601,0.4668322801589966
2026-04-21 11:00:00,0.0,2.267807,0.43675315380096436
2026-04-21 12:00:00,0.0,2.124003,0.4225742220878601
2026-04-21 13:00:00,0.0,1.323817,0.40564998984336853
2026-04-21 14:00:00,0.0,1.075258,0.3984273076057434
2026-04-21 15:00:00,30.0,1.538797,0.37230804562568665
2026-04-21 16:00:00,190.0,1.291865,0.4352547824382782
2026-04-21 17:00:00,500.0,0.523162,0.5098194479942322
2026-04-21 18:00:00,1499.98,0.013811,0.5327286124229431
2026-04-21 19:00:00,4500.0,0.0,0.5045793652534485
2026-04-21 20:00:00,4500.0,0.0,0.5285993218421936
2026-04-21 21:00:00,3499.0,0.0,0.49092501401901245
2026-04-21 22:00:00,1499.99,0.0,0.4755207896232605
2026-04-21 23:00:00,749.98,0.0,0.4375992715358734
2026-04-22 00:00:00,500.01,0.0,0.28789761662483215
2026-04-22 01:00:00,500.01,0.0,0.2211482971906662
2026-04-22 02:00:00,400.0,0.0,0.20719090104103088
2026-04-22 03:00:00,499.99,0.0,0.21209537982940674
2026-04-22 04:00:00,495.01,0.0,0.2062581330537796
2026-04-22 05:00:00,732.0,0.0,0.2085028737783432
2026-04-22 06:00:00,370.0,0.06637,0.23414741456508636
2026-04-22 07:00:00,199.0,0.309621,0.4042152762413025
2026-04-22 08:00:00,180.05,0.559369,0.4724653661251068
2026-04-22 09:00:00,171.0,1.107414,0.46995043754577637
2026-04-22 10:00:00,100.01,2.044548,0.44747233390808105
2026-04-22 11:00:00,1.0,1.4972940000000001,0.3987793028354645
2026-04-22 12:00:00,0.0,2.200256,0.43380144238471985
2026-04-22 13:00:00,0.0,1.8615979999999999,0.4306486248970032
2026-04-22 14:00:00,65.38,2.082695,0.3828585743904114
2026-04-22 15:00:00,120.0,1.593391,0.365852952003479
2026-04-22 16:00:00,177.0,0.905049,0.42787912487983704
2026-04-22 17:00:00,371.88,0.542712,0.5035481452941895
2026-04-22 18:00:00,749.99,0.045922,0.5246390700340271
2026-04-22 19:00:00,2999.0,0.0,0.5287449955940247
2026-04-22 20:00:00,3600.01,0.0,0.5601099729537964
2026-04-22 21:00:00,2900.01,0.0,0.49061042070388794
2026-04-22 22:00:00,1001.0,0.0,0.48583635687828064
2026-04-22 23:00:00,310.01,0.0,0.4646877348423004
2026-04-23 00:00:00,240.01,0.0,0.3233714699745178
2026-04-23 01:00:00,209.01,0.0,0.2219470739364624
2026-04-23 02:00:00,199.0,0.0,0.20767591893672943
2026-04-23 03:00:00,199.0,0.0,0.20831385254859924
2026-04-23 04:00:00,175.01,0.0,0.20928141474723816
2026-04-23 05:00:00,180.26,0.0,0.21512936055660248
2026-04-23 06:00:00,170.99,0.364269,0.23986577987670898
2026-04-23 07:00:00,0.0,1.2064970000000002,0.40269044041633606
2026-04-23 08:00:00,0.0,1.994533,0.4768279194831848
2026-04-23 09:00:00,0.0,2.573966,0.482276976108551
2026-04-23 10:00:00,0.0,2.92942,0.4584610164165497
2026-04-23 11:00:00,0.0,3.1254299999999997,0.4317503273487091
2026-04-23 12:00:00,0.0,3.1726039999999998,0.4098956882953644
2026-04-23 13:00:00,0.0,3.008321,0.44226938486099243
2026-04-23 14:00:00,0.0,2.225964,0.41760721802711487
2026-04-23 15:00:00,0.0,1.682336,0.38245052099227905
2026-04-23 16:00:00,0.0,1.1679570000000001,0.41222378611564636
2026-04-23 17:00:00,190.0,0.543649,0.47071555256843567
2026-04-23 18:00:00,499.99,0.044265,0.5106577277183533
2026-04-23 19:00:00,1500.0,0.0,0.5147078037261963
2026-04-23 20:00:00,3250.0,0.0,0.5588763356208801
2026-04-23 21:00:00,1784.01,0.0,0.47855299711227417
2026-04-23 22:00:00,759.01,0.0,0.4688299596309662
2026-04-23 23:00:00,450.0,0.0,0.41760510206222534
2026-04-24 00:00:00,600.01,0.0,0.28805238008499146
2026-04-24 01:00:00,499.99,0.0,0.22253291308879852
2026-04-24 02:00:00,350.31,0.0,0.20791663229465485
2026-04-24 03:00:00,389.99,0.0,0.20724274218082428
2026-04-24 04:00:00,450.0,0.0,0.20562885701656342
2026-04-24 05:00:00,750.0,0.0,0.21668247878551483
2026-04-24 06:00:00,700.0,0.360726,0.23746660351753235
2026-04-24 07:00:00,450.0,1.1561210000000002,0.3812204897403717
2026-04-24 08:00:00,749.99,1.88514,0.447581022977829
2026-04-24 09:00:00,350.31,2.434228,0.42770659923553467
2026-04-24 10:00:00,200.01,2.7898620000000003,0.4790603220462799
2026-04-24 11:00:00,199.01,2.957163,0.41644302010536194
2026-04-24 12:00:00,50.0,2.934939,0.42568856477737427
2026-04-24 13:00:00,0.0,2.754181,0.4166909456253052
2026-04-24 14:00:00,170.0,2.426375,0.4153825342655182
2026-04-24 15:00:00,170.0,1.945248,0.32879820466041565
2026-04-24 16:00:00,209.0,1.285452,0.3798695504665375
2026-04-24 17:00:00,999.99,0.521928,0.4357113540172577
2026-04-24 18:00:00,1499.99,0.041868,0.49231138825416565
2026-04-24 19:00:00,4200.0,0.0,0.4847646653652191
2026-04-24 20:00:00,4400.0,0.0,0.5071137547492981
2026-04-24 21:00:00,2900.01,0.0,0.5001325607299805
2026-04-24 22:00:00,1390.0,0.0,0.4647517502307892
2026-04-24 23:00:00,749.98,0.0,0.40848708152770996
2026-04-25 00:00:00,699.99,0.0,0.29737749695777893
2026-04-25 01:00:00,699.98,0.0,0.2316773533821106
2026-04-25 02:00:00,399.99,0.0,0.21567264199256897
2026-04-25 03:00:00,350.3,0.0,0.20551079511642456
2026-04-25 04:00:00,340.01,0.0,0.2050059586763382
2026-04-25 05:00:00,334.99,0.0,0.21040786802768707
2026-04-25 06:00:00,209.01,0.361937,0.22612938284873962
2026-04-25 07:00:00,171.0,1.1428420000000001,0.2823091745376587
2026-04-25 08:00:00,167.32,1.850274,0.42178258299827576
2026-04-25 09:00:00,0.0,2.362951,0.4553951323032379
2026-04-25 10:00:00,0.0,2.712802,0.44666787981987
2026-04-25 11:00:00,0.0,2.887431,0.4018254280090332
2026-04-25 12:00:00,0.0,2.900456,0.39837777614593506
2026-04-25 13:00:00,0.0,2.730257,0.3703742027282715
2026-04-25 14:00:00,0.0,2.411736,0.39793363213539124
2026-04-25 15:00:00,10.0,1.9196849999999999,0.3775829076766968
2026-04-25 16:00:00,171.01,1.2829949999999999,0.4162933826446533
2026-04-25 17:00:00,349.99,0.525029,0.491467148065567
2026-04-25 18:00:00,1200.01,0.044488,0.5203880071640015
2026-04-25 19:00:00,4444.08,0.0,0.5267828702926636
2026-04-25 20:00:00,4500.0,0.0,0.505111038684845
2026-04-25 21:00:00,4264.15,0.0,0.44993388652801514
2026-04-25 22:00:00,1649.99,0.0,0.43476182222366333
2026-04-25 23:00:00,879.99,0.0,0.428544819355011
2026-04-26 00:00:00,900.0,0.0,0.3002273440361023
2026-04-26 01:00:00,1200.0,0.0,0.24587346613407135
2026-04-26 02:00:00,1000.01,0.0,0.21505938470363617
2026-04-26 03:00:00,999.99,0.0,0.20447741448879242
2026-04-26 04:00:00,899.01,0.0,0.20320925116539001
2026-04-26 05:00:00,998.0,0.0,0.21156972646713257
2026-04-26 06:00:00,449.01,0.37729199999999996,0.22153212130069733
2026-04-26 07:00:00,99.48,1.176426,0.2766542434692383
2026-04-26 08:00:00,0.0,1.899778,0.413380891084671
2026-04-26 09:00:00,0.0,2.4223000000000003,0.4363984763622284
2026-04-26 10:00:00,0.0,2.771671,0.45945441722869873
2026-04-26 11:00:00,0.0,2.9250540000000003,0.44951796531677246
2026-04-26 12:00:00,0.0,2.893208,0.4597824811935425
2026-04-26 13:00:00,0.0,2.759279,0.3615110218524933
2026-04-26 14:00:00,0.0,2.4790590000000003,0.3720608055591583
2026-04-26 15:00:00,0.0,2.0005699999999997,0.37848544120788574
2026-04-26 16:00:00,0.0,1.328155,0.4005674421787262
2026-04-26 17:00:00,6.0,0.531686,0.4754082262516022
2026-04-26 18:00:00,253.0,0.047093,0.4965813457965851
2026-04-26 19:00:00,1104.0,0.0,0.5290745496749878
2026-04-26 20:00:00,3800.01,0.0,0.4859519600868225
2026-04-26 21:00:00,2200.01,0.0,0.4433407187461853
2026-04-26 22:00:00,800.0,0.0,0.4315629005432129
2026-04-26 23:00:00,300.0,0.0,0.39556407928466797
2026-04-27 00:00:00,240.0,0.0,0.25197142362594604
2026-04-27 01:00:00,199.99,0.0,0.21474774181842804
2026-04-27 02:00:00,171.0,0.0,0.2038734257221222
2026-04-27 03:00:00,161.0,0.0,0.19996678829193115
2026-04-27 04:00:00,96.08,0.0,0.20199765264987946
2026-04-27 05:00:00,133.01,0.0,0.20593547821044922
2026-04-27 06:00:00,100.01,0.396057,0.22857891023159027
2026-04-27 07:00:00,0.0,1.222262,0.3836110532283783
2026-04-27 08:00:00,0.0,1.9404849999999998,0.45662400126457214
2026-04-27 09:00:00,0.0,2.4426219999999996,0.41626468300819397
2026-04-27 10:00:00,0.0,2.77523,0.449553906917572
2026-04-27 11:00:00,0.0,2.9492469999999997,0.4692368805408478
2026-04-27 12:00:00,0.0,2.9634180000000003,0.43063023686408997
2026-04-27 13:00:00,0.0,2.791174,0.4295588433742523
2026-04-27 14:00:00,0.0,2.475354,0.4112197458744049
2026-04-27 15:00:00,0.0,1.9893399999999999,0.3410564363002777
2026-04-27 16:00:00,0.0,1.3160560000000001,0.42186811566352844
2026-04-27 17:00:00,171.01,0.525983,0.45815032720565796
2026-04-27 18:00:00,299.99,0.044458,0.523892879486084
2026-04-27 19:00:00,1000.0,0.0,0.532249391078949
2026-04-27 20:00:00,3299.99,0.0,0.5317426323890686
2026-04-27 21:00:00,1400.01,0.0,0.5049595236778259
2026-04-27 22:00:00,600.0,0.0,0.5028773546218872
2026-04-27 23:00:00,300.0,0.0,0.4380020201206207
2026-04-28 00:00:00,300.0,0.0,0.26898396015167236
2026-04-28 01:00:00,300.01,0.0,0.21534687280654907
2026-04-28 02:00:00,270.01,0.0,0.21379391849040985
2026-04-28 03:00:00,299.99,0.0,0.20465649664402008
2026-04-28 04:00:00,299.99,0.0,0.20425055921077728
2026-04-28 05:00:00,341.0,0.0,0.21004146337509155
2026-04-28 06:00:00,250.01,0.39182100000000003,0.23445755243301392
2026-04-28 07:00:00,170.01,1.1990509999999999,0.43851977586746216
2026-04-28 08:00:00,139.99,1.943726,0.47530439496040344
2026-04-28 09:00:00,0.0,2.534335,0.46466636657714844
2026-04-28 10:00:00,0.0,2.926653,0.4668322801589966
2026-04-28 11:00:00,0.0,3.1675619999999998,0.43675315380096436
2026-04-28 12:00:00,0.0,3.183237,0.4225742220878601
2026-04-28 13:00:00,0.0,2.513047,0.40564998984336853
2026-04-28 14:00:00,0.0,2.605152,0.3984273076057434
2026-04-28 15:00:00,0.0,2.0550439999999996,0.37230804562568665
2026-04-28 16:00:00,0.0,1.349203,0.4352547824382782
2026-04-28 17:00:00,200.0,0.546655,0.5098194479942322
2026-04-28 18:00:00,399.01,0.07959999999999999,0.5327286124229431
2026-04-28 19:00:00,1499.99,0.0,0.5045793652534485
2026-04-28 20:00:00,3200.0,0.0,0.5285993218421936
2026-04-28 21:00:00,1499.99,0.0,0.49092501401901245
2026-04-28 22:00:00,739.99,0.0,0.4755207896232605
2026-04-28 23:00:00,310.0,0.0,0.4375992715358734
2026-04-29 00:00:00,500.17,0.0,0.28789761662483215
2026-04-29 01:00:00,500.0,0.0,0.2211482971906662
2026-04-29 02:00:00,398.0,0.0,0.20719090104103088
2026-04-29 03:00:00,320.0,0.0,0.21209537982940674
2026-04-29 04:00:00,311.0,0.0,0.2062581330537796
2026-04-29 05:00:00,398.0,0.0,0.2085028737783432
2026-04-29 06:00:00,300.0,0.38538,0.23414741456508636
2026-04-29 07:00:00,179.99,1.152563,0.4042152762413025
2026-04-29 08:00:00,171.01,1.848809,0.4724653661251068
2026-04-29 09:00:00,6.0,2.3640309999999998,0.46995043754577637
2026-04-29 10:00:00,0.0,2.705538,0.44747233390808105
2026-04-29 11:00:00,0.0,2.845583,0.3987793028354645
2026-04-29 12:00:00,0.0,2.840162,0.43380144238471985
2026-04-29 13:00:00,0.0,2.768458,0.4306486248970032
2026-04-29 14:00:00,0.0,2.4878560000000003,0.3828585743904114
2026-04-29 15:00:00,0.0,2.0031969999999997,0.365852952003479
2026-04-29 16:00:00,169.91,1.334959,0.42787912487983704
2026-04-29 17:00:00,398.01,0.547563,0.5035481452941895
2026-04-29 18:00:00,890.01,0.062037,0.5246390700340271
2026-04-29 19:00:00,4300.01,0.0,0.5287449955940247
2026-04-29 20:00:00,4500.0,0.0,0.5601099729537964
2026-04-29 21:00:00,4399.99,0.0,0.49061042070388794
2026-04-29 22:00:00,3000.0,0.0,0.48583635687828064
2026-04-29 23:00:00,1104.01,0.0,0.4646877348423004
2026-04-30 00:00:00,899.0,0.0,0.3233714699745178
2026-04-30 01:00:00,400.97,0.0,0.2219470739364624
2026-04-30 02:00:00,699.98,0.0,0.20767591893672943
2026-04-30 03:00:00,612.34,0.0,0.20831385254859924
2026-04-30 04:00:00,699.98,0.0,0.20928141474723816
2026-04-30 05:00:00,888.02,0.000971,0.21512936055660248
2026-04-30 06:00:00,350.31,0.41608100000000003,0.23986577987670898
2026-04-30 07:00:00,249.01,1.214529,0.40269044041633606
2026-04-30 08:00:00,236.99,1.9408420000000002,0.4768279194831848
2026-04-30 09:00:00,169.9,2.5099699999999996,0.482276976108551
2026-04-30 10:00:00,0.0,2.9013090000000004,0.4584610164165497
2026-04-30 11:00:00,0.0,3.1061579999999998,0.4317503273487091
2026-04-30 12:00:00,0.0,3.1297689999999996,0.4098956882953644
2026-04-30 13:00:00,0.0,2.975454,0.44226938486099243
2026-04-30 14:00:00,0.0,2.60466,0.41760721802711487
2026-04-30 15:00:00,0.0,2.054056,0.38245052099227905
2026-04-30 16:00:00,169.91,1.35282,0.41222378611564636
2026-04-30 17:00:00,300.0,0.438284,0.47071555256843567
2026-04-30 18:00:00,699.98,0.037495,0.5106577277183533
2026-04-30 19:00:00,2075.81,0.0,0.5147078037261963
2026-04-30 20:00:00,3390.01,0.0,0.5588763356208801
2026-04-30 21:00:00,2000.0,0.0,0.47855299711227417
2026-04-30 22:00:00,700.0,0.0,0.4688299596309662
2026-04-30 23:00:00,300.0,0.0,0.41760510206222534
2026-05-01 00:00:00,174.99,0.0,0.28805238008499146
2026-05-01 01:00:00,171.01,0.0,0.22253291308879852
2026-05-01 02:00:00,170.0,0.0,0.20791663229465485
2026-05-01 03:00:00,170.0,0.0,0.20724274218082428
2026-05-01 04:00:00,167.99,0.0,0.20562885701656342
2026-05-01 05:00:00,169.9,0.0,0.21668247878551483
2026-05-01 06:00:00,0.0,0.0,0.23746660351753235
2026-05-01 07:00:00,0.0,0.029699000000000003,0.3812204897403717
2026-05-01 08:00:00,0.0,0.223692,0.447581022977829
2026-05-01 09:00:00,0.0,0.466218,0.42770659923553467
2026-05-01 10:00:00,0.0,0.125478,0.4790603220462799
2026-05-01 11:00:00,0.0,0.251442,0.41644302010536194
2026-05-01 12:00:00,0.0,0.503792,0.42568856477737427
2026-05-01 13:00:00,0.0,1.183565,0.4166909456253052
2026-05-01 14:00:00,0.0,0.966034,0.4153825342655182
2026-05-01 15:00:00,0.0,0.53746,0.32879820466041565
2026-05-01 16:00:00,0.0,0.400991,0.3798695504665375
2026-05-01 17:00:00,161.0,0.16727799999999998,0.4357113540172577
2026-05-01 18:00:00,174.99,0.093267,0.49231138825416565
2026-05-01 19:00:00,235.0,0.0,0.4847646653652191
2026-05-01 20:00:00,249.99,0.0,0.5071137547492981
2026-05-01 21:00:00,200.01,0.0,0.5001325607299805
2026-05-01 22:00:00,175.0,0.0,0.4647517502307892
2026-05-01 23:00:00,170.01,0.0,0.40848708152770996
2026-05-02 00:00:00,174.99,0.0,0.29737749695777893
2026-05-02 01:00:00,171.01,0.0,0.2316773533821106
2026-05-02 02:00:00,171.0,0.0,0.21567264199256897
2026-05-02 03:00:00,171.01,0.0,0.20551079511642456
2026-05-02 04:00:00,170.01,0.0,0.2050059586763382
2026-05-02 05:00:00,170.99,0.0075650000000000005,0.21040786802768707
2026-05-02 06:00:00,167.99,0.4038,0.22612938284873962
2026-05-02 07:00:00,99.47,1.137976,0.2823091745376587
2026-05-02 08:00:00,149.47,1.852093,0.42178258299827576
2026-05-02 09:00:00,149.48,0.885951,0.4553951323032379
2026-05-02 10:00:00,0.0,0.792384,0.44666787981987
2026-05-02 11:00:00,0.0,0.24038800000000002,0.4018254280090332
2026-05-02 12:00:00,0.0,0.30515499999999995,0.39837777614593506
2026-05-02 13:00:00,0.0,1.099699,0.3703742027282715
2026-05-02 14:00:00,0.0,0.649685,0.39793363213539124
2026-05-02 15:00:00,0.0,0.24168299999999998,0.3775829076766968
2026-05-02 16:00:00,148.99,0.229345,0.4162933826446533
2026-05-02 17:00:00,171.01,0.012026,0.491467148065567
2026-05-02 18:00:00,189.99,0.00039,0.5203880071640015
2026-05-02 19:00:00,300.0,0.0,0.5267828702926636
2026-05-02 20:00:00,740.0,0.0,0.505111038684845
2026-05-02 21:00:00,500.01,0.0,0.44993388652801514
2026-05-02 22:00:00,240.0,0.0,0.43476182222366333
2026-05-02 23:00:00,175.0,0.0,0.428544819355011
2026-05-03 00:00:00,174.99,0.0,0.3002273440361023
2026-05-03 01:00:00,171.0,0.0,0.24587346613407135
2026-05-03 02:00:00,170.0,0.0,0.21505938470363617
2026-05-03 03:00:00,170.0,0.0,0.20447741448879242
2026-05-03 04:00:00,169.91,0.0,0.20320925116539001
2026-05-03 05:00:00,169.9,0.013365,0.21156972646713257
2026-05-03 06:00:00,139.99,0.430442,0.22153212130069733
2026-05-03 07:00:00,0.0,0.875166,0.2766542434692383
2026-05-03 08:00:00,0.0,1.096832,0.413380891084671
2026-05-03 09:00:00,0.0,1.4576369999999998,0.4363984763622284
2026-05-03 10:00:00,0.0,1.852424,0.45945441722869873
2026-05-03 11:00:00,0.0,1.8545989999999999,0.44951796531677246
2026-05-03 12:00:00,0.0,2.385972,0.4597824811935425
2026-05-03 13:00:00,0.0,1.580786,0.3615110218524933
2026-05-03 14:00:00,0.0,1.5863589999999999,0.3720608055591583
2026-05-03 15:00:00,0.0,1.386148,0.37848544120788574
2026-05-03 16:00:00,6.0,0.917747,0.4005674421787262
2026-05-03 17:00:00,169.9,0.374344,0.4754082262516022
2026-05-03 18:00:00,170.01,0.013522000000000001,0.4965813457965851
2026-05-03 19:00:00,175.0,0.0,0.5290745496749878
2026-05-03 20:00:00,200.0,0.0,0.4859519600868225
2026-05-03 21:00:00,175.0,0.0,0.4433407187461853
2026-05-03 22:00:00,171.0,0.0,0.4315629005432129
2026-05-03 23:00:00,169.9,0.0,0.39556407928466797
2026-05-04 00:00:00,149.0,0.0,0.25197142362594604
2026-05-04 01:00:00,149.0,0.0,0.21474774181842804
2026-05-04 02:00:00,149.0,0.0,0.2038734257221222
2026-05-04 03:00:00,149.0,0.0,0.19996678829193115
2026-05-04 04:00:00,140.0,0.0,0.20199765264987946
2026-05-04 05:00:00,139.99,0.005171,0.20593547821044922
2026-05-04 06:00:00,133.01,0.0,0.22857891023159027
2026-05-04 07:00:00,149.0,0.215521,0.3836110532283783
2026-05-04 08:00:00,189.99,1.6162539999999999,0.45662400126457214
2026-05-04 09:00:00,200.01,1.901057,0.41626468300819397
2026-05-04 10:00:00,200.01,2.282652,0.449553906917572
2026-05-04 11:00:00,200.01,2.289378,0.4692368805408478
2026-05-04 12:00:00,177.0,2.510117,0.43063023686408997
2026-05-04 13:00:00,200.0,2.187068,0.4295588433742523
2026-05-04 14:00:00,235.0,2.033947,0.4112197458744049
2026-05-04 15:00:00,231.0,2.158737,0.3410564363002777
2026-05-04 16:00:00,456.0,1.0054589999999999,0.42186811566352844
2026-05-04 17:00:00,1485.0,0.10638,0.45815032720565796
2026-05-04 18:00:00,2000.0,0.001177,0.523892879486084
2026-05-04 19:00:00,4099.99,0.0,0.532249391078949
2026-05-04 20:00:00,4500.0,0.0,0.5317426323890686
2026-05-04 21:00:00,4500.0,0.0,0.5049595236778259
2026-05-04 22:00:00,3945.09,0.0,0.5028773546218872
2026-05-04 23:00:00,1649.98,0.0,0.4380020201206207
2026-05-05 00:00:00,700.0,0.0,0.26898396015167236
2026-05-05 01:00:00,699.99,0.0,0.21534687280654907
2026-05-05 02:00:00,699.98,0.0,0.21379391849040985
2026-05-05 03:00:00,455.99,0.0,0.20465649664402008
2026-05-05 04:00:00,449.99,0.0,0.20425055921077728
2026-05-05 05:00:00,583.95,0.000877,0.21004146337509155
2026-05-05 06:00:00,370.0,0.0,0.23445755243301392
2026-05-05 07:00:00,310.99,0.41173000000000004,0.43851977586746216
2026-05-05 08:00:00,1200.01,0.234096,0.47530439496040344
2026-05-05 09:00:00,1485.0,0.591701,0.46466636657714844
2026-05-05 10:00:00,799.99,0.46404,0.4668322801589966
2026-05-05 11:00:00,499.92,1.1046610000000001,0.43675315380096436
2026-05-05 12:00:00,230.01,0.528534,0.4225742220878601
2026-05-05 13:00:00,252.01,0.8358,0.40564998984336853
2026-05-05 14:00:00,310.99,0.540821,0.3984273076057434
2026-05-05 15:00:00,341.42,0.27595299999999995,0.37230804562568665
2026-05-05 16:00:00,1200.01,0.260868,0.4352547824382782
2026-05-05 17:00:00,2900.01,0.07833499999999999,0.5098194479942322
2026-05-05 18:00:00,3445.4,0.019779,0.5327286124229431
2026-05-05 19:00:00,4200.01,0.0,0.5045793652534485
2026-05-05 20:00:00,4390.06,0.0,0.5285993218421936
2026-05-05 21:00:00,4100.0,0.0,0.49092501401901245
2026-05-05 22:00:00,3000.0,0.0,0.4755207896232605
2026-05-05 23:00:00,1500.0,0.0,0.4375992715358734
2026-05-06 00:00:00,1000.0,0.0,0.28789761662483215
2026-05-06 01:00:00,499.67,0.0,0.2211482971906662
2026-05-06 02:00:00,453.85,0.0,0.20719090104103088
2026-05-06 03:00:00,367.01,0.0,0.21209537982940674
2026-05-06 04:00:00,390.0,0.0,0.2062581330537796
2026-05-06 05:00:00,400.0,0.011568,0.2085028737783432
2026-05-06 06:00:00,303.64,0.0035369999999999998,0.23414741456508636
2026-05-06 07:00:00,205.0,0.07509600000000001,0.4042152762413025
2026-05-06 08:00:00,230.01,0.146948,0.4724653661251068
2026-05-06 09:00:00,200.01,1.019768,0.46995043754577637
2026-05-06 10:00:00,171.0,1.084375,0.44747233390808105
2026-05-06 11:00:00,171.0,1.2897349999999999,0.3987793028354645
2026-05-06 12:00:00,0.0,3.240577,0.43380144238471985
2026-05-06 13:00:00,0.0,3.0599920000000003,0.4306486248970032
2026-05-06 14:00:00,164.99,2.674545,0.3828585743904114
2026-05-06 15:00:00,149.01,2.123688,0.365852952003479
2026-05-06 16:00:00,200.01,1.422764,0.42787912487983704
2026-05-06 17:00:00,444.01,0.6166670000000001,0.5035481452941895
2026-05-06 18:00:00,1295.0,0.113687,0.5246390700340271
2026-05-06 19:00:00,3839.99,0.0,0.5287449955940247
2026-05-06 20:00:00,4300.01,0.0,0.5601099729537964
2026-05-06 21:00:00,4300.0,0.0,0.49061042070388794
2026-05-06 22:00:00,3250.0,0.0,0.48583635687828064
2026-05-06 23:00:00,2200.0,0.0,0.4646877348423004
2026-05-07 00:00:00,882.23,0.0,0.3233714699745178
2026-05-07 01:00:00,456.0,0.0,0.2219470739364624
2026-05-07 02:00:00,455.99,0.0,0.20767591893672943
2026-05-07 03:00:00,334.99,0.0,0.20831385254859924
2026-05-07 04:00:00,303.0,0.0,0.20928141474723816
2026-05-07 05:00:00,300.0,0.03047,0.21512936055660248
2026-05-07 06:00:00,205.0,0.46873899999999996,0.23986577987670898
2026-05-07 07:00:00,189.99,1.257692,0.40269044041633606
2026-05-07 08:00:00,174.99,1.228453,0.4768279194831848
2026-05-07 09:00:00,0.0,1.4692,0.482276976108551
2026-05-07 10:00:00,0.0,1.6354190000000002,0.4584610164165497
2026-05-07 11:00:00,0.0,2.353719,0.4317503273487091
2026-05-07 12:00:00,0.0,1.8164570000000002,0.4098956882953644
2026-05-07 13:00:00,0.0,2.2346909999999998,0.44226938486099243
2026-05-07 14:00:00,0.0,1.184452,0.41760721802711487
2026-05-07 15:00:00,0.0,1.691411,0.38245052099227905
2026-05-07 16:00:00,169.9,1.413753,0.41222378611564636
2026-05-07 17:00:00,310.0,0.60642,0.47071555256843567
2026-05-07 18:00:00,800.0,0.138506,0.5106577277183533
2026-05-07 19:00:00,3799.99,0.0,0.5147078037261963
2026-05-07 20:00:00,4300.0,0.0,0.5588763356208801
2026-05-07 21:00:00,3945.49,0.0,0.47855299711227417
2026-05-07 22:00:00,1649.98,0.0,0.4688299596309662
2026-05-07 23:00:00,600.01,0.0,0.41760510206222534
2026-05-08 00:00:00,810.01,0.0,0.28805238008499146
2026-05-08 01:00:00,327.01,0.0,0.22253291308879852
2026-05-08 02:00:00,328.83,0.0,0.20791663229465485
2026-05-08 03:00:00,349.67,0.0,0.20724274218082428
2026-05-08 04:00:00,349.68,0.0,0.20562885701656342
2026-05-08 05:00:00,447.01,0.037069000000000005,0.21668247878551483
2026-05-08 06:00:00,209.0,0.234034,0.23746660351753235
2026-05-08 07:00:00,167.37,0.354987,0.3812204897403717
2026-05-08 08:00:00,20.0,0.833529,0.447581022977829
2026-05-08 09:00:00,0.0,1.683668,0.42770659923553467
2026-05-08 10:00:00,0.0,1.209751,0.4790603220462799
2026-05-08 11:00:00,0.0,2.049428,0.41644302010536194
2026-05-08 12:00:00,0.0,2.333418,0.42568856477737427
2026-05-08 13:00:00,0.0,2.8739899999999996,0.4166909456253052
2026-05-08 14:00:00,0.0,1.197279,0.4153825342655182
2026-05-08 15:00:00,0.0,0.663952,0.32879820466041565
2026-05-08 16:00:00,167.37,1.049093,0.3798695504665375
2026-05-08 17:00:00,249.99,0.13523400000000002,0.4357113540172577
2026-05-08 18:00:00,455.99,0.0,0.49231138825416565
2026-05-08 19:00:00,2300.0,0.0,0.4847646653652191
2026-05-08 20:00:00,2999.0,0.0,0.5071137547492981
2026-05-08 21:00:00,2570.01,0.0,0.5001325607299805
2026-05-08 22:00:00,799.99,0.0,0.4647517502307892
2026-05-08 23:00:00,350.3,0.0,0.40848708152770996
2026-05-09 00:00:00,813.64,0.0,0.29737749695777893
2026-05-09 01:00:00,499.99,0.0,0.2316773533821106
2026-05-09 02:00:00,399.0,0.0,0.21567264199256897
2026-05-09 03:00:00,310.01,0.0,0.20551079511642456
2026-05-09 04:00:00,305.01,0.0,0.2050059586763382
2026-05-09 05:00:00,323.0,0.015135,0.21040786802768707
2026-05-09 06:00:00,200.0,0.245054,0.22612938284873962
2026-05-09 07:00:00,138.01,0.359996,0.2823091745376587
2026-05-09 08:00:00,0.0,1.8388209999999998,0.42178258299827576
2026-05-09 09:00:00,0.0,1.6277460000000001,0.4553951323032379
2026-05-09 10:00:00,0.0,1.945927,0.44666787981987
2026-05-09 11:00:00,0.0,2.6401909999999997,0.4018254280090332
2026-05-09 12:00:00,0.0,2.6523809999999997,0.39837777614593506
2026-05-09 13:00:00,0.0,2.162159,0.3703742027282715
2026-05-09 14:00:00,0.0,1.991769,0.39793363213539124
2026-05-09 15:00:00,0.0,1.928745,0.3775829076766968
2026-05-09 16:00:00,6.0,1.3083520000000002,0.4162933826446533
2026-05-09 17:00:00,205.01,0.6184149999999999,0.491467148065567
2026-05-09 18:00:00,500.01,0.129768,0.5203880071640015
2026-05-09 19:00:00,1999.0,0.0,0.5267828702926636
2026-05-09 20:00:00,4100.0,0.0,0.505111038684845
2026-05-09 21:00:00,3700.0,0.0,0.44993388652801514
2026-05-09 22:00:00,1200.0,0.0,0.43476182222366333
2026-05-09 23:00:00,500.01,0.0,0.428544819355011
2026-05-10 00:00:00,349.99,0.0,0.3002273440361023
2026-05-10 01:00:00,695.01,0.0,0.24587346613407135
2026-05-10 02:00:00,700.01,0.0,0.21505938470363617
2026-05-10 03:00:00,699.98,0.0,0.20447741448879242
2026-05-10 04:00:00,670.0,0.0,0.20320925116539001
2026-05-10 05:00:00,690.0,0.036109,0.21156972646713257
2026-05-10 06:00:00,217.63,0.47368299999999997,0.22153212130069733
2026-05-10 07:00:00,0.0,1.225557,0.2766542434692383
2026-05-10 08:00:00,0.0,1.9402570000000001,0.413380891084671
2026-05-10 09:00:00,0.0,2.4986080000000004,0.4363984763622284
2026-05-10 10:00:00,0.0,2.891031,0.45945441722869873
2026-05-10 11:00:00,0.0,3.11645,0.44951796531677246
2026-05-10 12:00:00,0.0,3.132652,0.4597824811935425
2026-05-10 13:00:00,0.0,2.944021,0.3615110218524933
2026-05-10 14:00:00,0.0,2.575939,0.3720608055591583
2026-05-10 15:00:00,0.0,1.616245,0.37848544120788574
2026-05-10 16:00:00,0.0,1.3654190000000002,0.4005674421787262
2026-05-10 17:00:00,0.0,0.6017720000000001,0.4754082262516022
2026-05-10 18:00:00,200.0,0.119445,0.4965813457965851
2026-05-10 19:00:00,650.01,0.0,0.5290745496749878
2026-05-10 20:00:00,2799.01,0.0,0.4859519600868225
2026-05-10 21:00:00,3249.99,0.0,0.4433407187461853
2026-05-10 22:00:00,813.63,0.0,0.4315629005432129
2026-05-10 23:00:00,350.01,0.0,0.39556407928466797
2026-05-11 00:00:00,250.01,0.0,0.25197142362594604
2026-05-11 01:00:00,223.0,0.0,0.21474774181842804
2026-05-11 02:00:00,240.01,0.0,0.2038734257221222
2026-05-11 03:00:00,299.99,0.0,0.19996678829193115
2026-05-11 04:00:00,300.0,0.0,0.20199765264987946
2026-05-11 05:00:00,303.63,0.03015,0.20593547821044922
2026-05-11 06:00:00,250.0,0.156629,0.22857891023159027
2026-05-11 07:00:00,189.99,0.025733,0.3836110532283783
2026-05-11 08:00:00,170.0,0.686068,0.45662400126457214
2026-05-11 09:00:00,6.01,0.534081,0.41626468300819397
2026-05-11 10:00:00,0.0,1.810674,0.449553906917572
2026-05-11 11:00:00,0.0,2.3555949999999997,0.4692368805408478
2026-05-11 12:00:00,0.0,2.067287,0.43063023686408997
2026-05-11 13:00:00,0.0,1.031679,0.4295588433742523
2026-05-11 14:00:00,0.0,0.569065,0.4112197458744049
2026-05-11 15:00:00,8.01,2.1008679999999997,0.3410564363002777
2026-05-11 16:00:00,177.01,1.4044539999999999,0.42186811566352844
2026-05-11 17:00:00,304.01,0.5196230000000001,0.45815032720565796
2026-05-11 18:00:00,1200.01,0.108206,0.523892879486084
2026-05-11 19:00:00,3599.99,0.0,0.532249391078949
2026-05-11 20:00:00,4300.01,0.0,0.5317426323890686
2026-05-11 21:00:00,4300.0,0.0,0.5049595236778259
2026-05-11 22:00:00,2567.01,0.0,0.5028773546218872
2026-05-11 23:00:00,863.24,0.0,0.4380020201206207
2026-05-12 00:00:00,1189.0,0.0,0.26898396015167236
2026-05-12 01:00:00,800.01,0.0,0.21534687280654907
2026-05-12 02:00:00,581.01,0.0,0.21379391849040985
2026-05-12 03:00:00,350.0,0.0,0.20465649664402008
2026-05-12 04:00:00,334.99,0.0,0.20425055921077728
2026-05-12 05:00:00,349.01,0.03748,0.21004146337509155
2026-05-12 06:00:00,253.93,0.478597,0.23445755243301392
2026-05-12 07:00:00,171.01,0.893625,0.43851977586746216
2026-05-12 08:00:00,139.99,1.417037,0.47530439496040344
2026-05-12 09:00:00,0.0,0.7137519999999999,0.46466636657714844
2026-05-12 10:00:00,0.0,0.45066,0.4668322801589966
2026-05-12 11:00:00,0.0,0.803447,0.43675315380096436
2026-05-12 12:00:00,0.0,2.198759,0.4225742220878601
2026-05-12 13:00:00,0.0,2.773985,0.40564998984336853
2026-05-12 14:00:00,0.0,2.031142,0.3984273076057434
2026-05-12 15:00:00,0.0,1.94784,0.37230804562568665
2026-05-12 16:00:00,139.99,0.468003,0.4352547824382782
2026-05-12 17:00:00,200.0,0.2057,0.5098194479942322
2026-05-12 18:00:00,303.99,0.0,0.5327286124229431
2026-05-12 19:00:00,800.01,0.0,0.5045793652534485
2026-05-12 20:00:00,3600.0,0.0,0.5285993218421936
2026-05-12 21:00:00,2570.0,0.0,0.49092501401901245
2026-05-12 22:00:00,600.0,0.0,0.4755207896232605
2026-05-12 23:00:00,310.0,0.0,0.4375992715358734
2026-05-13 00:00:00,200.0,0.0,0.28789761662483215
2026-05-13 01:00:00,190.0,0.0,0.2211482971906662
2026-05-13 02:00:00,199.0,0.0,0.20719090104103088
2026-05-13 03:00:00,190.0,0.0,0.21209537982940674
2026-05-13 04:00:00,190.0,0.0,0.2062581330537796
2026-05-13 05:00:00,199.01,0.046653,0.2085028737783432
2026-05-13 06:00:00,171.0,0.258758,0.23414741456508636
2026-05-13 07:00:00,150.0,0.040807,0.4042152762413025
2026-05-13 08:00:00,50.0,1.212239,0.4724653661251068
2026-05-13 09:00:00,0.0,1.2659090000000002,0.46995043754577637
2026-05-13 10:00:00,0.0,1.712171,0.44747233390808105
2026-05-13 11:00:00,0.0,3.061973,0.3987793028354645
2026-05-13 12:00:00,0.0,3.0936779999999997,0.43380144238471985
2026-05-13 13:00:00,0.0,2.9296840000000004,0.4306486248970032
2026-05-13 14:00:00,0.0,2.5852820000000003,0.3828585743904114
2026-05-13 15:00:00,0.0,2.0710949999999997,0.365852952003479
2026-05-13 16:00:00,170.99,1.402725,0.42787912487983704
2026-05-13 17:00:00,303.99,0.628051,0.5035481452941895
2026-05-13 18:00:00,730.0,0.11203700000000001,0.5246390700340271
2026-05-13 19:00:00,4100.0,0.0,0.5287449955940247
2026-05-13 20:00:00,4490.01,0.0,0.5601099729537964
2026-05-13 21:00:00,4300.01,0.0,0.49061042070388794
2026-05-13 22:00:00,2199.99,0.0,0.48583635687828064
2026-05-13 23:00:00,1200.0,0.0,0.4646877348423004
2026-05-14 00:00:00,304.0,0.0,0.3233714699745178
2026-05-14 01:00:00,256.0,0.0,0.2219470739364624
2026-05-14 02:00:00,256.0,0.0,0.20767591893672943
2026-05-14 03:00:00,240.88,0.0,0.20831385254859924
2026-05-14 04:00:00,228.99,0.0,0.20928141474723816
2026-05-14 05:00:00,250.01,0.04268,0.21512936055660248
2026-05-14 06:00:00,190.01,0.520528,0.23986577987670898
2026-05-14 07:00:00,171.0,1.315936,0.40269044041633606
2026-05-14 08:00:00,171.0,2.022504,0.4768279194831848
2026-05-14 09:00:00,6.0,2.584076,0.482276976108551
2026-05-14 10:00:00,0.0,2.953267,0.4584610164165497
2026-05-14 11:00:00,0.0,3.188754,0.4317503273487091
2026-05-14 12:00:00,0.0,3.198179,0.4098956882953644
2026-05-14 13:00:00,0.0,3.022004,0.44226938486099243
2026-05-14 14:00:00,10.01,2.6763809999999997,0.41760721802711487
2026-05-14 15:00:00,170.01,2.147735,0.38245052099227905
2026-05-14 16:00:00,220.0,1.4528979999999998,0.41222378611564636
2026-05-14 17:00:00,695.0,0.645397,0.47071555256843567
2026-05-14 18:00:00,1499.99,0.110379,0.5106577277183533
2026-05-14 19:00:00,3325.0,0.0,0.5147078037261963
2026-05-14 20:00:00,4300.01,0.0,0.5588763356208801
2026-05-14 21:00:00,4300.01,0.0,0.47855299711227417
2026-05-14 22:00:00,3699.0,0.0,0.4688299596309662
2026-05-14 23:00:00,2567.0,0.0,0.41760510206222534
2026-05-15 00:00:00,899.99,0.0,0.28805238008499146
2026-05-15 01:00:00,349.99,0.0,0.22253291308879852
2026-05-15 02:00:00,500.0,0.0,0.20791663229465485
2026-05-15 03:00:00,500.0,0.0,0.20724274218082428
2026-05-15 04:00:00,499.0,0.0,0.20562885701656342
2026-05-15 05:00:00,513.63,0.042966000000000004,0.21668247878551483
2026-05-15 06:00:00,305.0,0.185067,0.23746660351753235
2026-05-15 07:00:00,310.01,1.0001499999999999,0.3812204897403717
2026-05-15 08:00:00,329.99,1.534386,0.447581022977829
2026-05-15 09:00:00,250.0,1.662667,0.42770659923553467
2026-05-15 10:00:00,175.0,2.323204,0.4790603220462799
2026-05-15 11:00:00,169.99,2.2393490000000003,0.41644302010536194
2026-05-15 12:00:00,0.0,3.103675,0.42568856477737427
2026-05-15 13:00:00,0.0,2.929914,0.4166909456253052
2026-05-15 14:00:00,99.0,2.553192,0.4153825342655182
2026-05-15 15:00:00,171.0,1.55695,0.32879820466041565
2026-05-15 16:00:00,249.99,1.067185,0.3798695504665375
2026-05-15 17:00:00,909.99,0.34952999999999995,0.4357113540172577
2026-05-15 18:00:00,1200.01,0.108964,0.49231138825416565
2026-05-15 19:00:00,3948.77,0.0,0.4847646653652191
2026-05-15 20:00:00,4500.0,0.0,0.5071137547492981
2026-05-15 21:00:00,4379.99,0.0,0.5001325607299805
2026-05-15 22:00:00,4140.0,0.0,0.4647517502307892
2026-05-15 23:00:00,1850.0,0.0,0.40848708152770996
2026-05-16 00:00:00,999.99,0.0,0.29737749695777893
2026-05-16 01:00:00,899.0,0.0,0.2316773533821106
2026-05-16 02:00:00,593.01,0.0,0.21567264199256897
2026-05-16 03:00:00,500.0,0.0,0.20551079511642456
2026-05-16 04:00:00,350.0,0.0,0.2050059586763382
2026-05-16 05:00:00,327.93,0.058816,0.21040786802768707
2026-05-16 06:00:00,199.99,0.28347100000000003,0.22612938284873962
2026-05-16 07:00:00,100.0,1.320631,0.2823091745376587
2026-05-16 08:00:00,0.0,2.045423,0.42178258299827576
2026-05-16 09:00:00,0.0,2.611525,0.4553951323032379
2026-05-16 10:00:00,0.0,3.0054589999999997,0.44666787981987
2026-05-16 11:00:00,0.0,3.225318,0.4018254280090332
2026-05-16 12:00:00,0.0,3.250819,0.39837777614593506
2026-05-16 13:00:00,0.0,3.068939,0.3703742027282715
2026-05-16 14:00:00,0.0,2.703591,0.39793363213539124
2026-05-16 15:00:00,0.0,2.1479609999999996,0.3775829076766968
2026-05-16 16:00:00,0.0,1.451557,0.4162933826446533
2026-05-16 17:00:00,180.0,0.653532,0.491467148065567
2026-05-16 18:00:00,303.0,0.122846,0.5203880071640015
2026-05-16 19:00:00,1500.0,0.0,0.5267828702926636
2026-05-16 20:00:00,3219.99,0.0,0.505111038684845
2026-05-16 21:00:00,1725.0,0.0,0.44993388652801514
2026-05-16 22:00:00,376.0,0.0,0.43476182222366333
2026-05-16 23:00:00,295.99,0.0,0.428544819355011
2026-05-17 00:00:00,175.0,0.0,0.3002273440361023
2026-05-17 01:00:00,174.99,0.0,0.24587346613407135
2026-05-17 02:00:00,171.0,0.0,0.21505938470363617
2026-05-17 03:00:00,169.91,0.0,0.20447741448879242
2026-05-17 04:00:00,170.0,0.0,0.20320925116539001
2026-05-17 05:00:00,170.0,0.048499,0.21156972646713257
2026-05-17 06:00:00,0.1,0.5217229999999999,0.22153212130069733
2026-05-17 07:00:00,0.0,1.279931,0.2766542434692383
2026-05-17 08:00:00,0.0,1.943429,0.413380891084671
2026-05-17 09:00:00,0.0,2.456622,0.4363984763622284
2026-05-17 10:00:00,0.0,2.79133,0.45945441722869873
2026-05-17 11:00:00,0.0,2.9295050000000002,0.44951796531677246
2026-05-17 12:00:00,0.0,2.90411,0.4597824811935425
2026-05-17 13:00:00,0.0,2.747195,0.3615110218524933
2026-05-17 14:00:00,0.0,2.4682530000000003,0.3720608055591583
2026-05-17 15:00:00,0.0,2.005267,0.37848544120788574
2026-05-17 16:00:00,0.0,1.388307,0.4005674421787262
2026-05-17 17:00:00,0.0,0.634641,0.4754082262516022
2026-05-17 18:00:00,170.0,0.116085,0.4965813457965851
2026-05-17 19:00:00,305.0,0.0,0.5290745496749878
2026-05-17 20:00:00,1500.0,0.0,0.4859519600868225
2026-05-17 21:00:00,2200.0,0.0,0.4433407187461853
2026-05-17 22:00:00,500.0,0.0,0.4315629005432129
2026-05-17 23:00:00,305.0,0.0,0.39556407928466797
2026-05-18 00:00:00,300.01,0.0,0.25197142362594604
2026-05-18 01:00:00,205.01,0.0,0.21474774181842804
2026-05-18 02:00:00,199.01,0.0,0.2038734257221222
2026-05-18 03:00:00,199.99,0.0,0.19996678829193115
2026-05-18 04:00:00,194.5,0.0,0.20199765264987946
2026-05-18 05:00:00,198.86,0.061497,0.20593547821044922
2026-05-18 06:00:00,170.0,0.082605,0.22857891023159027
2026-05-18 07:00:00,169.91,0.8047089999999999,0.3836110532283783
2026-05-18 08:00:00,171.0,1.57611,0.45662400126457214
2026-05-18 09:00:00,150.0,1.993079,0.41626468300819397
2026-05-18 10:00:00,8.01,2.019517,0.449553906917572
2026-05-18 11:00:00,99.0,2.48327,0.4692368805408478
2026-05-18 12:00:00,0.0,2.92299,0.43063023686408997
2026-05-18 13:00:00,1.99,2.75192,0.4295588433742523
2026-05-18 14:00:00,169.91,2.41077,0.4112197458744049
2026-05-18 15:00:00,170.99,1.9300840000000001,0.3410564363002777
2026-05-18 16:00:00,249.99,1.322221,0.42186811566352844
2026-05-18 17:00:00,799.01,0.631349,0.45815032720565796
2026-05-18 18:00:00,2700.0,0.145666,0.523892879486084
2026-05-18 19:00:00,4300.0,0.0,0.532249391078949
2026-05-18 20:00:00,4300.01,0.0,0.5317426323890686
2026-05-18 21:00:00,4300.0,0.0,0.5049595236778259
2026-05-18 22:00:00,2954.44,0.0,0.5028773546218872
2026-05-18 23:00:00,2100.0,0.0,0.4380020201206207
2026-05-19 00:00:00,325.0,0.0,0.26898396015167236
2026-05-19 01:00:00,300.01,0.0,0.21534687280654907
2026-05-19 02:00:00,252.01,0.0,0.21379391849040985
2026-05-19 03:00:00,299.99,0.0,0.20465649664402008
2026-05-19 04:00:00,240.01,0.0,0.20425055921077728
2026-05-19 05:00:00,200.01,0.053378,0.21004146337509155
2026-05-19 06:00:00,169.91,0.522458,0.23445755243301392
2026-05-19 07:00:00,0.0,1.2810899999999998,0.43851977586746216
2026-05-19 08:00:00,0.0,1.949931,0.47530439496040344
2026-05-19 09:00:00,0.0,2.470826,0.46466636657714844
2026-05-19 10:00:00,0.0,2.82453,0.4668322801589966
2026-05-19 11:00:00,0.0,2.99679,0.43675315380096436
2026-05-19 12:00:00,0.0,3.009197,0.4225742220878601
2026-05-19 13:00:00,0.0,2.857009,0.40564998984336853
2026-05-19 14:00:00,0.0,2.536398,0.3984273076057434
2026-05-19 15:00:00,0.0,2.029092,0.37230804562568665
2026-05-19 16:00:00,0.0,1.390874,0.4352547824382782
2026-05-19 17:00:00,171.01,0.641325,0.5098194479942322
2026-05-19 18:00:00,310.01,0.129889,0.5327286124229431
2026-05-19 19:00:00,2100.0,0.0,0.5045793652534485
2026-05-19 20:00:00,4000.01,0.0,0.5285993218421936
2026-05-19 21:00:00,3599.99,0.0,0.49092501401901245
2026-05-19 22:00:00,1725.01,0.0,0.4755207896232605
2026-05-19 23:00:00,500.01,0.0,0.4375992715358734
2026-05-20 00:00:00,328.01,0.0,0.28789761662483215
2026-05-20 01:00:00,250.0,0.0,0.2211482971906662
2026-05-20 02:00:00,210.28,0.0,0.20719090104103088
2026-05-20 03:00:00,210.73,0.0,0.21209537982940674
2026-05-20 04:00:00,299.99,0.0,0.2062581330537796
2026-05-20 05:00:00,250.01,0.070138,0.2085028737783432
2026-05-20 06:00:00,199.01,0.0,0.23414741456508636
2026-05-20 07:00:00,200.0,0.7537079999999999,0.4042152762413025
2026-05-20 08:00:00,249.99,1.493062,0.4724653661251068
2026-05-20 09:00:00,200.0,1.9824380000000001,0.46995043754577637
2026-05-20 10:00:00,177.0,1.566346,0.44747233390808105
2026-05-20 11:00:00,174.99,2.145939,0.3987793028354645
2026-05-20 12:00:00,128.01,0.984001,0.43380144238471985
2026-05-20 13:00:00,169.9,1.895778,0.4306486248970032
2026-05-20 14:00:00,171.01,1.3546099999999999,0.3828585743904114
2026-05-20 15:00:00,199.0,0.17931,0.365852952003479
2026-05-20 16:00:00,300.0,0.754312,0.42787912487983704
2026-05-20 17:00:00,500.01,0.10220699999999999,0.5035481452941895
2026-05-20 18:00:00,745.0,0.0,0.5246390700340271
2026-05-20 19:00:00,3190.0,0.0,0.5287449955940247
2026-05-20 20:00:00,4245.0,0.0,0.5601099729537964
2026-05-20 21:00:00,4142.01,0.0,0.49061042070388794
2026-05-20 22:00:00,1749.99,0.0,0.48583635687828064
2026-05-20 23:00:00,500.01,0.0,0.4646877348423004
2026-05-21 00:00:00,324.99,0.0,0.3233714699745178
2026-05-21 01:00:00,290.01,0.0,0.2219470739364624
2026-05-21 02:00:00,250.0,0.0,0.20767591893672943
2026-05-21 03:00:00,229.0,0.0,0.20831385254859924
2026-05-21 04:00:00,300.01,0.0,0.20928141474723816
2026-05-21 05:00:00,259.95,0.055748,0.21512936055660248
2026-05-21 06:00:00,200.0,0.523246,0.23986577987670898
2026-05-21 07:00:00,300.0,1.275749,0.40269044041633606
2026-05-21 08:00:00,399.99,1.391703,0.4768279194831848
2026-05-21 09:00:00,305.0,2.480971,0.482276976108551
2026-05-21 10:00:00,230.0,2.855484,0.4584610164165497
2026-05-21 11:00:00,207.01,3.050223,0.4317503273487091
2026-05-21 12:00:00,170.01,3.049353,0.4098956882953644
2026-05-21 13:00:00,174.99,2.861873,0.44226938486099243
2026-05-21 14:00:00,220.0,2.5255549999999998,0.41760721802711487
2026-05-21 15:00:00,300.0,1.45804,0.38245052099227905
2026-05-21 16:00:00,500.01,0.869861,0.41222378611564636
2026-05-21 17:00:00,2900.0,0.5471779999999999,0.47071555256843567
2026-05-21 18:00:00,3900.0,0.125785,0.5106577277183533
2026-05-21 19:00:00,4000.01,0.0,0.5147078037261963
2026-05-21 20:00:00,4300.01,0.0,0.5588763356208801
2026-05-21 21:00:00,4233.0,0.0,0.47855299711227417
2026-05-21 22:00:00,3600.0,0.0,0.4688299596309662
2026-05-21 23:00:00,2700.0,0.0,0.41760510206222534
2026-05-22 00:00:00,1650.0,0.0,0.28805238008499146
2026-05-22 01:00:00,500.0,0.0,0.22253291308879852
2026-05-22 02:00:00,399.99,0.0,0.20791663229465485
2026-05-22 03:00:00,349.99,0.0,0.20724274218082428
2026-05-22 04:00:00,331.51,0.0,0.20562885701656342
2026-05-22 05:00:00,300.01,0.060003999999999995,0.21668247878551483
2026-05-22 06:00:00,190.0,0.054339,0.23746660351753235
2026-05-22 07:00:00,189.99,0.575195,0.3812204897403717
2026-05-22 08:00:00,196.01,1.372208,0.447581022977829
2026-05-22 09:00:00,189.99,1.878019,0.42770659923553467
2026-05-22 10:00:00,169.91,2.660657,0.4790603220462799
2026-05-22 11:00:00,170.0,2.828069,0.41644302010536194
2026-05-22 12:00:00,20.0,2.845487,0.42568856477737427
2026-05-22 13:00:00,60.01,2.7145210000000004,0.4166909456253052
2026-05-22 14:00:00,199.99,1.939526,0.4153825342655182
2026-05-22 15:00:00,228.99,1.654681,0.32879820466041565
2026-05-22 16:00:00,376.63,1.349599,0.3798695504665375
2026-05-22 17:00:00,2567.0,0.6414059999999999,0.4357113540172577
2026-05-22 18:00:00,2567.0,0.15096299999999999,0.49231138825416565
2026-05-22 19:00:00,4000.01,0.0,0.4847646653652191
2026-05-22 20:00:00,4300.01,0.0,0.5071137547492981
2026-05-22 21:00:00,4200.0,0.0,0.5001325607299805
2026-05-22 22:00:00,3249.99,0.0,0.4647517502307892
2026-05-22 23:00:00,1727.1,0.0,0.40848708152770996
2026-05-23 00:00:00,1485.0,0.0,0.29737749695777893
2026-05-23 01:00:00,315.0,0.0,0.2316773533821106
2026-05-23 02:00:00,315.01,0.0,0.21567264199256897
2026-05-23 03:00:00,303.99,0.0,0.20551079511642456
2026-05-23 04:00:00,302.99,0.0,0.2050059586763382
2026-05-23 05:00:00,240.01,0.058259,0.21040786802768707
2026-05-23 06:00:00,171.0,0.5253669999999999,0.22612938284873962
2026-05-23 07:00:00,100.0,1.275825,0.2823091745376587
2026-05-23 08:00:00,40.0,1.947446,0.42178258299827576
2026-05-23 09:00:00,0.0,2.482636,0.4553951323032379
2026-05-23 10:00:00,0.0,2.844477,0.44666787981987
2026-05-23 11:00:00,0.0,3.066095,0.4018254280090332
2026-05-23 12:00:00,0.0,3.085801,0.39837777614593506
2026-05-23 13:00:00,0.0,2.9245,0.3703742027282715
2026-05-23 14:00:00,0.0,2.5770120000000003,0.39793363213539124
2026-05-23 15:00:00,19.99,2.079555,0.3775829076766968
2026-05-23 16:00:00,170.99,1.4252580000000001,0.4162933826446533
2026-05-23 17:00:00,229.99,0.651187,0.491467148065567
2026-05-23 18:00:00,303.01,0.120931,0.5203880071640015
2026-05-23 19:00:00,1499.99,0.0,0.5267828702926636
2026-05-23 20:00:00,4127.0,0.0,0.505111038684845
2026-05-23 21:00:00,3023.61,0.0,0.44993388652801514
2026-05-23 22:00:00,520.0,0.0,0.43476182222366333
2026-05-23 23:00:00,300.01,0.0,0.428544819355011
2026-05-24 00:00:00,310.01,0.0,0.3002273440361023
2026-05-24 01:00:00,300.0,0.0,0.24587346613407135
2026-05-24 02:00:00,300.0,0.0,0.21505938470363617
2026-05-24 03:00:00,300.0,0.0,0.20447741448879242
2026-05-24 04:00:00,252.01,0.0,0.20320925116539001
2026-05-24 05:00:00,252.01,0.063414,0.21156972646713257
2026-05-24 06:00:00,174.99,0.537295,0.22153212130069733
2026-05-24 07:00:00,38.01,1.297113,0.2766542434692383
2026-05-24 08:00:00,0.0,1.977167,0.413380891084671
2026-05-24 09:00:00,0.0,2.5230659999999996,0.4363984763622284
2026-05-24 10:00:00,0.0,2.886933,0.45945441722869873
2026-05-24 11:00:00,0.0,3.104453,0.44951796531677246
2026-05-24 12:00:00,0.0,3.124913,0.4597824811935425
2026-05-24 13:00:00,0.0,2.964721,0.3615110218524933
2026-05-24 14:00:00,0.0,2.627686,0.3720608055591583
2026-05-24 15:00:00,0.0,2.112685,0.37848544120788574
2026-05-24 16:00:00,0.0,1.450944,0.4005674421787262
2026-05-24 17:00:00,0.0,0.673163,0.4754082262516022
2026-05-24 18:00:00,169.9,0.069355,0.4965813457965851
2026-05-24 19:00:00,210.0,0.0,0.5290745496749878
2026-05-24 20:00:00,1199.0,0.0,0.4859519600868225
2026-05-24 21:00:00,800.01,0.0,0.4433407187461853
2026-05-24 22:00:00,240.07,0.0,0.4315629005432129
2026-05-24 23:00:00,175.0,0.0,0.39556407928466797
2026-05-25 00:00:00,174.99,0.0,0.25197142362594604
2026-05-25 01:00:00,174.99,0.0,0.21474774181842804
2026-05-25 02:00:00,174.99,0.0,0.2038734257221222
2026-05-25 03:00:00,171.01,0.0,0.19996678829193115
2026-05-25 04:00:00,171.01,0.0,0.20199765264987946
2026-05-25 05:00:00,171.0,0.061789000000000004,0.20593547821044922
2026-05-25 06:00:00,100.0,0.562028,0.22857891023159027
2026-05-25 07:00:00,0.0,1.353975,0.3836110532283783
2026-05-25 08:00:00,0.0,2.036366,0.45662400126457214
2026-05-25 09:00:00,0.0,2.5452600000000003,0.41626468300819397
2026-05-25 10:00:00,0.0,2.886384,0.449553906917572
2026-05-25 11:00:00,0.0,3.092715,0.4692368805408478
2026-05-25 12:00:00,0.0,3.110784,0.43063023686408997
2026-05-25 13:00:00,0.0,2.948432,0.4295588433742523
2026-05-25 14:00:00,0.0,2.622062,0.4112197458744049
2026-05-25 15:00:00,0.0,2.124177,0.3410564363002777
2026-05-25 16:00:00,38.01,1.465712,0.42186811566352844
2026-05-25 17:00:00,174.99,0.6052329999999999,0.45815032720565796
2026-05-25 18:00:00,196.0,0.175623,0.523892879486084
2026-05-25 19:00:00,336.63,0.0,0.532249391078949
2026-05-25 20:00:00,1508.7,0.0,0.5317426323890686
2026-05-25 21:00:00,899.99,0.0,0.5049595236778259
2026-05-25 22:00:00,320.01,0.0,0.5028773546218872
2026-05-25 23:00:00,207.0,0.0,0.4380020201206207
2026-05-26 00:00:00,199.99,0.0,0.26898396015167236
2026-05-26 01:00:00,175.0,0.0,0.21534687280654907
2026-05-26 02:00:00,171.01,0.0,0.21379391849040985
2026-05-26 03:00:00,174.99,0.0,0.20465649664402008
2026-05-26 04:00:00,171.01,0.0,0.20425055921077728
2026-05-26 05:00:00,171.0,0.102589,0.21004146337509155
2026-05-26 06:00:00,0.0,0.133238,0.23445755243301392
2026-05-26 07:00:00,0.0,0.620553,0.43851977586746216
2026-05-26 08:00:00,0.0,1.182991,0.47530439496040344
2026-05-26 09:00:00,0.0,1.317922,0.46466636657714844
2026-05-26 10:00:00,0.0,2.2266060000000003,0.4668322801589966
2026-05-26 11:00:00,0.0,2.9963130000000002,0.43675315380096436
2026-05-26 12:00:00,0.0,3.0303649999999998,0.4225742220878601
2026-05-26 13:00:00,0.0,1.941096,0.40564998984336853
2026-05-26 14:00:00,0.0,2.496273,0.3984273076057434
2026-05-26 15:00:00,0.0,1.251935,0.37230804562568665
2026-05-26 16:00:00,0.0,1.338126,0.4352547824382782
2026-05-26 17:00:00,0.0,0.46737,0.5098194479942322
2026-05-26 18:00:00,19.99,0.064453,0.5327286124229431
2026-05-26 19:00:00,190.01,0.0,0.5045793652534485
2026-05-26 20:00:00,328.01,0.0,0.5285993218421936
2026-05-26 21:00:00,315.01,0.0,0.49092501401901245
2026-05-26 22:00:00,296.0,0.0,0.4755207896232605
2026-05-26 23:00:00,175.0,0.0,0.4375992715358734
2026-05-27 00:00:00,166.99,0.0,0.28789761662483215
2026-05-27 01:00:00,20.0,0.0,0.2211482971906662
2026-05-27 02:00:00,20.0,0.0,0.20719090104103088
2026-05-27 03:00:00,128.0,0.0,0.21209537982940674
2026-05-27 04:00:00,20.0,0.0,0.2062581330537796
2026-05-27 05:00:00,0.0,0.066956,0.2085028737783432
2026-05-27 06:00:00,0.0,0.081683,0.23414741456508636
2026-05-27 07:00:00,0.0,0.810095,0.4042152762413025
2026-05-27 08:00:00,0.0,1.944149,0.4724653661251068
2026-05-27 09:00:00,0.0,1.5974059999999999,0.46995043754577637
2026-05-27 10:00:00,0.0,2.007228,0.44747233390808105
2026-05-27 11:00:00,0.0,2.112587,0.3987793028354645
2026-05-27 12:00:00,0.0,2.880007,0.43380144238471985
2026-05-27 13:00:00,0.0,2.6916840000000004,0.4306486248970032
2026-05-27 14:00:00,0.0,2.41907,0.3828585743904114
2026-05-27 15:00:00,0.0,1.986046,0.365852952003479
2026-05-27 16:00:00,0.0,1.390065,0.42787912487983704
2026-05-27 17:00:00,0.0,0.658516,0.5035481452941895
2026-05-27 18:00:00,0.0,0.13127699999999998,0.5246390700340271
2026-05-27 19:00:00,195.01,0.0,0.5287449955940247
2026-05-27 20:00:00,303.99,0.0,0.5601099729537964
2026-05-27 21:00:00,315.01,0.0,0.49061042070388794
2026-05-27 22:00:00,300.0,0.0,0.48583635687828064
2026-05-27 23:00:00,200.01,0.0,0.4646877348423004
2026-05-28 00:00:00,488.01,0.0,0.3233714699745178
2026-05-28 01:00:00,365.09,0.0,0.2219470739364624
2026-05-28 02:00:00,350.0,0.0,0.20767591893672943
2026-05-28 03:00:00,315.01,0.0,0.20831385254859924
2026-05-28 04:00:00,302.99,0.0,0.20928141474723816
2026-05-28 05:00:00,300.0,0.06474200000000001,0.21512936055660248
2026-05-28 06:00:00,80.0,0.519301,0.23986577987670898
2026-05-28 07:00:00,0.0,1.3275139999999999,0.40269044041633606
2026-05-28 08:00:00,0.0,1.5569549999999999,0.4768279194831848
2026-05-28 09:00:00,0.0,2.510833,0.482276976108551
2026-05-28 10:00:00,0.0,2.831212,0.4584610164165497
2026-05-28 11:00:00,0.0,3.0008139999999996,0.4317503273487091
2026-05-28 12:00:00,0.0,2.999122,0.4098956882953644
2026-05-28 13:00:00,0.0,2.817665,0.44226938486099243
2026-05-28 14:00:00,0.0,2.480603,0.41760721802711487
2026-05-28 15:00:00,0.0,2.016178,0.38245052099227905
2026-05-28 16:00:00,0.0,1.405519,0.41222378611564636
2026-05-28 17:00:00,0.0,0.617497,0.47071555256843567
2026-05-28 18:00:00,166.99,0.096837,0.5106577277183533
2026-05-28 19:00:00,219.99,0.0,0.5147078037261963
2026-05-28 20:00:00,322.46,0.0,0.5588763356208801
2026-05-28 21:00:00,310.01,0.0,0.47855299711227417
2026-05-28 22:00:00,250.0,0.0,0.4688299596309662
2026-05-28 23:00:00,199.01,0.0,0.41760510206222534
2026-05-29 00:00:00,196.01,0.0,0.28805238008499146
2026-05-29 01:00:00,174.99,0.0,0.22253291308879852
2026-05-29 02:00:00,171.01,0.0,0.20791663229465485
2026-05-29 03:00:00,170.01,0.0,0.20724274218082428
2026-05-29 04:00:00,169.82,0.0,0.20562885701656342
2026-05-29 05:00:00,80.0,0.057783,0.21668247878551483
2026-05-29 06:00:00,0.0,0.5430750000000001,0.23746660351753235
2026-05-29 07:00:00,0.0,1.2953810000000001,0.3812204897403717
2026-05-29 08:00:00,0.0,1.946218,0.447581022977829
2026-05-29 09:00:00,0.0,1.844846,0.42770659923553467
2026-05-29 10:00:00,0.0,2.811404,0.4790603220462799
2026-05-29 11:00:00,0.0,1.075752,0.41644302010536194
2026-05-29 12:00:00,0.0,1.913635,0.42568856477737427
2026-05-29 13:00:00,0.0,2.7237910000000003,0.4166909456253052
2026-05-29 14:00:00,0.0,2.435306,0.4153825342655182
2026-05-29 15:00:00,0.0,2.001507,0.32879820466041565
2026-05-29 16:00:00,0.0,1.40227,0.3798695504665375
2026-05-29 17:00:00,0.0,0.678888,0.4357113540172577
2026-05-29 18:00:00,0.0,0.149364,0.49231138825416565
2026-05-29 19:00:00,170.0,0.0,0.4847646653652191
2026-05-29 20:00:00,189.99,0.0,0.5071137547492981
2026-05-29 21:00:00,199.0,0.0,0.5001325607299805
2026-05-29 22:00:00,190.0,0.0,0.4647517502307892
2026-05-29 23:00:00,171.01,0.0,0.40848708152770996
2026-05-30 00:00:00,171.0,0.0,0.29737749695777893
2026-05-30 01:00:00,165.0,0.0,0.2316773533821106
2026-05-30 02:00:00,167.0,0.0,0.21567264199256897
2026-05-30 03:00:00,120.01,0.0,0.20551079511642456
2026-05-30 04:00:00,149.99,0.0,0.2050059586763382
2026-05-30 05:00:00,99.99,0.06908,0.21040786802768707
2026-05-30 06:00:00,0.0,0.544258,0.22612938284873962
2026-05-30 07:00:00,0.0,1.2891700000000001,0.2823091745376587
2026-05-30 08:00:00,0.0,1.960164,0.42178258299827576
2026-05-30 09:00:00,0.0,2.4973899999999998,0.4553951323032379
2026-05-30 10:00:00,0.0,2.861456,0.44666787981987
2026-05-30 11:00:00,0.0,3.075342,0.4018254280090332
2026-05-30 12:00:00,0.0,3.083049,0.39837777614593506
2026-05-30 13:00:00,0.0,2.909019,0.3703742027282715
2026-05-30 14:00:00,0.0,2.573509,0.39793363213539124
2026-05-30 15:00:00,0.0,2.081067,0.3775829076766968
2026-05-30 16:00:00,0.0,1.4400719999999998,0.4162933826446533
2026-05-30 17:00:00,0.0,0.671943,0.491467148065567
2026-05-30 18:00:00,19.0,0.125712,0.5203880071640015
2026-05-30 19:00:00,300.0,0.0,0.5267828702926636
2026-05-30 20:00:00,599.99,0.0,0.505111038684845
2026-05-30 21:00:00,800.0,0.0,0.44993388652801514
2026-05-30 22:00:00,500.83,0.0,0.43476182222366333
2026-05-30 23:00:00,328.01,0.0,0.428544819355011
2026-05-31 00:00:00,349.99,0.0,0.3002273440361023
2026-05-31 01:00:00,328.01,0.0,0.24587346613407135
2026-05-31 02:00:00,315.01,0.0,0.21505938470363617
2026-05-31 03:00:00,300.0,0.0,0.20447741448879242
2026-05-31 04:00:00,250.01,0.0,0.20320925116539001
2026-05-31 05:00:00,230.01,0.071227,0.21156972646713257
2026-05-31 06:00:00,30.01,0.540942,0.22153212130069733
2026-05-31 07:00:00,0.0,1.274502,0.2766542434692383
2026-05-31 08:00:00,0.0,1.93788,0.413380891084671
2026-05-31 09:00:00,0.0,2.465694,0.4363984763622284
2026-05-31 10:00:00,0.0,2.82765,0.45945441722869873
2026-05-31 11:00:00,0.0,3.020272,0.44951796531677246
2026-05-31 12:00:00,0.0,3.011867,0.4597824811935425
2026-05-31 13:00:00,0.0,2.849453,0.3615110218524933
2026-05-31 14:00:00,0.0,2.504947,0.3720608055591583
2026-05-31 15:00:00,0.0,2.009277,0.37848544120788574
2026-05-31 16:00:00,0.0,1.384525,0.4005674421787262
2026-05-31 17:00:00,18.99,0.662052,0.4754082262516022
2026-05-31 18:00:00,249.99,0.149273,0.4965813457965851
2026-05-31 19:00:00,1274.99,0.0,0.5290745496749878
2026-05-31 20:00:00,4300.0,0.0,0.4859519600868225
2026-05-31 21:00:00,4300.01,0.0,0.4433407187461853
2026-05-31 22:00:00,4300.0,0.0,0.4315629005432129
2026-05-31 23:00:00,1849.99,0.0,0.39556407928466797
2026-06-01 00:00:00,456.0,0.0,0.25197142362594604
2026-06-01 01:00:00,350.0,0.0,0.21474774181842804
2026-06-01 02:00:00,322.99,0.0,0.2038734257221222
2026-06-01 03:00:00,340.0,0.0,0.19996678829193115
2026-06-01 04:00:00,349.68,0.0,0.20199765264987946
2026-06-01 05:00:00,327.0,0.086348,0.20593547821044922
2026-06-01 06:00:00,200.0,0.520073,0.22857891023159027
2026-06-01 07:00:00,169.9,0.341583,0.3836110532283783
2026-06-01 08:00:00,169.01,1.786267,0.45662400126457214
2026-06-01 09:00:00,45.0,2.265032,0.41626468300819397
2026-06-01 10:00:00,0.0,2.604203,0.449553906917572
2026-06-01 11:00:00,55.0,2.775164,0.4692368805408478
2026-06-01 12:00:00,0.0,2.818734,0.43063023686408997
2026-06-01 13:00:00,60.0,2.694532,0.4295588433742523
2026-06-01 14:00:00,171.01,2.4222840000000003,0.4112197458744049
2026-06-01 15:00:00,199.99,1.963598,0.3410564363002777
2026-06-01 16:00:00,343.0,1.372283,0.42186811566352844
2026-06-01 17:00:00,1500.0,0.688581,0.45815032720565796
2026-06-01 18:00:00,4300.0,0.180839,0.523892879486084
2026-06-01 19:00:00,4400.01,0.0,0.532249391078949
2026-06-01 20:00:00,4500.0,0.0,0.5317426323890686
2026-06-01 21:00:00,4300.01,0.0,0.5049595236778259
2026-06-01 22:00:00,4099.99,0.0,0.5028773546218872
2026-06-01 23:00:00,4500.0,0.0,0.4380020201206207
2026-06-02 00:00:00,2699.99,0.0,0.26898396015167236
2026-06-02 01:00:00,1800.0,0.0,0.21534687280654907
2026-06-02 02:00:00,2165.61,0.0,0.21379391849040985
2026-06-02 03:00:00,3199.99,0.0,0.20465649664402008
2026-06-02 04:00:00,3590.01,0.0,0.20425055921077728
2026-06-02 05:00:00,2234.99,0.06989,0.21004146337509155
2026-06-02 06:00:00,399.99,0.541651,0.23445755243301392
2026-06-02 07:00:00,200.01,1.2739719999999999,0.43851977586746216
2026-06-02 08:00:00,171.01,0.800819,0.47530439496040344
2026-06-02 09:00:00,169.91,1.382505,0.46466636657714844
2026-06-02 10:00:00,95.01,1.700401,0.4668322801589966
2026-06-02 11:00:00,100.06,2.882003,0.43675315380096436
2026-06-02 12:00:00,0.0,2.894295,0.4225742220878601
2026-06-02 13:00:00,60.0,2.762509,0.40564998984336853
2026-06-02 14:00:00,171.0,2.482927,0.3984273076057434
2026-06-02 15:00:00,195.01,2.022953,0.37230804562568665
2026-06-02 16:00:00,315.0,1.412745,0.4352547824382782
2026-06-02 17:00:00,1000.03,0.684353,0.5098194479942322
2026-06-02 18:00:00,2124.99,0.216634,0.5327286124229431
2026-06-02 19:00:00,4000.0,0.008131000000000001,0.5045793652534485
2026-06-02 20:00:00,4449.01,0.0,0.5285993218421936
2026-06-02 21:00:00,4300.01,0.0,0.49092501401901245
2026-06-02 22:00:00,4100.01,0.0,0.4755207896232605
2026-06-02 23:00:00,2249.99,0.0,0.4375992715358734
2026-06-03 00:00:00,2224.1,0.0,0.28789761662483215
2026-06-03 01:00:00,900.0,0.0,0.2211482971906662
2026-06-03 02:00:00,327.01,0.0,0.20719090104103088
2026-06-03 03:00:00,300.0,0.0,0.21209537982940674
2026-06-03 04:00:00,299.99,0.0,0.2062581330537796
2026-06-03 05:00:00,210.67,0.07421599999999999,0.2085028737783432
2026-06-03 06:00:00,171.0,0.536505,0.23414741456508636
2026-06-03 07:00:00,35.01,1.248396,0.4042152762413025
2026-06-03 08:00:00,170.0,1.885168,0.4724653661251068
2026-06-03 09:00:00,99.47,2.384969,0.46995043754577637
2026-06-03 10:00:00,19.01,2.745173,0.44747233390808105
2026-06-03 11:00:00,55.01,2.9340889999999997,0.3987793028354645
2026-06-03 12:00:00,0.0,2.956682,0.43380144238471985
2026-06-03 13:00:00,60.0,2.809779,0.4306486248970032
2026-06-03 14:00:00,169.9,2.48889,0.3828585743904114
2026-06-03 15:00:00,171.0,1.487148,0.365852952003479
2026-06-03 16:00:00,250.0,1.168701,0.42787912487983704
2026-06-03 17:00:00,600.0,0.664644,0.5035481452941895
2026-06-03 18:00:00,1200.01,0.058308,0.5246390700340271
2026-06-03 19:00:00,3599.99,0.008145,0.5287449955940247
2026-06-03 20:00:00,4245.01,0.0,0.5601099729537964
2026-06-03 21:00:00,4100.01,0.0,0.49061042070388794
2026-06-03 22:00:00,3023.61,0.0,0.48583635687828064
2026-06-03 23:00:00,1200.01,0.0,0.4646877348423004
2026-06-04 00:00:00,1490.0,0.0,0.3233714699745178
2026-06-04 01:00:00,702.01,0.0,0.2219470739364624
2026-06-04 02:00:00,699.99,0.0,0.20767591893672943
2026-06-04 03:00:00,999.97,0.0,0.20831385254859924
2026-06-04 04:00:00,999.97,0.0,0.20928141474723816
2026-06-04 05:00:00,999.01,0.09282299999999999,0.21512936055660248
2026-06-04 06:00:00,300.0,0.49487000000000003,0.23986577987670898
2026-06-04 07:00:00,189.99,1.2846780000000002,0.40269044041633606
2026-06-04 08:00:00,200.01,1.9505190000000001,0.4768279194831848
2026-06-04 09:00:00,175.0,2.4756039999999997,0.482276976108551
2026-06-04 10:00:00,171.0,2.835004,0.4584610164165497
2026-06-04 11:00:00,171.0,2.710567,0.4317503273487091
2026-06-04 12:00:00,19.99,2.7476190000000003,0.4098956882953644
2026-06-04 13:00:00,171.01,2.601556,0.44226938486099243
2026-06-04 14:00:00,180.01,2.584011,0.41760721802711487
2026-06-04 15:00:00,196.01,1.8554849999999998,0.38245052099227905
2026-06-04 16:00:00,261.01,1.273919,0.41222378611564636
2026-06-04 17:00:00,1000.0,0.6251789999999999,0.47071555256843567
2026-06-04 18:00:00,2249.99,0.147399,0.5106577277183533
2026-06-04 19:00:00,3609.99,0.009896,0.5147078037261963
2026-06-04 20:00:00,4294.77,0.0,0.5588763356208801
2026-06-04 21:00:00,4244.76,0.0,0.47855299711227417
2026-06-04 22:00:00,3599.99,0.0,0.4688299596309662
2026-06-04 23:00:00,1475.99,0.0,0.41760510206222534
2026-06-05 00:00:00,3200.0,0.0,0.28805238008499146
2026-06-05 01:00:00,1899.99,0.0,0.22253291308879852
2026-06-05 02:00:00,994.82,0.0,0.20791663229465485
2026-06-05 03:00:00,1000.0,0.0,0.20724274218082428
2026-06-05 04:00:00,1900.0,0.0,0.20562885701656342
2026-06-05 05:00:00,1295.01,0.076829,0.21668247878551483
2026-06-05 06:00:00,899.99,0.553271,0.23746660351753235
2026-06-05 07:00:00,599.0,1.290067,0.3812204897403717
2026-06-05 08:00:00,745.01,1.943246,0.447581022977829
2026-06-05 09:00:00,598.99,2.455701,0.42770659923553467
2026-06-05 10:00:00,300.01,2.827643,0.4790603220462799
2026-06-05 11:00:00,320.01,3.025066,0.41644302010536194
2026-06-05 12:00:00,200.01,3.031435,0.42568856477737427
2026-06-05 13:00:00,249.01,2.8763270000000003,0.4166909456253052
2026-06-05 14:00:00,598.99,2.5487040000000003,0.4153825342655182
2026-06-05 15:00:00,656.0,2.0633760000000003,0.32879820466041565
2026-06-05 16:00:00,1400.01,1.43873,0.3798695504665375
2026-06-05 17:00:00,3190.01,0.712639,0.4357113540172577
2026-06-05 18:00:00,2765.43,0.172873,0.49231138825416565
2026-06-05 19:00:00,3845.39,0.009842,0.4847646653652191
2026-06-05 20:00:00,4222.06,0.0,0.5071137547492981
2026-06-05 21:00:00,3995.0,0.0,0.5001325607299805
2026-06-05 22:00:00,2799.0,0.0,0.4647517502307892
2026-06-05 23:00:00,2224.1,0.0,0.40848708152770996
2026-06-06 00:00:00,4052.58,0.0,0.29737749695777893
2026-06-06 01:00:00,2600.01,0.0,0.2316773533821106
2026-06-06 02:00:00,799.75,0.0,0.21567264199256897
2026-06-06 03:00:00,1841.49,0.0,0.20551079511642456
2026-06-06 04:00:00,2224.1,0.0,0.2050059586763382
2026-06-06 05:00:00,1300.02,0.07659999999999999,0.21040786802768707
2026-06-06 06:00:00,312.4,0.549301,0.22612938284873962
2026-06-06 07:00:00,200.0,1.287764,0.2823091745376587
2026-06-06 08:00:00,199.29,1.954089,0.42178258299827576
2026-06-06 09:00:00,176.04,2.473649,0.4553951323032379
2026-06-06 10:00:00,171.0,2.8370990000000003,0.44666787981987
2026-06-06 11:00:00,171.0,3.074824,0.4018254280090332
2026-06-06 12:00:00,97.01,3.0970239999999998,0.39837777614593506
2026-06-06 13:00:00,171.0,2.940171,0.3703742027282715
2026-06-06 14:00:00,172.99,2.609317,0.39793363213539124
2026-06-06 15:00:00,189.99,2.1232640000000003,0.3775829076766968
2026-06-06 16:00:00,205.0,1.4867219999999999,0.4162933826446533
2026-06-06 17:00:00,599.0,0.7158680000000001,0.491467148065567
2026-06-06 18:00:00,999.98,0.151988,0.5203880071640015
2026-06-06 19:00:00,2429.99,0.013577,0.5267828702926636
2026-06-06 20:00:00,3845.4,0.0,0.505111038684845
2026-06-06 21:00:00,3699.99,0.0,0.44993388652801514
2026-06-06 22:00:00,1799.99,0.0,0.43476182222366333
2026-06-06 23:00:00,1400.01,0.0,0.428544819355011
2026-06-07 00:00:00,999.98,0.0,0.3002273440361023
2026-06-07 01:00:00,365.09,0.0,0.24587346613407135
2026-06-07 02:00:00,300.0,0.0,0.21505938470363617
2026-06-07 03:00:00,303.99,0.0,0.20447741448879242
2026-06-07 04:00:00,329.99,0.0,0.20320925116539001
2026-06-07 05:00:00,299.99,0.07462099999999999,0.21156972646713257
2026-06-07 06:00:00,172.99,0.5601929999999999,0.22153212130069733
2026-06-07 07:00:00,0.0,1.330577,0.2766542434692383
2026-06-07 08:00:00,0.0,2.010189,0.413380891084671
2026-06-07 09:00:00,0.0,2.537832,0.4363984763622284
2026-06-07 10:00:00,0.0,2.905228,0.45945441722869873
2026-06-07 11:00:00,0.0,3.0973640000000002,0.44951796531677246
2026-06-07 12:00:00,0.0,3.108833,0.4597824811935425
2026-06-07 13:00:00,0.0,2.9473580000000004,0.3615110218524933
2026-06-07 14:00:00,0.0,2.616784,0.3720608055591583
2026-06-07 15:00:00,0.0,2.1315560000000002,0.37848544120788574
2026-06-07 16:00:00,0.0,1.491904,0.4005674421787262
2026-06-07 17:00:00,171.0,0.729304,0.4754082262516022
2026-06-07 18:00:00,207.01,0.161833,0.4965813457965851
2026-06-07 19:00:00,699.99,0.015375999999999999,0.5290745496749878
2026-06-07 20:00:00,2700.0,0.0,0.4859519600868225
2026-06-07 21:00:00,1649.99,0.0,0.4433407187461853
2026-06-07 22:00:00,800.0,0.0,0.4315629005432129
2026-06-07 23:00:00,315.01,0.0,0.39556407928466797
2026-06-08 00:00:00,600.0,0.0,0.25197142362594604
2026-06-08 01:00:00,315.01,0.0,0.21474774181842804
2026-06-08 02:00:00,299.99,0.0,0.2038734257221222
2026-06-08 03:00:00,250.0,0.0,0.19996678829193115
2026-06-08 04:00:00,250.0,0.0,0.20199765264987946
2026-06-08 05:00:00,200.0,0.07928,0.20593547821044922
2026-06-08 06:00:00,171.0,0.552991,0.22857891023159027
2026-06-08 07:00:00,170.0,1.2817070000000002,0.3836110532283783
2026-06-08 08:00:00,198.85,1.435879,0.45662400126457214
2026-06-08 09:00:00,180.01,1.757679,0.41626468300819397
2026-06-08 10:00:00,171.01,2.690461,0.449553906917572
2026-06-08 11:00:00,171.0,2.851807,0.4692368805408478
2026-06-08 12:00:00,120.01,2.839399,0.43063023686408997
2026-06-08 13:00:00,171.0,2.691343,0.4295588433742523
2026-06-08 14:00:00,196.01,2.37152,0.4112197458744049
2026-06-08 15:00:00,200.01,1.943231,0.3410564363002777
2026-06-08 16:00:00,303.99,1.375575,0.42186811566352844
2026-06-08 17:00:00,600.0,0.697095,0.45815032720565796
2026-06-08 18:00:00,999.97,0.208038,0.523892879486084
2026-06-08 19:00:00,2037.0,0.004274,0.532249391078949
2026-06-08 20:00:00,3845.39,0.0,0.5317426323890686
2026-06-08 21:00:00,3600.0,0.0,0.5049595236778259
2026-06-08 22:00:00,1799.99,0.0,0.5028773546218872
2026-06-08 23:00:00,1500.0,0.0,0.4380020201206207
2026-06-09 00:00:00,2249.99,0.0,0.26898396015167236
2026-06-09 01:00:00,1080.0,0.0,0.21534687280654907
2026-06-09 02:00:00,999.97,0.0,0.21379391849040985
2026-06-09 03:00:00,999.97,0.0,0.20465649664402008
2026-06-09 04:00:00,999.16,0.0,0.20425055921077728
2026-06-09 05:00:00,599.0,0.092598,0.21004146337509155
2026-06-09 06:00:00,252.0,0.5013690000000001,0.23445755243301392
2026-06-09 07:00:00,200.0,1.154261,0.43851977586746216
2026-06-09 08:00:00,299.99,1.77524,0.47530439496040344
2026-06-09 09:00:00,240.01,2.2864430000000002,0.46466636657714844
2026-06-09 10:00:00,199.99,2.654709,0.4668322801589966
2026-06-09 11:00:00,199.0,2.964086,0.43675315380096436
2026-06-09 12:00:00,171.01,2.984412,0.4225742220878601
2026-06-09 13:00:00,199.01,2.824859,0.40564998984336853
2026-06-09 14:00:00,249.99,2.505902,0.3984273076057434
2026-06-09 15:00:00,349.68,2.032166,0.37230804562568665
2026-06-09 16:00:00,799.99,1.4260519999999999,0.4352547824382782
2026-06-09 17:00:00,2699.99,0.7077619999999999,0.5098194479942322
2026-06-09 18:00:00,2570.0,0.170722,0.5327286124229431
2026-06-09 19:00:00,3600.0,0.014655,0.5045793652534485
2026-06-09 20:00:00,4176.0,0.0,0.5285993218421936
2026-06-09 21:00:00,4100.01,0.0,0.49092501401901245
2026-06-09 22:00:00,3595.0,0.0,0.4755207896232605
2026-06-09 23:00:00,2224.1,0.0,0.4375992715358734
2026-06-10 00:00:00,3500.0,0.0,0.28789761662483215
2026-06-10 01:00:00,1899.99,0.0,0.2211482971906662
2026-06-10 02:00:00,999.99,0.0,0.20719090104103088
2026-06-10 03:00:00,1175.0,0.0,0.21209537982940674
2026-06-10 04:00:00,1699.99,0.0,0.2062581330537796
2026-06-10 05:00:00,1200.01,0.094555,0.2085028737783432
2026-06-10 06:00:00,599.0,0.521478,0.23414741456508636
2026-06-10 07:00:00,343.0,0.9701989999999999,0.4042152762413025
2026-06-10 08:00:00,999.98,0.359575,0.4724653661251068
2026-06-10 09:00:00,992.17,2.1312539999999998,0.46995043754577637
2026-06-10 10:00:00,402.0,0.24396199999999998,0.44747233390808105
2026-06-10 11:00:00,365.09,2.8961680000000003,0.3987793028354645
2026-06-10 12:00:00,240.01,1.756104,0.43380144238471985
2026-06-10 13:00:00,355.01,2.304508,0.4306486248970032
2026-06-10 14:00:00,1200.01,2.038801,0.3828585743904114
2026-06-10 15:00:00,2277.45,1.006727,0.365852952003479
2026-06-10 16:00:00,2538.0,0.432073,0.42787912487983704
2026-06-10 17:00:00,3889.99,0.5015539999999999,0.5035481452941895
2026-06-10 18:00:00,3600.0,0.086909,0.5246390700340271
2026-06-10 19:00:00,3600.0,0.0008719999999999999,0.5287449955940247
2026-06-10 20:00:00,4100.01,0.0,0.5601099729537964
2026-06-10 21:00:00,4100.0,0.0,0.49061042070388794
2026-06-10 22:00:00,3249.99,0.0,0.48583635687828064
2026-06-10 23:00:00,3107.67,0.0,0.4646877348423004
2026-06-11 00:00:00,2499.99,0.0,0.3233714699745178
2026-06-11 01:00:00,1500.0,0.0,0.2219470739364624
2026-06-11 02:00:00,1000.01,0.0,0.20767591893672943
2026-06-11 03:00:00,2200.0,0.0,0.20831385254859924
2026-06-11 04:00:00,2200.0,0.0,0.20928141474723816
2026-06-11 05:00:00,999.98,0.12405500000000001,0.21512936055660248
2026-06-11 06:00:00,598.99,0.013933999999999998,0.23986577987670898
2026-06-11 07:00:00,300.0,0.437739,0.40269044041633606
2026-06-11 08:00:00,800.0,0.368546,0.4768279194831848
2026-06-11 09:00:00,598.99,0.629473,0.482276976108551
2026-06-11 10:00:00,310.99,0.861591,0.4584610164165497
2026-06-11 11:00:00,300.01,0.516266,0.4317503273487091
2026-06-11 12:00:00,200.0,0.762439,0.4098956882953644
2026-06-11 13:00:00,300.01,0.703955,0.44226938486099243
2026-06-11 14:00:00,599.0,0.925432,0.41760721802711487
2026-06-11 15:00:00,649.0,0.10116800000000001,0.38245052099227905
2026-06-11 16:00:00,1500.0,0.044404000000000006,0.41222378611564636
2026-06-11 17:00:00,2785.7,0.019329,0.47071555256843567
2026-06-11 18:00:00,3050.0,0.058804,0.5106577277183533
2026-06-11 19:00:00,3974.4,0.011724,0.5147078037261963
2026-06-11 20:00:00,4100.01,0.0,0.5588763356208801
2026-06-11 21:00:00,4104.93,0.0,0.47855299711227417
2026-06-11 22:00:00,3500.0,0.0,0.4688299596309662
2026-06-11 23:00:00,3520.0,0.0,0.41760510206222534
2026-06-12 00:00:00,2499.99,0.0,0.28805238008499146
2026-06-12 01:00:00,1999.98,0.0,0.22253291308879852
2026-06-12 02:00:00,1899.99,0.0,0.20791663229465485
2026-06-12 03:00:00,2249.99,0.0,0.20724274218082428
2026-06-12 04:00:00,2224.09,0.0,0.20562885701656342
2026-06-12 05:00:00,1600.0,0.090929,0.21668247878551483
2026-06-12 06:00:00,1200.01,0.522509,0.23746660351753235
2026-06-12 07:00:00,355.0,0.472872,0.3812204897403717
2026-06-12 08:00:00,999.98,1.080127,0.447581022977829
2026-06-12 09:00:00,598.99,1.322605,0.42770659923553467
2026-06-12 10:00:00,303.0,1.438857,0.4790603220462799
2026-06-12 11:00:00,303.0,1.16126,0.41644302010536194
2026-06-12 12:00:00,199.0,1.0386710000000001,0.42568856477737427
2026-06-12 13:00:00,200.0,0.7301040000000001,0.4166909456253052
2026-06-12 14:00:00,599.0,1.197305,0.4153825342655182
2026-06-12 15:00:00,500.0,2.052998,0.32879820466041565
2026-06-12 16:00:00,999.99,1.444825,0.3798695504665375
2026-06-12 17:00:00,1650.0,0.728235,0.4357113540172577
2026-06-12 18:00:00,1000.0,0.264973,0.49231138825416565
2026-06-12 19:00:00,3594.99,0.009980000000000001,0.4847646653652191
2026-06-12 20:00:00,3974.4,0.0,0.5071137547492981
2026-06-12 21:00:00,3875.99,0.0,0.5001325607299805
2026-06-12 22:00:00,1949.98,0.0,0.4647517502307892
2026-06-12 23:00:00,700.0,0.0,0.40848708152770996
2026-06-13 00:00:00,1949.98,0.0,0.29737749695777893
2026-06-13 01:00:00,1500.0,0.0,0.2316773533821106
2026-06-13 02:00:00,999.98,0.0,0.21567264199256897
2026-06-13 03:00:00,999.97,0.0,0.20551079511642456
2026-06-13 04:00:00,800.0,0.0,0.2050059586763382
2026-06-13 05:00:00,500.01,0.08467400000000001,0.21040786802768707
2026-06-13 06:00:00,249.0,0.358933,0.22612938284873962
2026-06-13 07:00:00,172.99,0.876024,0.2823091745376587
2026-06-13 08:00:00,175.0,1.4110999999999998,0.42178258299827576
2026-06-13 09:00:00,174.99,1.56599,0.4553951323032379
2026-06-13 10:00:00,172.0,2.175869,0.44666787981987
2026-06-13 11:00:00,172.99,2.534754,0.4018254280090332
2026-06-13 12:00:00,170.99,2.471438,0.39837777614593506
2026-06-13 13:00:00,173.0,2.355912,0.3703742027282715
2026-06-13 14:00:00,200.0,2.1787460000000003,0.39793363213539124
2026-06-13 15:00:00,240.01,2.054282,0.3775829076766968
2026-06-13 16:00:00,252.01,1.448125,0.4162933826446533
2026-06-13 17:00:00,300.0,0.459793,0.491467148065567
2026-06-13 18:00:00,310.01,0.207683,0.5203880071640015
2026-06-13 19:00:00,999.98,0.008093,0.5267828702926636
2026-06-13 20:00:00,2000.01,0.0,0.505111038684845
2026-06-13 21:00:00,2000.01,0.0,0.44993388652801514
2026-06-13 22:00:00,1300.01,0.0,0.43476182222366333
2026-06-13 23:00:00,736.36,0.0,0.428544819355011
2026-06-14 00:00:00,999.97,0.0,0.3002273440361023
2026-06-14 01:00:00,699.99,0.0,0.24587346613407135
2026-06-14 02:00:00,500.01,0.0,0.21505938470363617
2026-06-14 03:00:00,366.07,0.0,0.20447741448879242
2026-06-14 04:00:00,320.0,0.0,0.20320925116539001
2026-06-14 05:00:00,300.0,0.084738,0.21156972646713257
2026-06-14 06:00:00,175.0,0.525559,0.22153212130069733
2026-06-14 07:00:00,50.0,0.9255869999999999,0.2766542434692383
2026-06-14 08:00:00,0.0,1.831386,0.413380891084671
2026-06-14 09:00:00,0.0,1.598733,0.4363984763622284
2026-06-14 10:00:00,0.0,1.027819,0.45945441722869873
2026-06-14 11:00:00,0.0,0.809727,0.44951796531677246
2026-06-14 12:00:00,0.0,1.9125150000000002,0.4597824811935425
2026-06-14 13:00:00,0.0,2.254195,0.3615110218524933
2026-06-14 14:00:00,0.0,1.962597,0.3720608055591583
2026-06-14 15:00:00,0.0,1.713356,0.37848544120788574
2026-06-14 16:00:00,170.0,1.192504,0.4005674421787262
2026-06-14 17:00:00,200.0,0.727041,0.4754082262516022
2026-06-14 18:00:00,331.51,0.178941,0.4965813457965851
2026-06-14 19:00:00,1100.01,0.017084,0.5290745496749878
2026-06-14 20:00:00,2500.0,0.0,0.4859519600868225
2026-06-14 21:00:00,2000.01,0.0,0.4433407187461853
2026-06-14 22:00:00,1899.99,0.0,0.4315629005432129
2026-06-14 23:00:00,1200.01,0.0,0.39556407928466797
2026-06-15 00:00:00,700.0,0.0,0.25197142362594604
2026-06-15 01:00:00,320.0,0.0,0.21474774181842804
2026-06-15 02:00:00,302.99,0.0,0.2038734257221222
2026-06-15 03:00:00,999.97,0.0,0.19996678829193115
2026-06-15 04:00:00,999.98,0.0,0.20199765264987946
2026-06-15 05:00:00,1000.01,0.075796,0.20593547821044922
2026-06-15 06:00:00,355.01,0.523422,0.22857891023159027
2026-06-15 07:00:00,207.01,1.234065,0.3836110532283783
2026-06-15 08:00:00,399.0,1.880824,0.45662400126457214
2026-06-15 09:00:00,365.1,2.411288,0.41626468300819397
2026-06-15 10:00:00,300.01,2.788995,0.449553906917572
2026-06-15 11:00:00,329.99,3.030012,0.4692368805408478
2026-06-15 12:00:00,207.01,3.052967,0.43063023686408997
2026-06-15 13:00:00,303.0,2.902036,0.4295588433742523
2026-06-15 14:00:00,500.01,2.574367,0.4112197458744049
2026-06-15 15:00:00,999.0,2.0886430000000002,0.3410564363002777
2026-06-15 16:00:00,999.98,1.4747439999999998,0.42186811566352844
2026-06-15 17:00:00,2000.01,0.73338,0.45815032720565796
2026-06-15 18:00:00,2511.94,0.158135,0.523892879486084
2026-06-15 19:00:00,4000.0,0.013422,0.532249391078949
2026-06-15 20:00:00,4200.0,0.0,0.5317426323890686
2026-06-15 21:00:00,4100.01,0.0,0.5049595236778259
2026-06-15 22:00:00,3795.0,0.0,0.5028773546218872
2026-06-15 23:00:00,3000.0,0.0,0.4380020201206207
2026-06-16 00:00:00,2961.04,0.0,0.26898396015167236
2026-06-16 01:00:00,1500.01,0.0,0.21534687280654907
2026-06-16 02:00:00,999.97,0.0,0.21379391849040985
2026-06-16 03:00:00,1500.0,0.0,0.20465649664402008
2026-06-16 04:00:00,1900.0,0.0,0.20425055921077728
2026-06-16 05:00:00,1500.0,0.090429,0.21004146337509155
2026-06-16 06:00:00,800.0,0.372257,0.23445755243301392
2026-06-16 07:00:00,250.0,0.666312,0.43851977586746216
2026-06-16 08:00:00,325.01,0.547493,0.47530439496040344
2026-06-16 09:00:00,277.01,0.523991,0.46466636657714844
2026-06-16 10:00:00,200.0,0.589032,0.4668322801589966
2026-06-16 11:00:00,200.0,0.6092240000000001,0.43675315380096436
2026-06-16 12:00:00,170.0,0.7760819999999999,0.4225742220878601
2026-06-16 13:00:00,190.0,1.022264,0.40564998984336853
2026-06-16 14:00:00,200.0,0.730095,0.3984273076057434
2026-06-16 15:00:00,216.01,1.202588,0.37230804562568665
2026-06-16 16:00:00,325.0,0.8306359999999999,0.4352547824382782
2026-06-16 17:00:00,1000.0,0.531452,0.5098194479942322
2026-06-16 18:00:00,1999.98,0.118866,0.5327286124229431
2026-06-16 19:00:00,3974.39,0.009899,0.5045793652534485
2026-06-16 20:00:00,4100.01,0.0,0.5285993218421936
2026-06-16 21:00:00,4100.0,0.0,0.49092501401901245
2026-06-16 22:00:00,3390.0,0.0,0.4755207896232605
2026-06-16 23:00:00,1850.0,0.0,0.4375992715358734
2026-06-17 00:00:00,2099.99,0.0,0.28789761662483215
2026-06-17 01:00:00,1189.0,0.0,0.2211482971906662
2026-06-17 02:00:00,875.99,0.0,0.20719090104103088
2026-06-17 03:00:00,900.0,0.0,0.21209537982940674
2026-06-17 04:00:00,799.99,0.0,0.2062581330537796
2026-06-17 05:00:00,589.0,0.087862,0.2085028737783432
2026-06-17 06:00:00,304.0,0.515303,0.23414741456508636
2026-06-17 07:00:00,174.99,1.205624,0.4042152762413025
2026-06-17 08:00:00,298.99,1.855235,0.4724653661251068
2026-06-17 09:00:00,248.01,2.3826140000000002,0.46995043754577637
2026-06-17 10:00:00,199.0,2.759833,0.44747233390808105
2026-06-17 11:00:00,196.01,2.954361,0.3987793028354645
2026-06-17 12:00:00,169.99,2.403471,0.43380144238471985
2026-06-17 13:00:00,175.0,1.757086,0.4306486248970032
2026-06-17 14:00:00,211.0,1.723796,0.3828585743904114
2026-06-17 15:00:00,250.0,2.04426,0.365852952003479
2026-06-17 16:00:00,303.01,1.448292,0.42787912487983704
2026-06-17 17:00:00,999.98,0.738888,0.5035481452941895
2026-06-17 18:00:00,1197.41,0.19167599999999999,0.5246390700340271
2026-06-17 19:00:00,3271.26,0.018814,0.5287449955940247
2026-06-17 20:00:00,3974.4,0.0,0.5601099729537964
2026-06-17 21:00:00,3974.4,0.0,0.49061042070388794
2026-06-17 22:00:00,2500.01,0.0,0.48583635687828064
2026-06-17 23:00:00,1400.0,0.0,0.4646877348423004
2026-06-18 00:00:00,2600.01,0.0,0.3233714699745178
2026-06-18 01:00:00,1499.97,0.0,0.2219470739364624
2026-06-18 02:00:00,999.97,0.0,0.20767591893672943
2026-06-18 03:00:00,988.88,0.0,0.20831385254859924
2026-06-18 04:00:00,513.63,0.0,0.20928141474723816
2026-06-18 05:00:00,303.99,0.087514,0.21512936055660248
2026-06-18 06:00:00,250.01,0.5171749999999999,0.23986577987670898
2026-06-18 07:00:00,175.0,1.212961,0.40269044041633606
2026-06-18 08:00:00,249.99,1.861206,0.4768279194831848
2026-06-18 09:00:00,199.99,2.3764920000000003,0.482276976108551
2026-06-18 10:00:00,174.99,2.75095,0.4584610164165497
2026-06-18 11:00:00,174.99,2.967111,0.4317503273487091
2026-06-18 12:00:00,170.0,2.994784,0.4098956882953644
2026-06-18 13:00:00,171.01,2.852592,0.44226938486099243
2026-06-18 14:00:00,200.0,2.5205990000000003,0.41760721802711487
2026-06-18 15:00:00,240.01,2.052488,0.38245052099227905
2026-06-18 16:00:00,300.01,1.456382,0.41222378611564636
2026-06-18 17:00:00,800.0,0.742521,0.47071555256843567
2026-06-18 18:00:00,999.98,0.18034,0.5106577277183533
2026-06-18 19:00:00,1484.99,0.020524999999999998,0.5147078037261963
2026-06-18 20:00:00,2060.2,0.0,0.5588763356208801
2026-06-18 21:00:00,2124.99,0.0,0.47855299711227417
2026-06-18 22:00:00,1066.63,0.0,0.4688299596309662
2026-06-18 23:00:00,596.74,0.0,0.41760510206222534
2026-06-19 00:00:00,899.99,0.0,0.28805238008499146
2026-06-19 01:00:00,355.0,0.0,0.22253291308879852
2026-06-19 02:00:00,303.99,0.0,0.20791663229465485
2026-06-19 03:00:00,310.01,0.0,0.20724274218082428
2026-06-19 04:00:00,300.01,0.0,0.20562885701656342
2026-06-19 05:00:00,259.93,0.072309,0.21668247878551483
2026-06-19 06:00:00,190.0,0.5252899999999999,0.23746660351753235
2026-06-19 07:00:00,171.01,1.239092,0.3812204897403717
2026-06-19 08:00:00,228.99,1.862812,0.447581022977829
2026-06-19 09:00:00,216.0,2.339255,0.42770659923553467
2026-06-19 10:00:00,190.0,2.646232,0.4790603220462799
2026-06-19 11:00:00,180.0,2.806514,0.41644302010536194
2026-06-19 12:00:00,170.01,2.8267399999999996,0.42568856477737427
2026-06-19 13:00:00,171.0,2.7000520000000003,0.4166909456253052
2026-06-19 14:00:00,248.0,2.410096,0.4153825342655182
2026-06-19 15:00:00,279.67,1.9752560000000001,0.32879820466041565
2026-06-19 16:00:00,304.0,1.419906,0.3798695504665375
2026-06-19 17:00:00,500.0,0.735026,0.4357113540172577
2026-06-19 18:00:00,1010.0,0.18169300000000002,0.49231138825416565
2026-06-19 19:00:00,1499.97,0.020167,0.4847646653652191
2026-06-19 20:00:00,2488.89,0.0,0.5071137547492981
2026-06-19 21:00:00,2488.88,0.0,0.5001325607299805
2026-06-19 22:00:00,1400.0,0.0,0.4647517502307892
2026-06-19 23:00:00,1000.0,0.0,0.40848708152770996
2026-06-20 00:00:00,1772.24,0.0,0.29737749695777893
2026-06-20 01:00:00,910.0,0.0,0.2316773533821106
2026-06-20 02:00:00,355.01,0.0,0.21567264199256897
2026-06-20 03:00:00,310.0,0.0,0.20551079511642456
2026-06-20 04:00:00,331.51,0.0,0.2050059586763382
2026-06-20 05:00:00,310.01,0.07417,0.21040786802768707
2026-06-20 06:00:00,240.01,0.511953,0.22612938284873962
2026-06-20 07:00:00,174.99,1.1983199999999998,0.2823091745376587
2026-06-20 08:00:00,174.99,1.8050789999999999,0.42178258299827576
2026-06-20 09:00:00,171.0,2.283337,0.4553951323032379
2026-06-20 10:00:00,170.0,2.597718,0.44666787981987
2026-06-20 11:00:00,170.0,2.729626,0.4018254280090332
2026-06-20 12:00:00,101.06,2.738763,0.39837777614593506
2026-06-20 13:00:00,169.99,2.65027,0.3703742027282715
2026-06-20 14:00:00,171.0,2.349631,0.39793363213539124
2026-06-20 15:00:00,171.0,1.9227260000000002,0.3775829076766968
2026-06-20 16:00:00,171.01,1.372968,0.4162933826446533
2026-06-20 17:00:00,200.0,0.757043,0.491467148065567
2026-06-20 18:00:00,507.0,0.253925,0.5203880071640015
2026-06-20 19:00:00,1450.0,0.011543,0.5267828702926636
2026-06-20 20:00:00,1999.01,0.0,0.505111038684845
2026-06-20 21:00:00,1949.99,0.0,0.44993388652801514
2026-06-20 22:00:00,1080.01,0.0,0.43476182222366333
2026-06-20 23:00:00,702.0,0.0,0.428544819355011
2026-06-21 00:00:00,999.99,0.0,0.3002273440361023
2026-06-21 01:00:00,945.0,0.0,0.24587346613407135
2026-06-21 02:00:00,700.0,0.0,0.21505938470363617
2026-06-21 03:00:00,730.01,0.0,0.20447741448879242
2026-06-21 04:00:00,355.68,0.0,0.20320925116539001
2026-06-21 05:00:00,237.0,0.073947,0.21156972646713257
2026-06-21 06:00:00,171.01,0.522709,0.22153212130069733
2026-06-21 07:00:00,0.0,1.248489,0.2766542434692383
2026-06-21 08:00:00,0.0,1.9177650000000002,0.413380891084671
2026-06-21 09:00:00,0.0,2.450504,0.4363984763622284
2026-06-21 10:00:00,0.0,2.820193,0.45945441722869873
2026-06-21 11:00:00,0.0,3.012913,0.44951796531677246
2026-06-21 12:00:00,0.0,3.04767,0.4597824811935425
2026-06-21 13:00:00,0.0,2.911803,0.3615110218524933
2026-06-21 14:00:00,0.0,2.601336,0.3720608055591583
2026-06-21 15:00:00,0.0,2.131351,0.37848544120788574
2026-06-21 16:00:00,0.0,1.5159749999999999,0.4005674421787262
2026-06-21 17:00:00,171.0,0.762053,0.4754082262516022
2026-06-21 18:00:00,304.0,0.170881,0.4965813457965851
2026-06-21 19:00:00,1275.0,0.020537,0.5290745496749878
2026-06-21 20:00:00,1391.49,0.0,0.4859519600868225
2026-06-21 21:00:00,999.98,0.0,0.4433407187461853
2026-06-21 22:00:00,488.89,0.0,0.4315629005432129
2026-06-21 23:00:00,302.99,0.0,0.39556407928466797
2026-06-22 00:00:00,800.01,0.0,0.25197142362594604
2026-06-22 01:00:00,500.0,0.0,0.21474774181842804
2026-06-22 02:00:00,349.99,0.0,0.2038734257221222
2026-06-22 03:00:00,303.99,0.0,0.19996678829193115
2026-06-22 04:00:00,300.01,0.0,0.20199765264987946
2026-06-22 05:00:00,222.99,0.057832999999999996,0.20593547821044922
2026-06-22 06:00:00,180.0,0.5385890000000001,0.22857891023159027
2026-06-22 07:00:00,171.0,1.313174,0.3836110532283783
2026-06-22 08:00:00,200.0,1.999227,0.45662400126457214
2026-06-22 09:00:00,199.0,2.54047,0.41626468300819397
2026-06-22 10:00:00,175.0,2.926279,0.449553906917572
2026-06-22 11:00:00,174.99,3.168663,0.4692368805408478
2026-06-22 12:00:00,169.99,3.204763,0.43063023686408997
2026-06-22 13:00:00,170.01,3.045407,0.4295588433742523
2026-06-22 14:00:00,180.01,2.694264,0.4112197458744049
2026-06-22 15:00:00,220.01,2.2036100000000003,0.3410564363002777
2026-06-22 16:00:00,448.0,1.5707229999999999,0.42186811566352844
2026-06-22 17:00:00,1400.01,0.776815,0.45815032720565796
2026-06-22 18:00:00,1500.0,0.151802,0.523892879486084
2026-06-22 19:00:00,2305.0,0.02059,0.532249391078949
2026-06-22 20:00:00,3974.39,0.0,0.5317426323890686
2026-06-22 21:00:00,3974.39,0.0,0.5049595236778259
2026-06-22 22:00:00,1996.0,0.0,0.5028773546218872
2026-06-22 23:00:00,1899.99,0.0,0.4380020201206207
2026-06-23 00:00:00,1600.0,0.0,0.26898396015167236
2026-06-23 01:00:00,1400.01,0.0,0.21534687280654907
2026-06-23 02:00:00,1250.0,0.0,0.21379391849040985
2026-06-23 03:00:00,1499.99,0.0,0.20465649664402008
2026-06-23 04:00:00,1799.99,0.0,0.20425055921077728
2026-06-23 05:00:00,1499.97,0.055034,0.21004146337509155
2026-06-23 06:00:00,700.0,0.528318,0.23445755243301392
2026-06-23 07:00:00,325.0,1.29759,0.43851977586746216
2026-06-23 08:00:00,1000.01,1.970833,0.47530439496040344
2026-06-23 09:00:00,899.99,2.4989749999999997,0.46466636657714844
2026-06-23 10:00:00,310.0,2.878319,0.4668322801589966
2026-06-23 11:00:00,250.01,3.103201,0.43675315380096436
2026-06-23 12:00:00,190.0,3.138536,0.4225742220878601
2026-06-23 13:00:00,248.0,2.9884920000000004,0.40564998984336853
2026-06-23 14:00:00,365.1,2.667363,0.3984273076057434
2026-06-23 15:00:00,702.0,2.178051,0.37230804562568665
2026-06-23 16:00:00,999.98,1.552073,0.4352547824382782
2026-06-23 17:00:00,2900.01,0.777805,0.5098194479942322
2026-06-23 18:00:00,1420.01,0.146654,0.5327286124229431
2026-06-23 19:00:00,3805.0,0.020505,0.5045793652534485
2026-06-23 20:00:00,4244.99,0.0,0.5285993218421936
2026-06-23 21:00:00,4200.0,0.0,0.49092501401901245
2026-06-23 22:00:00,3400.0,0.0,0.4755207896232605
2026-06-23 23:00:00,2538.0,0.0,0.4375992715358734
2026-06-24 00:00:00,2700.0,0.0,0.28789761662483215
2026-06-24 01:00:00,1958.32,0.0,0.2211482971906662
2026-06-24 02:00:00,1507.01,0.0,0.20719090104103088
2026-06-24 03:00:00,2099.99,0.0,0.21209537982940674
2026-06-24 04:00:00,2500.01,0.0,0.2062581330537796
2026-06-24 05:00:00,1500.0,0.057446,0.2085028737783432
2026-06-24 06:00:00,1499.97,0.542712,0.23414741456508636
2026-06-24 07:00:00,550.01,1.324042,0.4042152762413025
2026-06-24 08:00:00,2451.0,2.009493,0.4724653661251068
2026-06-24 09:00:00,1499.97,2.5436370000000004,0.46995043754577637
2026-06-24 10:00:00,899.99,2.9169009999999997,0.44747233390808105
2026-06-24 11:00:00,500.01,3.127618,0.3987793028354645
2026-06-24 12:00:00,250.01,3.1561399999999997,0.43380144238471985
2026-06-24 13:00:00,500.01,3.011913,0.4306486248970032
2026-06-24 14:00:00,999.97,2.6774340000000003,0.3828585743904114
2026-06-24 15:00:00,999.98,2.190841,0.365852952003479
2026-06-24 16:00:00,1175.0,1.56511,0.42787912487983704
2026-06-24 17:00:00,3653.79,0.781137,0.5035481452941895
2026-06-24 18:00:00,3789.25,0.163677,0.5246390700340271
2026-06-24 19:00:00,4050.0,0.022318,0.5287449955940247
2026-06-24 20:00:00,4294.77,0.0,0.5601099729537964
2026-06-24 21:00:00,4250.01,0.0,0.49061042070388794
2026-06-24 22:00:00,3250.0,0.0,0.48583635687828064
2026-06-24 23:00:00,3799.98,0.0,0.4646877348423004
2026-06-25 00:00:00,2450.99,0.0,0.3233714699745178
2026-06-25 01:00:00,1850.0,0.0,0.2219470739364624
2026-06-25 02:00:00,1649.99,0.0,0.20767591893672943
2026-06-25 03:00:00,1499.98,0.0,0.20831385254859924
2026-06-25 04:00:00,1499.98,0.0,0.20928141474723816
2026-06-25 05:00:00,2195.2,0.068713,0.21512936055660248
2026-06-25 06:00:00,1800.01,0.526369,0.23986577987670898
2026-06-25 07:00:00,500.01,1.264459,0.40269044041633606
2026-06-25 08:00:00,1849.99,1.923905,0.4768279194831848
2026-06-25 09:00:00,1200.0,2.4485569999999997,0.482276976108551
2026-06-25 10:00:00,349.98,2.801939,0.4584610164165497
2026-06-25 11:00:00,303.99,2.993611,0.4317503273487091
2026-06-25 12:00:00,190.0,3.0183229999999996,0.4098956882953644
2026-06-25 13:00:00,250.0,2.8729989999999996,0.44226938486099243
2026-06-25 14:00:00,399.67,2.565138,0.41760721802711487
2026-06-25 15:00:00,989.98,2.078558,0.38245052099227905
2026-06-25 16:00:00,1699.99,1.463906,0.41222378611564636
2026-06-25 17:00:00,2000.0,0.749776,0.47071555256843567
2026-06-25 18:00:00,2200.01,0.227692,0.5106577277183533
2026-06-25 19:00:00,4097.89,0.0,0.5147078037261963
2026-06-25 20:00:00,4250.01,0.0,0.5588763356208801
2026-06-25 21:00:00,4250.0,0.0,0.47855299711227417
2026-06-25 22:00:00,2495.9,0.0,0.4688299596309662
2026-06-25 23:00:00,1899.98,0.0,0.41760510206222534
2026-06-26 00:00:00,2495.9,0.0,0.28805238008499146
2026-06-26 01:00:00,1850.0,0.0,0.22253291308879852
2026-06-26 02:00:00,1669.79,0.0,0.20791663229465485
2026-06-26 03:00:00,1800.0,0.0,0.20724274218082428
2026-06-26 04:00:00,2195.19,0.0,0.20562885701656342
2026-06-26 05:00:00,1499.97,0.06768500000000001,0.21668247878551483
2026-06-26 06:00:00,910.01,0.393787,0.23746660351753235
2026-06-26 07:00:00,310.01,1.29515,0.3812204897403717
2026-06-26 08:00:00,1400.01,1.9987300000000001,0.447581022977829
2026-06-26 09:00:00,900.0,2.54984,0.42770659923553467
2026-06-26 10:00:00,500.0,1.740796,0.4790603220462799
2026-06-26 11:00:00,369.56,0.504949,0.41644302010536194
2026-06-26 12:00:00,200.0,0.8917849999999999,0.42568856477737427
2026-06-26 13:00:00,200.01,2.2950410000000003,0.4166909456253052
2026-06-26 14:00:00,702.01,2.692492,0.4153825342655182
2026-06-26 15:00:00,1274.99,2.200738,0.32879820466041565
2026-06-26 16:00:00,1499.97,1.561334,0.3798695504665375
2026-06-26 17:00:00,1919.98,0.786702,0.4357113540172577
2026-06-26 18:00:00,1500.0,0.176907,0.49231138825416565
2026-06-26 19:00:00,3904.16,0.022850000000000002,0.4847646653652191
2026-06-26 20:00:00,4250.0,0.0,0.5071137547492981
2026-06-26 21:00:00,4200.0,0.0,0.5001325607299805
2026-06-26 22:00:00,3449.72,0.0,0.4647517502307892
2026-06-26 23:00:00,2499.99,0.0,0.40848708152770996
2026-06-27 00:00:00,2858.01,0.0,0.29737749695777893
2026-06-27 01:00:00,2195.19,0.0,0.2316773533821106
2026-06-27 02:00:00,1899.98,0.0,0.21567264199256897
2026-06-27 03:00:00,2000.0,0.0,0.20551079511642456
2026-06-27 04:00:00,2195.19,0.0,0.2050059586763382
2026-06-27 05:00:00,1499.97,0.061859000000000004,0.21040786802768707
2026-06-27 06:00:00,500.0,0.523131,0.22612938284873962
2026-06-27 07:00:00,199.01,0.26923899999999995,0.2823091745376587
2026-06-27 08:00:00,199.0,0.301048,0.42178258299827576
2026-06-27 09:00:00,180.0,0.450374,0.4553951323032379
2026-06-27 10:00:00,171.01,0.460139,0.44666787981987
2026-06-27 11:00:00,171.0,2.043688,0.4018254280090332
2026-06-27 12:00:00,170.0,2.110258,0.39837777614593506
2026-06-27 13:00:00,171.0,1.781712,0.3703742027282715
2026-06-27 14:00:00,175.0,2.6853730000000002,0.39793363213539124
2026-06-27 15:00:00,220.01,2.190576,0.3775829076766968
2026-06-27 16:00:00,330.0,1.5526099999999998,0.4162933826446533
2026-06-27 17:00:00,1011.29,0.780246,0.491467148065567
2026-06-27 18:00:00,1523.0,0.176297,0.5203880071640015
2026-06-27 19:00:00,2587.01,0.024376000000000002,0.5267828702926636
2026-06-27 20:00:00,3860.0,0.0,0.505111038684845
2026-06-27 21:00:00,3600.01,0.0,0.44993388652801514
2026-06-27 22:00:00,1899.99,0.0,0.43476182222366333
2026-06-27 23:00:00,1899.98,0.0,0.428544819355011
2026-06-28 00:00:00,1500.0,0.0,0.3002273440361023
2026-06-28 01:00:00,1499.98,0.0,0.24587346613407135
2026-06-28 02:00:00,1499.97,0.0,0.21505938470363617
2026-06-28 03:00:00,1429.01,0.0,0.20447741448879242
2026-06-28 04:00:00,1400.0,0.0,0.20320925116539001
2026-06-28 05:00:00,1080.0,0.061339,0.21156972646713257
2026-06-28 06:00:00,252.01,0.514833,0.22153212130069733
2026-06-28 07:00:00,170.0,1.2785060000000001,0.2766542434692383
2026-06-28 08:00:00,0.0,1.953512,0.413380891084671
2026-06-28 09:00:00,0.0,2.478275,0.4363984763622284
2026-06-28 10:00:00,0.0,2.8501529999999997,0.45945441722869873
2026-06-28 11:00:00,0.0,2.483171,0.44951796531677246
2026-06-28 12:00:00,0.0,2.548806,0.4597824811935425
2026-06-28 13:00:00,0.0,2.484594,0.3615110218524933
2026-06-28 14:00:00,0.0,1.787289,0.3720608055591583
2026-06-28 15:00:00,0.0,1.390042,0.37848544120788574
2026-06-28 16:00:00,169.99,1.144066,0.4005674421787262
2026-06-28 17:00:00,180.01,0.714062,0.4754082262516022
2026-06-28 18:00:00,589.01,0.200956,0.4965813457965851
2026-06-28 19:00:00,1649.99,0.024282,0.5290745496749878
2026-06-28 20:00:00,1849.99,0.0,0.4859519600868225
2026-06-28 21:00:00,1999.99,0.0,0.4433407187461853
2026-06-28 22:00:00,1500.03,0.0,0.4315629005432129
2026-06-28 23:00:00,1786.01,0.0,0.39556407928466797
2026-06-29 00:00:00,1700.0,0.0,0.25197142362594604
2026-06-29 01:00:00,1490.0,0.0,0.21474774181842804
2026-06-29 02:00:00,1499.98,0.0,0.2038734257221222
2026-06-29 03:00:00,1499.97,0.0,0.19996678829193115
2026-06-29 04:00:00,1499.99,0.0,0.20199765264987946
2026-06-29 05:00:00,1499.98,0.007730000000000001,0.20593547821044922
2026-06-29 06:00:00,500.01,0.118294,0.22857891023159027
2026-06-29 07:00:00,299.99,0.828901,0.3836110532283783
2026-06-29 08:00:00,1499.97,1.285367,0.45662400126457214
2026-06-29 09:00:00,1499.98,0.618728,0.41626468300819397
2026-06-29 10:00:00,1400.0,0.631555,0.449553906917572
2026-06-29 11:00:00,993.11,1.2397529999999999,0.4692368805408478
2026-06-29 12:00:00,310.0,3.01698,0.43063023686408997
2026-06-29 13:00:00,656.01,2.8668020000000003,0.4295588433742523
2026-06-29 14:00:00,1499.98,2.551641,0.4112197458744049
2026-06-29 15:00:00,1499.98,1.163254,0.3410564363002777
2026-06-29 16:00:00,1849.02,0.8848440000000001,0.42186811566352844
2026-06-29 17:00:00,1799.97,0.121182,0.45815032720565796
2026-06-29 18:00:00,1799.97,0.0,0.523892879486084
2026-06-29 19:00:00,3600.0,0.024246,0.532249391078949
2026-06-29 20:00:00,4300.01,0.0,0.5317426323890686
2026-06-29 21:00:00,4300.01,0.0,0.5049595236778259
2026-06-29 22:00:00,3000.0,0.0,0.5028773546218872
2026-06-29 23:00:00,1500.0,0.0,0.4380020201206207
2026-06-30 00:00:00,2445.19,0.0,0.26898396015167236
2026-06-30 01:00:00,1899.99,0.0,0.21534687280654907
2026-06-30 02:00:00,1899.99,0.0,0.21379391849040985
2026-06-30 03:00:00,1899.99,0.0,0.20465649664402008
2026-06-30 04:00:00,1912.0,0.0,0.20425055921077728
2026-06-30 05:00:00,1499.99,0.115907,0.21004146337509155
2026-06-30 06:00:00,1800.0,0.47687999999999997,0.23445755243301392
2026-06-30 07:00:00,800.0,0.944586,0.43851977586746216
2026-06-30 08:00:00,1800.0,0.9750270000000001,0.47530439496040344
2026-06-30 09:00:00,1500.0,1.639847,0.46466636657714844
2026-06-30 10:00:00,1400.0,1.7582650000000002,0.4668322801589966
2026-06-30 11:00:00,1400.01,2.988585,0.43675315380096436
2026-06-30 12:00:00,500.0,3.0106390000000003,0.4225742220878601
2026-06-30 13:00:00,1400.0,2.848751,0.40564998984336853
2026-06-30 14:00:00,1799.97,2.521317,0.3984273076057434
2026-06-30 15:00:00,1175.0,1.303029,0.37230804562568665
2026-06-30 16:00:00,1400.0,0.746051,0.4352547824382782
2026-06-30 17:00:00,2900.01,0.751101,0.5098194479942322
2026-06-30 18:00:00,2999.13,0.182255,0.5327286124229431
2026-06-30 19:00:00,3880.9,0.022035,0.5045793652534485
2026-06-30 20:00:00,4307.31,0.0,0.5285993218421936
2026-06-30 21:00:00,4300.01,0.0,0.49092501401901245
2026-06-30 22:00:00,3999.98,0.0,0.4755207896232605
2026-06-30 23:00:00,3617.39,0.0,0.4375992715358734
2026-07-01 00:00:00,4090.67,0.0,0.28789761662483215
2026-07-01 01:00:00,4000.0,0.0,0.2211482971906662
2026-07-01 02:00:00,3575.03,0.0,0.20719090104103088
2026-07-01 03:00:00,3544.71,0.0,0.21209537982940674
2026-07-01 04:00:00,3506.05,0.0,0.2062581330537796
2026-07-01 05:00:00,3000.0,0.057982,0.2085028737783432
2026-07-01 06:00:00,1899.99,0.480649,0.23414741456508636
2026-07-01 07:00:00,370.01,1.186261,0.4042152762413025
2026-07-01 08:00:00,2800.0,1.8309000000000002,0.4724653661251068
2026-07-01 09:00:00,3489.99,2.331385,0.46995043754577637
2026-07-01 10:00:00,2499.67,2.6910100000000003,0.44747233390808105
2026-07-01 11:00:00,2429.01,2.876202,0.3987793028354645
2026-07-01 12:00:00,1499.97,2.896846,0.43380144238471985
2026-07-01 13:00:00,2429.01,2.761257,0.4306486248970032
2026-07-01 14:00:00,3500.89,2.5038470000000004,0.3828585743904114
2026-07-01 15:00:00,3475.57,2.061239,0.365852952003479
2026-07-01 16:00:00,3995.0,1.490717,0.42787912487983704
2026-07-01 17:00:00,4400.01,0.7670800000000001,0.5035481452941895
2026-07-01 18:00:00,4200.0,0.175568,0.5246390700340271
2026-07-01 19:00:00,3800.0,0.023283,0.5287449955940247
2026-07-01 20:00:00,4400.0,0.0,0.5601099729537964
2026-07-01 21:00:00,4300.0,0.0,0.49061042070388794
2026-07-01 22:00:00,3700.63,0.0,0.48583635687828064
2026-07-01 23:00:00,4000.0,0.0,0.4646877348423004
2026-07-02 00:00:00,3743.0,0.0,0.3233714699745178
2026-07-02 01:00:00,3200.0,0.0,0.2219470739364624
2026-07-02 02:00:00,3300.0,0.0,0.20767591893672943
2026-07-02 03:00:00,3269.01,0.0,0.20831385254859924
2026-07-02 04:00:00,3999.99,0.0,0.20928141474723816
2026-07-02 05:00:00,3999.99,0.051397,0.21512936055660248
2026-07-02 06:00:00,3488.22,0.486317,0.23986577987670898
2026-07-02 07:00:00,1799.97,1.2100920000000002,0.40269044041633606
2026-07-02 08:00:00,3680.0,1.841462,0.4768279194831848
2026-07-02 09:00:00,3499.99,2.327031,0.482276976108551
2026-07-02 10:00:00,2699.99,2.6724200000000002,0.4584610164165497
2026-07-02 11:00:00,2999.01,2.883205,0.4317503273487091
2026-07-02 12:00:00,1499.98,2.9405259999999998,0.4098956882953644
2026-07-02 13:00:00,2997.0,2.83411,0.44226938486099243
2026-07-02 14:00:00,2997.01,2.5504810000000004,0.41760721802711487
2026-07-02 15:00:00,2007.0,2.094451,0.38245052099227905
2026-07-02 16:00:00,2537.99,1.4984629999999999,0.41222378611564636
2026-07-02 17:00:00,3803.12,0.769225,0.47071555256843567
2026-07-02 18:00:00,2925.0,0.19658,0.5106577277183533
2026-07-02 19:00:00,4237.01,0.023561,0.5147078037261963
2026-07-02 20:00:00,4500.0,0.0,0.5588763356208801
2026-07-02 21:00:00,4500.0,0.0,0.47855299711227417
2026-07-02 22:00:00,4000.01,0.0,0.4688299596309662
2026-07-02 23:00:00,3499.4,0.0,0.41760510206222534
2026-07-03 00:00:00,3500.99,0.0,0.28805238008499146
2026-07-03 01:00:00,3000.0,0.0,0.22253291308879852
2026-07-03 02:00:00,3499.99,0.0,0.20791663229465485
2026-07-03 03:00:00,3500.0,0.0,0.20724274218082428
2026-07-03 04:00:00,4090.79,0.0,0.20562885701656342
2026-07-03 05:00:00,3600.0,0.07332899999999999,0.21668247878551483
2026-07-03 06:00:00,2450.99,0.476961,0.23746660351753235
2026-07-03 07:00:00,1799.98,1.1855,0.3812204897403717
2026-07-03 08:00:00,3599.99,1.826861,0.447581022977829
2026-07-03 09:00:00,3499.99,2.32634,0.42770659923553467
2026-07-03 10:00:00,2537.99,2.660266,0.4790603220462799
2026-07-03 11:00:00,2250.0,2.8144009999999997,0.41644302010536194
2026-07-03 12:00:00,1499.98,2.8306999999999998,0.42568856477737427
2026-07-03 13:00:00,1897.17,2.7006509999999997,0.4166909456253052
2026-07-03 14:00:00,3549.05,2.412797,0.4153825342655182
2026-07-03 15:00:00,3499.99,1.969606,0.32879820466041565
2026-07-03 16:00:00,3000.01,1.401965,0.3798695504665375
2026-07-03 17:00:00,3804.29,0.749649,0.4357113540172577
2026-07-03 18:00:00,3389.89,0.247164,0.49231138825416565
2026-07-03 19:00:00,3852.62,0.014654,0.4847646653652191
2026-07-03 20:00:00,4235.01,0.0,0.5071137547492981
2026-07-03 21:00:00,4200.0,0.0,0.5001325607299805
2026-07-03 22:00:00,3488.19,0.0,0.4647517502307892
2026-07-03 23:00:00,2924.18,0.0,0.40848708152770996
2026-07-04 00:00:00,3400.0,0.0,0.29737749695777893
2026-07-04 01:00:00,3677.01,0.0,0.2316773533821106
2026-07-04 02:00:00,3400.01,0.0,0.21567264199256897
2026-07-04 03:00:00,3658.0,0.0,0.20551079511642456
2026-07-04 04:00:00,3677.01,0.0,0.2050059586763382
2026-07-04 05:00:00,3389.89,0.07802500000000001,0.21040786802768707
2026-07-04 06:00:00,2538.0,0.46686500000000003,0.22612938284873962
2026-07-04 07:00:00,1500.0,0.247048,0.2823091745376587
2026-07-04 08:00:00,1850.0,0.516714,0.42178258299827576
2026-07-04 09:00:00,1764.01,1.08098,0.4553951323032379
2026-07-04 10:00:00,1499.97,0.896946,0.44666787981987
2026-07-04 11:00:00,1499.97,1.573831,0.4018254280090332
2026-07-04 12:00:00,700.01,1.06761,0.39837777614593506
2026-07-04 13:00:00,1499.97,2.192413,0.3703742027282715
2026-07-04 14:00:00,1696.72,2.5710680000000004,0.39793363213539124
2026-07-04 15:00:00,1691.9,2.088846,0.3775829076766968
2026-07-04 16:00:00,1499.97,1.48615,0.4162933826446533
2026-07-04 17:00:00,1499.99,0.775448,0.491467148065567
2026-07-04 18:00:00,1499.98,0.218642,0.5203880071640015
2026-07-04 19:00:00,3000.0,0.024300000000000002,0.5267828702926636
2026-07-04 20:00:00,4045.41,0.0,0.505111038684845
2026-07-04 21:00:00,4030.12,0.0,0.44993388652801514
2026-07-04 22:00:00,3400.01,0.0,0.43476182222366333
2026-07-04 23:00:00,2099.99,0.0,0.428544819355011
2026-07-05 00:00:00,3400.01,0.0,0.3002273440361023
2026-07-05 01:00:00,2874.99,0.0,0.24587346613407135
2026-07-05 02:00:00,1900.0,0.0,0.21505938470363617
2026-07-05 03:00:00,2425.09,0.0,0.20447741448879242
2026-07-05 04:00:00,1708.64,0.0,0.20320925116539001
2026-07-05 05:00:00,1499.97,0.057103,0.21156972646713257
2026-07-05 06:00:00,2000.0,0.493848,0.22153212130069733
2026-07-05 07:00:00,303.99,1.253769,0.2766542434692383
2026-07-05 08:00:00,174.99,1.9535689999999999,0.413380891084671
2026-07-05 09:00:00,170.01,2.509191,0.4363984763622284
2026-07-05 10:00:00,169.98,2.9169050000000003,0.45945441722869873
2026-07-05 11:00:00,169.99,3.151573,0.44951796531677246
2026-07-05 12:00:00,170.0,3.193857,0.4597824811935425
2026-07-05 13:00:00,171.01,3.044374,0.3615110218524933
2026-07-05 14:00:00,196.01,2.7274439999999998,0.3720608055591583
2026-07-05 15:00:00,200.0,2.227006,0.37848544120788574
2026-07-05 16:00:00,449.99,1.593506,0.4005674421787262
2026-07-05 17:00:00,920.0,0.8007989999999999,0.4754082262516022
2026-07-05 18:00:00,1587.23,0.172093,0.4965813457965851
2026-07-05 19:00:00,1899.99,0.022418,0.5290745496749878
2026-07-05 20:00:00,3023.6,0.0,0.4859519600868225
2026-07-05 21:00:00,3500.01,0.0,0.4433407187461853
2026-07-05 22:00:00,3000.0,0.0,0.4315629005432129
2026-07-05 23:00:00,2425.1,0.0,0.39556407928466797
2026-07-06 00:00:00,2560.29,0.0,0.25197142362594604
2026-07-06 01:00:00,2050.0,0.0,0.21474774181842804
2026-07-06 02:00:00,1899.99,0.0,0.2038734257221222
2026-07-06 03:00:00,1750.0,0.0,0.19996678829193115
2026-07-06 04:00:00,2425.1,0.0,0.20199765264987946
2026-07-06 05:00:00,1500.0,0.048026000000000006,0.20593547821044922
2026-07-06 06:00:00,1500.0,0.489261,0.22857891023159027
2026-07-06 07:00:00,800.0,1.265565,0.3836110532283783
2026-07-06 08:00:00,2999.0,1.958496,0.45662400126457214
2026-07-06 09:00:00,2425.1,2.506757,0.41626468300819397
2026-07-06 10:00:00,1499.99,2.8952750000000003,0.449553906917572
2026-07-06 11:00:00,1499.99,3.129509,0.4692368805408478
2026-07-06 12:00:00,600.01,3.16561,0.43063023686408997
2026-07-06 13:00:00,1400.01,3.018585,0.4295588433742523
2026-07-06 14:00:00,2518.75,2.679349,0.4112197458744049
2026-07-06 15:00:00,2397.18,2.187561,0.3410564363002777
2026-07-06 16:00:00,2099.99,1.566107,0.42186811566352844
2026-07-06 17:00:00,2799.01,0.786867,0.45815032720565796
2026-07-06 18:00:00,2176.69,0.162945,0.523892879486084
2026-07-06 19:00:00,3499.99,0.020552,0.532249391078949
2026-07-06 20:00:00,4235.0,0.0,0.5317426323890686
2026-07-06 21:00:00,4400.0,0.0,0.5049595236778259
2026-07-06 22:00:00,3499.0,0.0,0.5028773546218872
2026-07-06 23:00:00,2537.99,0.0,0.4380020201206207
2026-07-07 00:00:00,3400.01,0.0,0.26898396015167236
2026-07-07 01:00:00,3499.99,0.0,0.21534687280654907
2026-07-07 02:00:00,3499.0,0.0,0.21379391849040985
2026-07-07 03:00:00,3579.7,0.0,0.20465649664402008
2026-07-07 04:00:00,3400.0,0.0,0.20425055921077728
2026-07-07 05:00:00,2865.59,0.054622,0.21004146337509155
2026-07-07 06:00:00,1999.99,0.464292,0.23445755243301392
2026-07-07 07:00:00,1275.0,1.153241,0.43851977586746216
2026-07-07 08:00:00,2718.55,1.795393,0.47530439496040344
2026-07-07 09:00:00,2200.01,2.315214,0.46466636657714844
2026-07-07 10:00:00,1500.0,2.700256,0.4668322801589966
2026-07-07 11:00:00,1807.04,2.951587,0.43675315380096436
2026-07-07 12:00:00,1400.0,3.0105399999999998,0.4225742220878601
2026-07-07 13:00:00,1999.98,2.894419,0.40564998984336853
2026-07-07 14:00:00,1999.99,2.598657,0.3984273076057434
2026-07-07 15:00:00,1987.57,2.1341550000000002,0.37230804562568665
2026-07-07 16:00:00,2395.31,1.539537,0.4352547824382782
2026-07-07 17:00:00,2865.59,0.788043,0.5098194479942322
2026-07-07 18:00:00,2451.0,0.181411,0.5327286124229431
2026-07-07 19:00:00,2874.99,0.020558,0.5045793652534485
2026-07-07 20:00:00,4245.0,0.0,0.5285993218421936
2026-07-07 21:00:00,4435.01,0.0,0.49092501401901245
2026-07-07 22:00:00,3692.66,0.0,0.4755207896232605
2026-07-07 23:00:00,2999.99,0.0,0.4375992715358734
2026-07-08 00:00:00,3199.01,0.0,0.28789761662483215
2026-07-08 01:00:00,3184.9,0.0,0.2211482971906662
2026-07-08 02:00:00,3199.01,0.0,0.20719090104103088
2026-07-08 03:00:00,3379.01,0.0,0.21209537982940674
2026-07-08 04:00:00,3188.89,0.0,0.2062581330537796
2026-07-08 05:00:00,2600.01,0.045798,0.2085028737783432
2026-07-08 06:00:00,2050.0,0.47072699999999995,0.23414741456508636
2026-07-08 07:00:00,1499.97,1.1906130000000001,0.4042152762413025
2026-07-08 08:00:00,2797.99,1.847181,0.4724653661251068
2026-07-08 09:00:00,2499.68,2.369089,0.46995043754577637
2026-07-08 10:00:00,1672.0,2.7536799999999997,0.44747233390808105
2026-07-08 11:00:00,1799.97,2.952958,0.3987793028354645
2026-07-08 12:00:00,998.0,2.970846,0.43380144238471985
2026-07-08 13:00:00,1799.97,2.832244,0.4306486248970032
2026-07-08 14:00:00,2116.41,2.546205,0.3828585743904114
2026-07-08 15:00:00,2500.0,2.098649,0.365852952003479
2026-07-08 16:00:00,3400.01,1.512965,0.42787912487983704
2026-07-08 17:00:00,3449.99,0.768222,0.5035481452941895
2026-07-08 18:00:00,3323.7,0.165877,0.5246390700340271
2026-07-08 19:00:00,4000.0,0.018597000000000002,0.5287449955940247
2026-07-08 20:00:00,4497.79,0.0,0.5601099729537964
2026-07-08 21:00:00,4300.01,0.0,0.49061042070388794
2026-07-08 22:00:00,3686.23,0.0,0.48583635687828064
2026-07-08 23:00:00,3323.7,0.0,0.4646877348423004
2026-07-09 00:00:00,3600.01,0.0,0.3233714699745178
2026-07-09 01:00:00,3618.42,0.0,0.2219470739364624
2026-07-09 02:00:00,3055.01,0.0,0.20767591893672943
2026-07-09 03:00:00,3014.09,0.0,0.20831385254859924
2026-07-09 04:00:00,4000.0,0.0,0.20928141474723816
2026-07-09 05:00:00,3613.15,0.042883000000000004,0.21512936055660248
2026-07-09 06:00:00,3897.18,0.452621,0.23986577987670898
2026-07-09 07:00:00,2050.01,1.161623,0.40269044041633606
2026-07-09 08:00:00,3336.04,1.787277,0.4768279194831848
2026-07-09 09:00:00,2767.37,2.2776359999999998,0.482276976108551
2026-07-09 10:00:00,2000.01,2.608641,0.4584610164165497
2026-07-09 11:00:00,1899.99,2.808941,0.4317503273487091
2026-07-09 12:00:00,1475.99,2.836955,0.4098956882953644
2026-07-09 13:00:00,2413.63,2.7145129999999997,0.44226938486099243
2026-07-09 14:00:00,3478.04,2.44045,0.41760721802711487
2026-07-09 15:00:00,3200.01,2.005233,0.38245052099227905
2026-07-09 16:00:00,3500.0,1.442346,0.41222378611564636
2026-07-09 17:00:00,3600.0,0.744282,0.47071555256843567
2026-07-09 18:00:00,3457.18,0.182038,0.5106577277183533
2026-07-09 19:00:00,3377.0,0.016316,0.5147078037261963
2026-07-09 20:00:00,4300.0,0.0,0.5588763356208801
2026-07-09 21:00:00,4300.01,0.0,0.47855299711227417
2026-07-09 22:00:00,3691.99,0.0,0.4688299596309662
2026-07-09 23:00:00,3603.81,0.0,0.41760510206222534
2026-07-10 00:00:00,3325.0,0.0,0.28805238008499146
2026-07-10 01:00:00,3600.0,0.0,0.22253291308879852
2026-07-10 02:00:00,3400.0,0.0,0.20791663229465485
2026-07-10 03:00:00,3325.01,0.0,0.20724274218082428
2026-07-10 04:00:00,4100.01,0.0,0.20562885701656342
2026-07-10 05:00:00,3553.5,0.047216,0.21668247878551483
2026-07-10 06:00:00,2895.45,0.454555,0.23746660351753235
2026-07-10 07:00:00,2050.01,1.1901469999999998,0.3812204897403717
2026-07-10 08:00:00,3932.88,1.873577,0.447581022977829
2026-07-10 09:00:00,3719.09,2.403895,0.42770659923553467
2026-07-10 10:00:00,2399.99,2.7946050000000002,0.4790603220462799
2026-07-10 11:00:00,2600.0,3.012428,0.41644302010536194
2026-07-10 12:00:00,1400.0,3.061692,0.42568856477737427
2026-07-10 13:00:00,1499.98,2.928405,0.4166909456253052
2026-07-10 14:00:00,3325.0,2.620584,0.4153825342655182
2026-07-10 15:00:00,3000.01,2.15621,0.32879820466041565
2026-07-10 16:00:00,3325.0,1.5411620000000001,0.3798695504665375
2026-07-10 17:00:00,3000.01,0.778255,0.4357113540172577
2026-07-10 18:00:00,3000.01,0.17369300000000001,0.49231138825416565
2026-07-10 19:00:00,3797.99,0.018511,0.4847646653652191
2026-07-10 20:00:00,4295.0,0.0,0.5071137547492981
2026-07-10 21:00:00,4021.01,0.0,0.5001325607299805
2026-07-10 22:00:00,3000.0,0.0,0.4647517502307892
2026-07-10 23:00:00,3400.0,0.0,0.40848708152770996
2026-07-11 00:00:00,3800.0,0.0,0.29737749695777893
2026-07-11 01:00:00,3325.0,0.0,0.2316773533821106
2026-07-11 02:00:00,3449.01,0.0,0.21567264199256897
2026-07-11 03:00:00,3323.69,0.0,0.20551079511642456
2026-07-11 04:00:00,3662.0,0.0,0.2050059586763382
2026-07-11 05:00:00,3449.0,0.047555999999999994,0.21040786802768707
2026-07-11 06:00:00,2300.01,0.466494,0.22612938284873962
2026-07-11 07:00:00,1000.0,1.227351,0.2823091745376587
2026-07-11 08:00:00,1850.0,1.9258979999999999,0.42178258299827576
2026-07-11 09:00:00,1721.43,2.467916,0.4553951323032379
2026-07-11 10:00:00,1499.98,2.856506,0.44666787981987
2026-07-11 11:00:00,1400.0,3.0841260000000004,0.4018254280090332
2026-07-11 12:00:00,500.0,3.1304540000000003,0.39837777614593506
2026-07-11 13:00:00,999.94,2.9901269999999998,0.3703742027282715
2026-07-11 14:00:00,1200.0,2.66812,0.39793363213539124
2026-07-11 15:00:00,1064.54,2.187869,0.3775829076766968
2026-07-11 16:00:00,1500.0,1.571056,0.4162933826446533
2026-07-11 17:00:00,2718.55,0.789654,0.491467148065567
2026-07-11 18:00:00,3200.0,0.156155,0.5203880071640015
2026-07-11 19:00:00,3325.0,0.018539,0.5267828702926636
2026-07-11 20:00:00,4500.0,0.0,0.505111038684845
2026-07-11 21:00:00,4450.01,0.0,0.44993388652801514
2026-07-11 22:00:00,3000.0,0.0,0.43476182222366333
2026-07-11 23:00:00,2800.47,0.0,0.428544819355011
2026-07-12 00:00:00,3570.33,0.0,0.3002273440361023
2026-07-12 01:00:00,3449.01,0.0,0.24587346613407135
2026-07-12 02:00:00,3449.0,0.0,0.21505938470363617
2026-07-12 03:00:00,3400.01,0.0,0.20447741448879242
2026-07-12 04:00:00,3399.89,0.0,0.20320925116539001
2026-07-12 05:00:00,2698.0,0.049733,0.21156972646713257
2026-07-12 06:00:00,3300.0,0.45691000000000004,0.22153212130069733
2026-07-12 07:00:00,1498.88,1.1897639999999998,0.2766542434692383
2026-07-12 08:00:00,240.0,1.858644,0.413380891084671
2026-07-12 09:00:00,171.01,2.3678470000000003,0.4363984763622284
2026-07-12 10:00:00,170.0,2.720647,0.45945441722869873
2026-07-12 11:00:00,170.99,2.910589,0.44951796531677246
2026-07-12 12:00:00,170.01,2.948828,0.4597824811935425
2026-07-12 13:00:00,174.99,2.826205,0.3615110218524933
2026-07-12 14:00:00,200.0,2.5384189999999998,0.3720608055591583
2026-07-12 15:00:00,222.0,2.0982979999999998,0.37848544120788574
2026-07-12 16:00:00,499.0,1.505758,0.4005674421787262
2026-07-12 17:00:00,1898.88,0.764182,0.4754082262516022
2026-07-12 18:00:00,3000.0,0.176573,0.4965813457965851
2026-07-12 19:00:00,3200.0,0.016536000000000002,0.5290745496749878
2026-07-12 20:00:00,4140.0,0.0,0.4859519600868225
2026-07-12 21:00:00,4151.0,0.0,0.4433407187461853
2026-07-12 22:00:00,3399.88,0.0,0.4315629005432129
2026-07-12 23:00:00,3474.9,0.0,0.39556407928466797
2026-07-13 00:00:00,3599.99,0.0,0.25197142362594604
2026-07-13 01:00:00,3191.27,0.0,0.21474774181842804
2026-07-13 02:00:00,2800.48,0.0,0.2038734257221222
2026-07-13 03:00:00,3400.01,0.0,0.19996678829193115
2026-07-13 04:00:00,3151.66,0.0,0.20199765264987946
2026-07-13 05:00:00,2800.48,0.044937,0.20593547821044922
2026-07-13 06:00:00,1799.97,0.43979399999999996,0.22857891023159027
2026-07-13 07:00:00,1000.0,1.1524539999999999,0.3836110532283783
2026-07-13 08:00:00,2199.01,1.798133,0.45662400126457214
2026-07-13 09:00:00,1990.0,2.299687,0.41626468300819397
2026-07-13 10:00:00,1476.0,2.6482069999999998,0.449553906917572
2026-07-13 11:00:00,1515.01,2.852187,0.4692368805408478
2026-07-13 12:00:00,1000.0,2.881287,0.43063023686408997
2026-07-13 13:00:00,1499.99,2.753783,0.4295588433742523
2026-07-13 14:00:00,2399.68,2.463217,0.4112197458744049
2026-07-13 15:00:00,1849.99,2.009934,0.3410564363002777
2026-07-13 16:00:00,3150.0,1.432904,0.42186811566352844
2026-07-13 17:00:00,3325.01,0.733373,0.45815032720565796
2026-07-13 18:00:00,2050.01,0.195101,0.523892879486084
2026-07-13 19:00:00,3650.99,0.012615,0.532249391078949
2026-07-13 20:00:00,4500.0,0.0,0.5317426323890686
2026-07-13 21:00:00,4488.89,0.0,0.5049595236778259
2026-07-13 22:00:00,3349.01,0.0,0.5028773546218872
2026-07-13 23:00:00,2938.85,0.0,0.4380020201206207
2026-07-14 00:00:00,3875.99,0.0,0.26898396015167236
2026-07-14 01:00:00,3457.17,0.0,0.21534687280654907
2026-07-14 02:00:00,3000.0,0.0,0.21379391849040985
2026-07-14 03:00:00,3325.0,0.0,0.20465649664402008
2026-07-14 04:00:00,3499.72,0.0,0.20425055921077728
2026-07-14 05:00:00,2999.99,0.048769,0.21004146337509155
2026-07-14 06:00:00,2198.0,0.084821,0.23445755243301392
2026-07-14 07:00:00,1200.0,1.093705,0.43851977586746216
2026-07-14 08:00:00,2050.01,1.7460550000000001,0.47530439496040344
2026-07-14 09:00:00,2050.01,0.701562,0.46466636657714844
2026-07-14 10:00:00,1499.98,0.7813920000000001,0.4668322801589966
2026-07-14 11:00:00,1799.98,2.9013,0.43675315380096436
2026-07-14 12:00:00,899.99,2.9558240000000002,0.4225742220878601
2026-07-14 13:00:00,1400.0,1.9873969999999999,0.40564998984336853
2026-07-14 14:00:00,1799.97,2.533067,0.3984273076057434
2026-07-14 15:00:00,1650.0,2.073315,0.37230804562568665
2026-07-14 16:00:00,2305.0,1.4796669999999998,0.4352547824382782
2026-07-14 17:00:00,2800.48,0.758302,0.5098194479942322
2026-07-14 18:00:00,2925.0,0.19591399999999998,0.5327286124229431
2026-07-14 19:00:00,3299.99,0.016827,0.5045793652534485
2026-07-14 20:00:00,4356.0,0.0,0.5285993218421936
2026-07-14 21:00:00,4400.0,0.0,0.49092501401901245
2026-07-14 22:00:00,3599.99,0.0,0.4755207896232605
2026-07-14 23:00:00,3000.01,0.0,0.4375992715358734
2026-07-15 00:00:00,3325.0,0.0,0.28789761662483215
2026-07-15 01:00:00,2717.2,0.0,0.2211482971906662
2026-07-15 02:00:00,2153.64,0.0,0.20719090104103088
2026-07-15 03:00:00,2900.0,0.0,0.21209537982940674
2026-07-15 04:00:00,2717.19,0.0,0.2062581330537796
2026-07-15 05:00:00,2108.0,0.040458,0.2085028737783432
2026-07-15 06:00:00,2108.0,0.434808,0.23414741456508636
2026-07-15 07:00:00,999.94,0.9393579999999999,0.4042152762413025
2026-07-15 08:00:00,1499.98,1.854831,0.4724653661251068
2026-07-15 09:00:00,1499.97,1.761026,0.46995043754577637
2026-07-15 10:00:00,1001.0,1.9109939999999999,0.44747233390808105
2026-07-15 11:00:00,1274.99,2.342858,0.3987793028354645
2026-07-15 12:00:00,521.43,3.048741,0.43380144238471985
2026-07-15 13:00:00,1274.99,2.912841,0.4306486248970032
2026-07-15 14:00:00,2300.01,2.589149,0.3828585743904114
2026-07-15 15:00:00,2108.01,2.1219259999999998,0.365852952003479
2026-07-15 16:00:00,1400.01,1.513431,0.42787912487983704
2026-07-15 17:00:00,2108.01,0.7739450000000001,0.5035481452941895
2026-07-15 18:00:00,2900.01,0.187328,0.5246390700340271
2026-07-15 19:00:00,3409.81,0.015098,0.5287449955940247
2026-07-15 20:00:00,4009.65,0.0,0.5601099729537964
2026-07-15 21:00:00,3941.74,0.0,0.49061042070388794
2026-07-15 22:00:00,3299.99,0.0,0.48583635687828064
2026-07-15 23:00:00,3000.01,0.0,0.4646877348423004
